{
"type": "FeatureCollection",
"name": "my_file_gdf_old",
"crs": { "type": "name", "properties": { "name": "urn:ogc:def:crs:OGC:1.3:CRS84" } },
"features": [
{ "type": "Feature", "properties": { "SDOC_ID": 2134168, "SDOC_NAME": "0147_6 F Looe", "SOURCE_NAM": "RSDRA2019000295185", "SDT_ID": 1950, "SDT_NAME": "UKHO Chart - Panel", "DATUM": "D_WGS_1984", "CRS_ID": 432627, "CRS_PARAMS": "PROJCS[\"WGS84_Transverse_Mercator\",GEOGCS[\"GCS_WGS_1984\",DATUM[\"D_WGS_1984\",SPHEROID[\"WGS_1984\",6378137.0,298.257223563]],PRIMEM[\"Greenwich\",0.0],UNIT[\"Degree\",0.0174532925199433]],PROJECTION[\"Transverse_Mercator\"],PARAMETER[\"False_Easting\",500000.0],PAR", "PUBLICATIO": "2017-02-09T00:00:00", "RECEIPTDAT": "2019-12-09T00:00:00", "UKHOVERSIO": "Current Version", "PRODUCEDBY": "UK Hydrographic Office", "PRODUCED_1": null, "PRODUCED_2": null, "IPROWNER1": "UK Hydrographic Office", "PROTECTIVE": "UNCLASSIFIED", "AUTHORITAT": "Yes", "SUBJECTMAT": null, "SUBJECTM_1": null, "SUBJECTM_2": null, "SUPPLIEDBY": null, "SUPPLIED_1": null, "SUPPLIED_2": null, "SUPPLIED_3": null, "SUPPLIED_4": null, "SCALE": 5000.0, "DEPTHUNITS": "Metres / Metres & Decimals", "SPATIALREF": 0.0, "VALIDATED": "Yes", "CHART_PREF": null, "CHART_NUMB": 0.0, "CHART_SUFF": null, "CHART_TYPE": null, "CHART_CORR": 0.0, "CHART_CO_1": 0.0, "CHART_REVI": null, "CHART_CANC": null, "CHART_INTN": 0.0, "CHART_MAIN": null, "CHART_GENE": null, "CHART_SPEC": null, "CHART_SP_1": null, "PANEL_CHAR": null, "PANEL_CH_1": 147.0, "PANEL_CH_2": null, "PANEL_IDEN": "0147_6", "PANEL_MAIN": "F Looe", "PANEL_GENE": null, "PANEL_MULT": "No", "PANEL_SPEC": null, "PANEL_SP_1": null, "PUBLICAT_1": 0.0, "PUBLICAT_2": null, "PUBLICAT_3": null, "PUBLICAT_4": null, "PUBLICAT_5": null, "GBENC_CELL": null, "GBENC_EDIT": null, "GBENC_FILE": null, "GBENC_ISSU": null, "GBENC_NAVP": null, "GBENC_UPDA": null, "GBENC_UP_1": null, "STATUS": "ASSESS_CLOSED", "STATUS_OP": 10738, "STATUS_DAT": "2019-12-09T00:00:00", "GEO_ID": 1836968, "SHAPE_AREA": 0.0, "SHAPE_LEN": 0.0 }, "geometry": { "type": "Polygon", "coordinates": [ [ [ -4.459444779722389, 50.34330114665056 ], [ -4.459445785556227, 50.357242003620996 ], [ -4.442085093542545, 50.357242003620996 ], [ -4.442082076041032, 50.34330114665056 ], [ -4.459444779722389, 50.34330114665056 ] ] ] } },
{ "type": "Feature", "properties": { "SDOC_ID": 2517305, "SDOC_NAME": "2345_8 H Porthleven", "SOURCE_NAM": "RSDRA2024000025479", "SDT_ID": 1950, "SDT_NAME": "UKHO Chart - Panel", "DATUM": "D_WGS_1984", "CRS_ID": 432627, "CRS_PARAMS": "PROJCS[\"WGS84_Transverse_Mercator\",GEOGCS[\"GCS_WGS_1984\",DATUM[\"D_WGS_1984\",SPHEROID[\"WGS_1984\",6378137.0,298.257223563]],PRIMEM[\"Greenwich\",0.0],UNIT[\"Degree\",0.0174532925199433]],PROJECTION[\"Transverse_Mercator\"],PARAMETER[\"False_Easting\",500000.0],PAR", "PUBLICATIO": "2017-07-13T00:00:00", "RECEIPTDAT": "2024-01-29T00:00:00", "UKHOVERSIO": "Current Version", "PRODUCEDBY": "UK Hydrographic Office", "PRODUCED_1": null, "PRODUCED_2": null, "IPROWNER1": "UK Hydrographic Office", "PROTECTIVE": "UNCLASSIFIED", "AUTHORITAT": "Yes", "SUBJECTMAT": null, "SUBJECTM_1": null, "SUBJECTM_2": null, "SUPPLIEDBY": null, "SUPPLIED_1": null, "SUPPLIED_2": null, "SUPPLIED_3": null, "SUPPLIED_4": null, "SCALE": 5000.0, "DEPTHUNITS": "Metres / Metres & Decimals", "SPATIALREF": 0.0, "VALIDATED": "Yes", "CHART_PREF": null, "CHART_NUMB": 0.0, "CHART_SUFF": null, "CHART_TYPE": null, "CHART_CORR": 0.0, "CHART_CO_1": 0.0, "CHART_REVI": null, "CHART_CANC": null, "CHART_INTN": 0.0, "CHART_MAIN": null, "CHART_GENE": null, "CHART_SPEC": null, "CHART_SP_1": null, "PANEL_CHAR": null, "PANEL_CH_1": 2345.0, "PANEL_CH_2": null, "PANEL_IDEN": "2345_8", "PANEL_MAIN": "H Porthleven", "PANEL_GENE": null, "PANEL_MULT": "No", "PANEL_SPEC": null, "PANEL_SP_1": null, "PUBLICAT_1": 0.0, "PUBLICAT_2": null, "PUBLICAT_3": null, "PUBLICAT_4": null, "PUBLICAT_5": null, "GBENC_CELL": null, "GBENC_EDIT": null, "GBENC_FILE": null, "GBENC_ISSU": null, "GBENC_NAVP": null, "GBENC_UPDA": null, "GBENC_UP_1": null, "STATUS": "ASSESS_CLOSED", "STATUS_OP": 29636, "STATUS_DAT": "2024-01-29T00:00:00", "GEO_ID": 1878856, "SHAPE_AREA": 0.0, "SHAPE_LEN": 0.0 }, "geometry": { "type": "Polygon", "coordinates": [ [ [ -5.324271776302567, 50.079920539126931 ], [ -5.324272782136404, 50.085461677730848 ], [ -5.315190102595039, 50.085461677730848 ], [ -5.315191108428877, 50.079920539126931 ], [ -5.324271776302567, 50.079920539126931 ] ] ] } },
{ "type": "Feature", "properties": { "SDOC_ID": 2578529, "SDOC_NAME": "1182_1 A Barry Docks", "SOURCE_NAM": "RSDRA2024000262626", "SDT_ID": 1950, "SDT_NAME": "UKHO Chart - Panel", "DATUM": "European Terrestrial Reference System 1989", "CRS_ID": 500650, "CRS_PARAMS": "PROJCS[\"ETRS 89 / TM Projection\",GEOGCS[\"ETRS89\",DATUM[\"European Terrestrial Reference System 1989\",SPHEROID[\"GRS_1980\",6378137.0,298.257222101]],PRIMEM[\"Greenwich\",0.0],UNIT[\"Degree\",0.0174532925199433]],PROJECTION[\"Transverse_Mercator\"],PARAMETER[\"Fals", "PUBLICATIO": "2019-05-23T00:00:00", "RECEIPTDAT": "2024-09-17T00:00:00", "UKHOVERSIO": "Current Version", "PRODUCEDBY": "UK Hydrographic Office", "PRODUCED_1": "RT1W", "PRODUCED_2": null, "IPROWNER1": "UK Hydrographic Office", "PROTECTIVE": "UNCLASSIFIED", "AUTHORITAT": "Yes", "SUBJECTMAT": null, "SUBJECTM_1": null, "SUBJECTM_2": null, "SUPPLIEDBY": null, "SUPPLIED_1": null, "SUPPLIED_2": null, "SUPPLIED_3": null, "SUPPLIED_4": null, "SCALE": 12500.0, "DEPTHUNITS": "Metres / Metres & Decimals", "SPATIALREF": 0.0, "VALIDATED": "Yes", "CHART_PREF": null, "CHART_NUMB": 0.0, "CHART_SUFF": null, "CHART_TYPE": null, "CHART_CORR": 0.0, "CHART_CO_1": 0.0, "CHART_REVI": null, "CHART_CANC": null, "CHART_INTN": 0.0, "CHART_MAIN": null, "CHART_GENE": null, "CHART_SPEC": null, "CHART_SP_1": null, "PANEL_CHAR": null, "PANEL_CH_1": 1182.0, "PANEL_CH_2": null, "PANEL_IDEN": "1182_1", "PANEL_MAIN": "A Barry Docks", "PANEL_GENE": null, "PANEL_MULT": "No", "PANEL_SPEC": null, "PANEL_SP_1": null, "PUBLICAT_1": 0.0, "PUBLICAT_2": null, "PUBLICAT_3": null, "PUBLICAT_4": null, "PUBLICAT_5": null, "GBENC_CELL": null, "GBENC_EDIT": null, "GBENC_FILE": null, "GBENC_ISSU": null, "GBENC_NAVP": null, "GBENC_UPDA": null, "GBENC_UP_1": null, "STATUS": "ASSESS_CLOSED", "STATUS_OP": 29636, "STATUS_DAT": "2024-09-17T00:00:00", "GEO_ID": 2058911, "SHAPE_AREA": 0.0, "SHAPE_LEN": 0.0 }, "geometry": { "type": "Polygon", "coordinates": [ [ [ -3.292104204385424, 51.374826996580168 ], [ -3.292089116877889, 51.406143633071821 ], [ -3.234592637296316, 51.406143633071821 ], [ -3.234579561456457, 51.374822973244818 ], [ -3.292104204385424, 51.374826996580168 ] ] ] } },
{ "type": "Feature", "properties": { "SDOC_ID": 2646838, "SDOC_NAME": "5603_12_0 Saint Martin's and the Eastern Isles", "SOURCE_NAM": "RSDRA2025000244770", "SDT_ID": 1950, "SDT_NAME": "UKHO Chart - Panel", "DATUM": "D_WGS_1984", "CRS_ID": 432627, "CRS_PARAMS": "PROJCS[\"WGS84_Transverse_Mercator\",GEOGCS[\"GCS_WGS_1984\",DATUM[\"D_WGS_1984\",SPHEROID[\"WGS_1984\",6378137.0,298.257223563]],PRIMEM[\"Greenwich\",0.0],UNIT[\"Degree\",0.0174532925199433]],PROJECTION[\"Transverse_Mercator\"],PARAMETER[\"False_Easting\",0.0],PARAMETE", "PUBLICATIO": "2021-11-25T00:00:00", "RECEIPTDAT": "2025-04-24T00:00:00", "UKHOVERSIO": "Current Version", "PRODUCEDBY": "UK Hydrographic Office", "PRODUCED_1": null, "PRODUCED_2": null, "IPROWNER1": "UK Hydrographic Office", "PROTECTIVE": "UNCLASSIFIED", "AUTHORITAT": "Yes", "SUBJECTMAT": null, "SUBJECTM_1": null, "SUBJECTM_2": null, "SUPPLIEDBY": null, "SUPPLIED_1": null, "SUPPLIED_2": null, "SUPPLIED_3": null, "SUPPLIED_4": null, "SCALE": 12500.0, "DEPTHUNITS": "Metres / Metres & Decimals", "SPATIALREF": 0.0, "VALIDATED": "Yes", "CHART_PREF": null, "CHART_NUMB": 0.0, "CHART_SUFF": null, "CHART_TYPE": null, "CHART_CORR": 0.0, "CHART_CO_1": 0.0, "CHART_REVI": null, "CHART_CANC": null, "CHART_INTN": 0.0, "CHART_MAIN": null, "CHART_GENE": null, "CHART_SPEC": null, "CHART_SP_1": null, "PANEL_CHAR": null, "PANEL_CH_1": 5603.0, "PANEL_CH_2": "_12", "PANEL_IDEN": "5603_12_0", "PANEL_MAIN": "Saint Martin's and the Eastern Isles", "PANEL_GENE": null, "PANEL_MULT": "No", "PANEL_SPEC": null, "PANEL_SP_1": null, "PUBLICAT_1": 0.0, "PUBLICAT_2": null, "PUBLICAT_3": null, "PUBLICAT_4": null, "PUBLICAT_5": null, "GBENC_CELL": null, "GBENC_EDIT": null, "GBENC_FILE": null, "GBENC_ISSU": null, "GBENC_NAVP": null, "GBENC_UPDA": null, "GBENC_UP_1": null, "STATUS": "ASSESS_CLOSED", "STATUS_OP": 26334, "STATUS_DAT": "2025-04-24T00:00:00", "GEO_ID": 2296204, "SHAPE_AREA": 0.0, "SHAPE_LEN": 0.0 }, "geometry": { "type": "Polygon", "coordinates": [ [ [ -6.251283443975069, 49.982186682760016 ], [ -6.251281432307394, 49.920834842084076 ], [ -6.318465097565877, 49.920834842084076 ], [ -6.318464091732039, 49.982185676926179 ], [ -6.314996982498485, 49.982187688593854 ], [ -6.314996982498485, 49.98273989136996 ], [ -6.31167370750353, 49.982740897203769 ], [ -6.31167370750353, 49.982179641923153 ], [ -6.251283443975069, 49.982186682760016 ] ] ] } },
{ "type": "Feature", "properties": { "SDOC_ID": 2649243, "SDOC_NAME": "5608_2_2 B Boscastle to Hartland Point", "SOURCE_NAM": "RSDRA2025000253553", "SDT_ID": 1950, "SDT_NAME": "UKHO Chart - Panel", "DATUM": "D_WGS_1984", "CRS_ID": 432612, "CRS_PARAMS": "PROJCS[\"WGS84_Mercator\",GEOGCS[\"GCS_WGS_1984\",DATUM[\"D_WGS_1984\",SPHEROID[\"WGS_1984\",6378137.0,298.257223563]],PRIMEM[\"Greenwich\",0.0],UNIT[\"Degree\",0.0174532925199433]],PROJECTION[\"Mercator\"],PARAMETER[\"False_Easting\",0.0],PARAMETER[\"False_Northing\",0.0", "PUBLICATIO": "2021-10-28T00:00:00", "RECEIPTDAT": "2025-05-07T00:00:00", "UKHOVERSIO": "Current Version", "PRODUCEDBY": "UK Hydrographic Office", "PRODUCED_1": null, "PRODUCED_2": null, "IPROWNER1": "UK Hydrographic Office", "PROTECTIVE": "UNCLASSIFIED", "AUTHORITAT": "Yes", "SUBJECTMAT": null, "SUBJECTM_1": null, "SUBJECTM_2": null, "SUPPLIEDBY": null, "SUPPLIED_1": null, "SUPPLIED_2": null, "SUPPLIED_3": null, "SUPPLIED_4": null, "SCALE": 75000.0, "DEPTHUNITS": "Metres / Metres & Decimals", "SPATIALREF": 0.0, "VALIDATED": "Yes", "CHART_PREF": null, "CHART_NUMB": 0.0, "CHART_SUFF": null, "CHART_TYPE": null, "CHART_CORR": 0.0, "CHART_CO_1": 0.0, "CHART_REVI": null, "CHART_CANC": null, "CHART_INTN": 0.0, "CHART_MAIN": null, "CHART_GENE": null, "CHART_SPEC": null, "CHART_SP_1": null, "PANEL_CHAR": null, "PANEL_CH_1": 5608.0, "PANEL_CH_2": "_2", "PANEL_IDEN": "5608_2_2", "PANEL_MAIN": "B Boscastle to Hartland Point", "PANEL_GENE": null, "PANEL_MULT": "No", "PANEL_SPEC": null, "PANEL_SP_1": null, "PUBLICAT_1": 0.0, "PUBLICAT_2": null, "PUBLICAT_3": null, "PUBLICAT_4": null, "PUBLICAT_5": null, "GBENC_CELL": null, "GBENC_EDIT": null, "GBENC_FILE": null, "GBENC_ISSU": null, "GBENC_NAVP": null, "GBENC_UPDA": null, "GBENC_UP_1": null, "STATUS": "ASSESS_CLOSED", "STATUS_OP": 20300, "STATUS_DAT": "2025-05-07T00:00:00", "GEO_ID": 2286332, "SHAPE_AREA": 0.0, "SHAPE_LEN": 0.0 }, "geometry": { "type": "Polygon", "coordinates": [ [ [ -4.824994970830829, 50.685027157513588 ], [ -4.824958760812706, 50.703084892375784 ], [ -4.673549587608136, 50.828265942466317 ], [ -4.673552605109649, 50.921836652585 ], [ -4.624215449607732, 51.007853550593438 ], [ -4.624330114665071, 51.054171192918943 ], [ -4.500901227117282, 51.05417320458659 ], [ -4.500958559645937, 50.685049285857986 ], [ -4.824994970830829, 50.685027157513588 ] ] ] } },
{ "type": "Feature", "properties": { "SDOC_ID": 2670028, "SDOC_NAME": "5603_9_0 Isles of Scilly Northern Part", "SOURCE_NAM": "RSDRA2025000358303", "SDT_ID": 1950, "SDT_NAME": "UKHO Chart - Panel", "DATUM": "D_WGS_1984", "CRS_ID": 432627, "CRS_PARAMS": "PROJCS[\"WGS84_Transverse_Mercator\",GEOGCS[\"GCS_WGS_1984\",DATUM[\"D_WGS_1984\",SPHEROID[\"WGS_1984\",6378137.0,298.257223563]],PRIMEM[\"Greenwich\",0.0],UNIT[\"Degree\",0.0174532925199433]],PROJECTION[\"Transverse_Mercator\"],PARAMETER[\"False_Easting\",0.0],PARAMETE", "PUBLICATIO": "2021-11-25T00:00:00", "RECEIPTDAT": "2025-07-15T00:00:00", "UKHOVERSIO": "Current Version", "PRODUCEDBY": "UK Hydrographic Office", "PRODUCED_1": null, "PRODUCED_2": null, "IPROWNER1": "UK Hydrographic Office", "PROTECTIVE": "UNCLASSIFIED", "AUTHORITAT": "Yes", "SUBJECTMAT": null, "SUBJECTM_1": null, "SUBJECTM_2": null, "SUPPLIEDBY": null, "SUPPLIED_1": null, "SUPPLIED_2": null, "SUPPLIED_3": null, "SUPPLIED_4": null, "SCALE": 25000.0, "DEPTHUNITS": "Metres / Metres & Decimals", "SPATIALREF": 0.0, "VALIDATED": "Yes", "CHART_PREF": null, "CHART_NUMB": 0.0, "CHART_SUFF": null, "CHART_TYPE": null, "CHART_CORR": 0.0, "CHART_CO_1": 0.0, "CHART_REVI": null, "CHART_CANC": null, "CHART_INTN": 0.0, "CHART_MAIN": null, "CHART_GENE": null, "CHART_SPEC": null, "CHART_SP_1": null, "PANEL_CHAR": null, "PANEL_CH_1": 5603.0, "PANEL_CH_2": "_9", "PANEL_IDEN": "5603_9_0", "PANEL_MAIN": "Isles of Scilly Northern Part", "PANEL_GENE": null, "PANEL_MULT": "No", "PANEL_SPEC": null, "PANEL_SP_1": null, "PUBLICAT_1": 0.0, "PUBLICAT_2": null, "PUBLICAT_3": null, "PUBLICAT_4": null, "PUBLICAT_5": null, "GBENC_CELL": null, "GBENC_EDIT": null, "GBENC_FILE": null, "GBENC_ISSU": null, "GBENC_NAVP": null, "GBENC_UPDA": null, "GBENC_UP_1": null, "STATUS": "ASSESS_CLOSED", "STATUS_OP": 3512, "STATUS_DAT": "2025-07-15T00:00:00", "GEO_ID": 2296194, "SHAPE_AREA": 0.0, "SHAPE_LEN": 0.0 }, "geometry": { "type": "Polygon", "coordinates": [ [ [ -6.217696640514987, 49.992056930195133 ], [ -6.217689599678124, 49.908481190907253 ], [ -6.413612955139797, 49.908480185073415 ], [ -6.413605914302963, 49.992056930195133 ], [ -6.217696640514987, 49.992056930195133 ] ] ] } },
{ "type": "Feature", "properties": { "SDOC_ID": 2675708, "SDOC_NAME": "5602_5_3 C Penryn Harbour", "SOURCE_NAM": "RSDRA2025000387343", "SDT_ID": 1950, "SDT_NAME": "UKHO Chart - Panel", "DATUM": "D_WGS_1984", "CRS_ID": 432627, "CRS_PARAMS": "PROJCS[\"WGS84_Transverse_Mercator\",GEOGCS[\"GCS_WGS_1984\",DATUM[\"D_WGS_1984\",SPHEROID[\"WGS_1984\",6378137.0,298.257223563]],PRIMEM[\"Greenwich\",0.0],UNIT[\"Degree\",0.0174532925199433]],PROJECTION[\"Transverse_Mercator\"],PARAMETER[\"False_Easting\",0.0],PARAMETE", "PUBLICATIO": "2025-06-26T00:00:00", "RECEIPTDAT": "2025-08-05T00:00:00", "UKHOVERSIO": "Current Version", "PRODUCEDBY": "UK Hydrographic Office", "PRODUCED_1": null, "PRODUCED_2": null, "IPROWNER1": "UK Hydrographic Office", "PROTECTIVE": "UNCLASSIFIED", "AUTHORITAT": "Yes", "SUBJECTMAT": null, "SUBJECTM_1": null, "SUBJECTM_2": null, "SUPPLIEDBY": null, "SUPPLIED_1": null, "SUPPLIED_2": null, "SUPPLIED_3": null, "SUPPLIED_4": null, "SCALE": 12500.0, "DEPTHUNITS": "Metres / Metres & Decimals", "SPATIALREF": 0.0, "VALIDATED": "Yes", "CHART_PREF": null, "CHART_NUMB": 0.0, "CHART_SUFF": null, "CHART_TYPE": null, "CHART_CORR": 0.0, "CHART_CO_1": 0.0, "CHART_REVI": null, "CHART_CANC": null, "CHART_INTN": 0.0, "CHART_MAIN": null, "CHART_GENE": null, "CHART_SPEC": null, "CHART_SP_1": null, "PANEL_CHAR": null, "PANEL_CH_1": 5602.0, "PANEL_CH_2": "_5", "PANEL_IDEN": "5602_5_3", "PANEL_MAIN": "C Penryn Harbour", "PANEL_GENE": null, "PANEL_MULT": "No", "PANEL_SPEC": null, "PANEL_SP_1": null, "PUBLICAT_1": 0.0, "PUBLICAT_2": null, "PUBLICAT_3": null, "PUBLICAT_4": null, "PUBLICAT_5": null, "GBENC_CELL": null, "GBENC_EDIT": null, "GBENC_FILE": null, "GBENC_ISSU": null, "GBENC_NAVP": null, "GBENC_UPDA": null, "GBENC_UP_1": null, "STATUS": "ASSESS_CLOSED", "STATUS_OP": 29636, "STATUS_DAT": "2025-08-05T00:00:00", "GEO_ID": 2643086, "SHAPE_AREA": 0.0, "SHAPE_LEN": 0.0 }, "geometry": { "type": "Polygon", "coordinates": [ [ [ -5.101666666666659, 50.163667270166968 ], [ -5.101666666666659, 50.170832830416401 ], [ -5.085, 50.170832830416401 ], [ -5.085, 50.163667270166968 ], [ -5.101666666666659, 50.163667270166968 ] ] ] } },
{ "type": "Feature", "properties": { "SDOC_ID": 2682552, "SDOC_NAME": "0032_3 C Continuation of River Fal (Ruan Creek)", "SOURCE_NAM": "RSDRA2025000424443", "SDT_ID": 1950, "SDT_NAME": "UKHO Chart - Panel", "DATUM": "D_WGS_1984", "CRS_ID": 432627, "CRS_PARAMS": "PROJCS[\"WGS84_Transverse_Mercator\",GEOGCS[\"GCS_WGS_1984\",DATUM[\"D_WGS_1984\",SPHEROID[\"WGS_1984\",6378137.0,298.257223563]],PRIMEM[\"Greenwich\",0.0],UNIT[\"Degree\",0.0174532925199433]],PROJECTION[\"Transverse_Mercator\"],PARAMETER[\"False_Easting\",0.0],PARAMETE", "PUBLICATIO": "2025-03-27T00:00:00", "RECEIPTDAT": "2025-08-27T00:00:00", "UKHOVERSIO": "Current Version", "PRODUCEDBY": "UK Hydrographic Office", "PRODUCED_1": null, "PRODUCED_2": null, "IPROWNER1": "UK Hydrographic Office", "PROTECTIVE": "UNCLASSIFIED", "AUTHORITAT": "Yes", "SUBJECTMAT": null, "SUBJECTM_1": null, "SUBJECTM_2": null, "SUPPLIEDBY": null, "SUPPLIED_1": null, "SUPPLIED_2": null, "SUPPLIED_3": null, "SUPPLIED_4": null, "SCALE": 20000.0, "DEPTHUNITS": "Metres / Metres & Decimals", "SPATIALREF": 0.0, "VALIDATED": "Yes", "CHART_PREF": null, "CHART_NUMB": 0.0, "CHART_SUFF": null, "CHART_TYPE": null, "CHART_CORR": 0.0, "CHART_CO_1": 0.0, "CHART_REVI": null, "CHART_CANC": null, "CHART_INTN": 0.0, "CHART_MAIN": null, "CHART_GENE": null, "CHART_SPEC": null, "CHART_SP_1": null, "PANEL_CHAR": null, "PANEL_CH_1": 32.0, "PANEL_CH_2": null, "PANEL_IDEN": "0032_3", "PANEL_MAIN": "C Continuation of River Fal (Ruan Creek)", "PANEL_GENE": null, "PANEL_MULT": "No", "PANEL_SPEC": null, "PANEL_SP_1": null, "PUBLICAT_1": 0.0, "PUBLICAT_2": null, "PUBLICAT_3": null, "PUBLICAT_4": null, "PUBLICAT_5": null, "GBENC_CELL": null, "GBENC_EDIT": null, "GBENC_FILE": null, "GBENC_ISSU": null, "GBENC_NAVP": null, "GBENC_UPDA": null, "GBENC_UP_1": null, "STATUS": "ASSESS_CLOSED", "STATUS_OP": 3512, "STATUS_DAT": "2025-08-27T00:00:00", "GEO_ID": 2613964, "SHAPE_AREA": 0.0, "SHAPE_LEN": 0.0 }, "geometry": { "type": "Polygon", "coordinates": [ [ [ -4.999536310601485, 50.243253872460258 ], [ -4.951059143029568, 50.243251860792583 ], [ -4.951069201367943, 50.220253470126721 ], [ -4.999535304767647, 50.220249446791399 ], [ -4.999536310601485, 50.243253872460258 ] ] ] } },
{ "type": "Feature", "properties": { "SDOC_ID": 2703591, "SDOC_NAME": "1160_6 F Barnstaple and Bideford", "SOURCE_NAM": "RSDRA2025000526276", "SDT_ID": 1950, "SDT_NAME": "UKHO Chart - Panel", "DATUM": "D_WGS_1984", "CRS_ID": 432627, "CRS_PARAMS": "PROJCS[\"WGS84_Transverse_Mercator\",GEOGCS[\"GCS_WGS_1984\",DATUM[\"D_WGS_1984\",SPHEROID[\"WGS_1984\",6378137.0,298.257223563]],PRIMEM[\"Greenwich\",0.0],UNIT[\"Degree\",0.0174532925199433]],PROJECTION[\"Transverse_Mercator\"],PARAMETER[\"False_Easting\",0.0],PARAMETE", "PUBLICATIO": "2025-11-13T00:00:00", "RECEIPTDAT": "2025-11-03T00:00:00", "UKHOVERSIO": "Current Version", "PRODUCEDBY": "UK Hydrographic Office", "PRODUCED_1": "RT1W", "PRODUCED_2": null, "IPROWNER1": "UK Hydrographic Office", "PROTECTIVE": "UNCLASSIFIED", "AUTHORITAT": "Yes", "SUBJECTMAT": null, "SUBJECTM_1": null, "SUBJECTM_2": null, "SUPPLIEDBY": null, "SUPPLIED_1": null, "SUPPLIED_2": null, "SUPPLIED_3": null, "SUPPLIED_4": null, "SCALE": 25000.0, "DEPTHUNITS": "Metres / Metres & Decimals", "SPATIALREF": 0.0, "VALIDATED": "Yes", "CHART_PREF": null, "CHART_NUMB": 0.0, "CHART_SUFF": null, "CHART_TYPE": null, "CHART_CORR": 0.0, "CHART_CO_1": 0.0, "CHART_REVI": null, "CHART_CANC": null, "CHART_INTN": 0.0, "CHART_MAIN": null, "CHART_GENE": null, "CHART_SPEC": null, "CHART_SP_1": null, "PANEL_CHAR": null, "PANEL_CH_1": 1160.0, "PANEL_CH_2": null, "PANEL_IDEN": "1160_6", "PANEL_MAIN": "F Barnstaple and Bideford", "PANEL_GENE": null, "PANEL_MULT": "No", "PANEL_SPEC": null, "PANEL_SP_1": null, "PUBLICAT_1": 0.0, "PUBLICAT_2": null, "PUBLICAT_3": null, "PUBLICAT_4": null, "PUBLICAT_5": null, "GBENC_CELL": null, "GBENC_EDIT": null, "GBENC_FILE": null, "GBENC_ISSU": null, "GBENC_NAVP": null, "GBENC_UPDA": null, "GBENC_UP_1": null, "STATUS": "ASSESS_CLOSED", "STATUS_OP": 10738, "STATUS_DAT": "2025-11-03T00:00:00", "GEO_ID": 2683715, "SHAPE_AREA": 0.0, "SHAPE_LEN": 0.0 }, "geometry": { "type": "Polygon", "coordinates": [ [ [ -4.281663649165154, 51.130010058338371 ], [ -4.16167169583585, 51.130005029169183 ], [ -4.057237980285663, 51.12999396499697 ], [ -4.057229933614963, 51.056196942265132 ], [ -4.129675115670892, 51.05620599476967 ], [ -4.12968919734459, 51.014995976664665 ], [ -4.281673707503529, 51.014994970830827 ], [ -4.281665660832829, 51.076677730838867 ], [ -4.281663649165154, 51.130010058338371 ] ] ] } },
{ "type": "Feature", "properties": { "SDOC_ID": 2703592, "SDOC_NAME": "1160_7 G Ilfracombe", "SOURCE_NAM": "RSDRA2025000526277", "SDT_ID": 1950, "SDT_NAME": "UKHO Chart - Panel", "DATUM": "D_WGS_1984", "CRS_ID": 432627, "CRS_PARAMS": "PROJCS[\"WGS84_Transverse_Mercator\",GEOGCS[\"GCS_WGS_1984\",DATUM[\"D_WGS_1984\",SPHEROID[\"WGS_1984\",6378137.0,298.257223563]],PRIMEM[\"Greenwich\",0.0],UNIT[\"Degree\",0.0174532925199433]],PROJECTION[\"Transverse_Mercator\"],PARAMETER[\"False_Easting\",0.0],PARAMETE", "PUBLICATIO": "2025-11-13T00:00:00", "RECEIPTDAT": "2025-11-03T00:00:00", "UKHOVERSIO": "Current Version", "PRODUCEDBY": "UK Hydrographic Office", "PRODUCED_1": "RT1W", "PRODUCED_2": null, "IPROWNER1": "UK Hydrographic Office", "PROTECTIVE": "UNCLASSIFIED", "AUTHORITAT": "Yes", "SUBJECTMAT": null, "SUBJECTM_1": null, "SUBJECTM_2": null, "SUPPLIEDBY": null, "SUPPLIED_1": null, "SUPPLIED_2": null, "SUPPLIED_3": null, "SUPPLIED_4": null, "SCALE": 12500.0, "DEPTHUNITS": "Metres / Metres & Decimals", "SPATIALREF": 0.0, "VALIDATED": "Yes", "CHART_PREF": null, "CHART_NUMB": 0.0, "CHART_SUFF": null, "CHART_TYPE": null, "CHART_CORR": 0.0, "CHART_CO_1": 0.0, "CHART_REVI": null, "CHART_CANC": null, "CHART_INTN": 0.0, "CHART_MAIN": null, "CHART_GENE": null, "CHART_SPEC": null, "CHART_SP_1": null, "PANEL_CHAR": null, "PANEL_CH_1": 1160.0, "PANEL_CH_2": null, "PANEL_IDEN": "1160_7", "PANEL_MAIN": "G Ilfracombe", "PANEL_GENE": null, "PANEL_MULT": "No", "PANEL_SPEC": null, "PANEL_SP_1": null, "PUBLICAT_1": 0.0, "PUBLICAT_2": null, "PUBLICAT_3": null, "PUBLICAT_4": null, "PUBLICAT_5": null, "GBENC_CELL": null, "GBENC_EDIT": null, "GBENC_FILE": null, "GBENC_ISSU": null, "GBENC_NAVP": null, "GBENC_UPDA": null, "GBENC_UP_1": null, "STATUS": "ASSESS_CLOSED", "STATUS_OP": 10738, "STATUS_DAT": "2025-11-03T00:00:00", "GEO_ID": 2683716, "SHAPE_AREA": 0.0, "SHAPE_LEN": 0.0 }, "geometry": { "type": "Polygon", "coordinates": [ [ [ -4.12783343391672, 51.204500100583374 ], [ -4.12783343391672, 51.223833232749939 ], [ -4.09350030175014, 51.223833232749939 ], [ -4.09350030175014, 51.204500100583374 ], [ -4.12783343391672, 51.204500100583374 ] ] ] } },
{ "type": "Feature", "properties": { "SDOC_ID": 2707725, "SDOC_NAME": "5608_21_1 A", "SOURCE_NAM": "RSDRA2025000545006", "SDT_ID": 1950, "SDT_NAME": "UKHO Chart - Panel", "DATUM": "D_WGS_1984", "CRS_ID": 432627, "CRS_PARAMS": "PROJCS[\"WGS84_Transverse_Mercator\",GEOGCS[\"GCS_WGS_1984\",DATUM[\"D_WGS_1984\",SPHEROID[\"WGS_1984\",6378137.0,298.257223563]],PRIMEM[\"Greenwich\",0.0],UNIT[\"Degree\",0.0174532925199433]],PROJECTION[\"Transverse_Mercator\"],PARAMETER[\"False_Easting\",0.0],PARAMETE", "PUBLICATIO": "2024-11-14T00:00:00", "RECEIPTDAT": "2025-11-14T00:00:00", "UKHOVERSIO": "Current Version", "PRODUCEDBY": "UK Hydrographic Office", "PRODUCED_1": null, "PRODUCED_2": null, "IPROWNER1": "UK Hydrographic Office", "PROTECTIVE": "UNCLASSIFIED", "AUTHORITAT": "Yes", "SUBJECTMAT": null, "SUBJECTM_1": null, "SUBJECTM_2": null, "SUPPLIEDBY": null, "SUPPLIED_1": null, "SUPPLIED_2": null, "SUPPLIED_3": null, "SUPPLIED_4": null, "SCALE": 25000.0, "DEPTHUNITS": "Metres / Metres & Decimals", "SPATIALREF": 0.0, "VALIDATED": "Yes", "CHART_PREF": null, "CHART_NUMB": 0.0, "CHART_SUFF": null, "CHART_TYPE": null, "CHART_CORR": 0.0, "CHART_CO_1": 0.0, "CHART_REVI": null, "CHART_CANC": null, "CHART_INTN": 0.0, "CHART_MAIN": null, "CHART_GENE": null, "CHART_SPEC": null, "CHART_SP_1": null, "PANEL_CHAR": null, "PANEL_CH_1": 5608.0, "PANEL_CH_2": "_21", "PANEL_IDEN": "5608_21_1", "PANEL_MAIN": "A", "PANEL_GENE": null, "PANEL_MULT": "No", "PANEL_SPEC": null, "PANEL_SP_1": null, "PUBLICAT_1": 0.0, "PUBLICAT_2": null, "PUBLICAT_3": null, "PUBLICAT_4": null, "PUBLICAT_5": null, "GBENC_CELL": null, "GBENC_EDIT": null, "GBENC_FILE": null, "GBENC_ISSU": null, "GBENC_NAVP": null, "GBENC_UPDA": null, "GBENC_UP_1": null, "STATUS": "ASSESS_CLOSED", "STATUS_OP": 20300, "STATUS_DAT": "2025-11-14T00:00:00", "GEO_ID": 2572161, "SHAPE_AREA": 0.0, "SHAPE_LEN": 0.0 }, "geometry": { "type": "Polygon", "coordinates": [ [ [ -2.678827197746926, 51.680723194528269 ], [ -2.513948903641108, 51.680723194528269 ], [ -2.513948903641108, 51.665257493462093 ], [ -2.621254274793813, 51.601520820760413 ], [ -2.6212512572923, 51.597122309394479 ], [ -2.678835244417627, 51.597114262723807 ], [ -2.678827197746926, 51.680723194528269 ] ] ] } },
{ "type": "Feature", "properties": { "SDOC_ID": 2718592, "SDOC_NAME": "5608_5_2 B Padstow", "SOURCE_NAM": "RSDRA2025000594473", "SDT_ID": 1950, "SDT_NAME": "UKHO Chart - Panel", "DATUM": "D_WGS_1984", "CRS_ID": 432627, "CRS_PARAMS": "PROJCS[\"WGS84_Transverse_Mercator\",GEOGCS[\"GCS_WGS_1984\",DATUM[\"D_WGS_1984\",SPHEROID[\"WGS_1984\",6378137.0,298.257223563]],PRIMEM[\"Greenwich\",0.0],UNIT[\"Degree\",0.0174532925199433]],PROJECTION[\"Transverse_Mercator\"],PARAMETER[\"False_Easting\",0.0],PARAMETE", "PUBLICATIO": "2026-01-08T00:00:00", "RECEIPTDAT": "2025-12-21T00:00:00", "UKHOVERSIO": "Current Version", "PRODUCEDBY": "UK Hydrographic Office", "PRODUCED_1": null, "PRODUCED_2": null, "IPROWNER1": "UK Hydrographic Office", "PROTECTIVE": "UNCLASSIFIED", "AUTHORITAT": "Yes", "SUBJECTMAT": null, "SUBJECTM_1": null, "SUBJECTM_2": null, "SUPPLIEDBY": null, "SUPPLIED_1": null, "SUPPLIED_2": null, "SUPPLIED_3": null, "SUPPLIED_4": null, "SCALE": 25000.0, "DEPTHUNITS": "Metres / Metres & Decimals", "SPATIALREF": 0.0, "VALIDATED": "Yes", "CHART_PREF": null, "CHART_NUMB": 0.0, "CHART_SUFF": null, "CHART_TYPE": null, "CHART_CORR": 0.0, "CHART_CO_1": 0.0, "CHART_REVI": null, "CHART_CANC": null, "CHART_INTN": 0.0, "CHART_MAIN": null, "CHART_GENE": null, "CHART_SPEC": null, "CHART_SP_1": null, "PANEL_CHAR": null, "PANEL_CH_1": 5608.0, "PANEL_CH_2": "_5", "PANEL_IDEN": "5608_5_2", "PANEL_MAIN": "B Padstow", "PANEL_GENE": null, "PANEL_MULT": "No", "PANEL_SPEC": null, "PANEL_SP_1": null, "PUBLICAT_1": 0.0, "PUBLICAT_2": null, "PUBLICAT_3": null, "PUBLICAT_4": null, "PUBLICAT_5": null, "GBENC_CELL": null, "GBENC_EDIT": null, "GBENC_FILE": null, "GBENC_ISSU": null, "GBENC_NAVP": null, "GBENC_UPDA": null, "GBENC_UP_1": null, "STATUS": "ASSESS_CLOSED", "STATUS_OP": 29636, "STATUS_DAT": "2025-12-21T00:00:00", "GEO_ID": 2698716, "SHAPE_AREA": 0.0, "SHAPE_LEN": 0.0 }, "geometry": { "type": "Polygon", "coordinates": [ [ [ -4.960328907664461, 50.599546368939855 ], [ -4.918350432508561, 50.599554415610555 ], [ -4.918350432508561, 50.600875075437528 ], [ -4.91500502916918, 50.600872057936016 ], [ -4.91500905250453, 50.599549386441367 ], [ -4.908875477771062, 50.59954435727218 ], [ -4.908875477771062, 50.538888553610946 ], [ -4.960323878495274, 50.53888251860792 ], [ -4.960338966002809, 50.573329309998002 ], [ -4.962251056125524, 50.573339368336349 ], [ -4.962255079460874, 50.575003017501501 ], [ -4.960336954335133, 50.575004023335339 ], [ -4.960328907664461, 50.599546368939855 ] ] ] } },
{ "type": "Feature", "properties": { "SDOC_ID": 2736093, "SDOC_NAME": "1634_0 Salcombe to Brixham", "SOURCE_NAM": "RSDRA2026000068446", "SDT_ID": 1950, "SDT_NAME": "UKHO Chart - Panel", "DATUM": "D_WGS_1984", "CRS_ID": 432627, "CRS_PARAMS": "PROJCS[\"WGS84_Transverse_Mercator\",GEOGCS[\"GCS_WGS_1984\",DATUM[\"D_WGS_1984\",SPHEROID[\"WGS_1984\",6378137.0,298.257223563]],PRIMEM[\"Greenwich\",0.0],UNIT[\"Degree\",0.0174532925199433]],PROJECTION[\"Transverse_Mercator\"],PARAMETER[\"False_Easting\",0.0],PARAMETE", "PUBLICATIO": "2014-10-02T00:00:00", "RECEIPTDAT": "2026-02-20T00:00:00", "UKHOVERSIO": "Current Version", "PRODUCEDBY": "UK Hydrographic Office", "PRODUCED_1": "RT1E", "PRODUCED_2": null, "IPROWNER1": "UK Hydrographic Office", "PROTECTIVE": "UNCLASSIFIED", "AUTHORITAT": null, "SUBJECTMAT": null, "SUBJECTM_1": null, "SUBJECTM_2": null, "SUPPLIEDBY": null, "SUPPLIED_1": null, "SUPPLIED_2": null, "SUPPLIED_3": null, "SUPPLIED_4": null, "SCALE": 25000.0, "DEPTHUNITS": "Metres / Metres & Decimals", "SPATIALREF": 0.0, "VALIDATED": "Yes", "CHART_PREF": null, "CHART_NUMB": 0.0, "CHART_SUFF": null, "CHART_TYPE": null, "CHART_CORR": 0.0, "CHART_CO_1": 0.0, "CHART_REVI": null, "CHART_CANC": null, "CHART_INTN": 0.0, "CHART_MAIN": null, "CHART_GENE": null, "CHART_SPEC": null, "CHART_SP_1": null, "PANEL_CHAR": null, "PANEL_CH_1": 1634.0, "PANEL_CH_2": null, "PANEL_IDEN": "1634_0", "PANEL_MAIN": "Salcombe to Brixham", "PANEL_GENE": null, "PANEL_MULT": "No", "PANEL_SPEC": null, "PANEL_SP_1": null, "PUBLICAT_1": 0.0, "PUBLICAT_2": null, "PUBLICAT_3": null, "PUBLICAT_4": null, "PUBLICAT_5": null, "GBENC_CELL": null, "GBENC_EDIT": null, "GBENC_FILE": null, "GBENC_ISSU": null, "GBENC_NAVP": null, "GBENC_UPDA": null, "GBENC_UP_1": null, "STATUS": "ASSESS_CLOSED", "STATUS_OP": 3512, "STATUS_DAT": "2026-02-20T00:00:00", "GEO_ID": 1606895, "SHAPE_AREA": 0.0, "SHAPE_LEN": 0.0 }, "geometry": { "type": "Polygon", "coordinates": [ [ [ -3.687020720177031, 50.195582377791197 ], [ -3.687057936028964, 50.415827801247246 ], [ -3.459472943069812, 50.415832830416406 ], [ -3.459453832226927, 50.195595453631057 ], [ -3.687020720177031, 50.195582377791197 ] ] ] } },
{ "type": "Feature", "properties": { "SDOC_ID": 2736094, "SDOC_NAME": "1634_1 Salcombe to Start Point", "SOURCE_NAM": "RSDRA2026000068447", "SDT_ID": 1950, "SDT_NAME": "UKHO Chart - Panel", "DATUM": "D_WGS_1984", "CRS_ID": 432627, "CRS_PARAMS": "PROJCS[\"WGS84_Transverse_Mercator\",GEOGCS[\"GCS_WGS_1984\",DATUM[\"D_WGS_1984\",SPHEROID[\"WGS_1984\",6378137.0,298.257223563]],PRIMEM[\"Greenwich\",0.0],UNIT[\"Degree\",0.0174532925199433]],PROJECTION[\"Transverse_Mercator\"],PARAMETER[\"False_Easting\",0.0],PARAMETE", "PUBLICATIO": "2014-10-02T00:00:00", "RECEIPTDAT": "2026-02-20T00:00:00", "UKHOVERSIO": "Current Version", "PRODUCEDBY": "UK Hydrographic Office", "PRODUCED_1": "RT1E", "PRODUCED_2": null, "IPROWNER1": "UK Hydrographic Office", "PROTECTIVE": "UNCLASSIFIED", "AUTHORITAT": null, "SUBJECTMAT": null, "SUBJECTM_1": null, "SUBJECTM_2": null, "SUPPLIEDBY": null, "SUPPLIED_1": null, "SUPPLIED_2": null, "SUPPLIED_3": null, "SUPPLIED_4": null, "SCALE": 25000.0, "DEPTHUNITS": "Metres / Metres & Decimals", "SPATIALREF": 0.0, "VALIDATED": "Yes", "CHART_PREF": null, "CHART_NUMB": 0.0, "CHART_SUFF": null, "CHART_TYPE": null, "CHART_CORR": 0.0, "CHART_CO_1": 0.0, "CHART_REVI": null, "CHART_CANC": null, "CHART_INTN": 0.0, "CHART_MAIN": null, "CHART_GENE": null, "CHART_SPEC": null, "CHART_SP_1": null, "PANEL_CHAR": null, "PANEL_CH_1": 1634.0, "PANEL_CH_2": null, "PANEL_IDEN": "1634_1", "PANEL_MAIN": "Salcombe to Start Point", "PANEL_GENE": null, "PANEL_MULT": "No", "PANEL_SPEC": null, "PANEL_SP_1": null, "PUBLICAT_1": 0.0, "PUBLICAT_2": null, "PUBLICAT_3": null, "PUBLICAT_4": null, "PUBLICAT_5": null, "GBENC_CELL": null, "GBENC_EDIT": null, "GBENC_FILE": null, "GBENC_ISSU": null, "GBENC_NAVP": null, "GBENC_UPDA": null, "GBENC_UP_1": null, "STATUS": "ASSESS_CLOSED", "STATUS_OP": 3512, "STATUS_DAT": "2026-02-20T00:00:00", "GEO_ID": 1606896, "SHAPE_AREA": 0.0, "SHAPE_LEN": 0.0 }, "geometry": { "type": "Polygon", "coordinates": [ [ [ -3.789497083081869, 50.168918728626039 ], [ -3.789503118084895, 50.230585395292707 ], [ -3.636915107624219, 50.230576342788169 ], [ -3.636912090122706, 50.168899617783154 ], [ -3.789497083081869, 50.168918728626039 ] ] ] } },
{ "type": "Feature", "properties": { "SDOC_ID": 2738154, "SDOC_NAME": "5608_18_1 A Avonmouth to Severn Bridge", "SOURCE_NAM": "RSDRA2026000077764", "SDT_ID": 1950, "SDT_NAME": "UKHO Chart - Panel", "DATUM": "D_WGS_1984", "CRS_ID": 432627, "CRS_PARAMS": "PROJCS[\"WGS84_Transverse_Mercator\",GEOGCS[\"GCS_WGS_1984\",DATUM[\"D_WGS_1984\",SPHEROID[\"WGS_1984\",6378137.0,298.257223563]],PRIMEM[\"Greenwich\",0.0],UNIT[\"Degree\",0.0174532925199433]],PROJECTION[\"Transverse_Mercator\"],PARAMETER[\"False_Easting\",0.0],PARAMETE", "PUBLICATIO": "2024-11-14T00:00:00", "RECEIPTDAT": "2026-02-27T00:00:00", "UKHOVERSIO": "Current Version", "PRODUCEDBY": "UK Hydrographic Office", "PRODUCED_1": null, "PRODUCED_2": null, "IPROWNER1": "UK Hydrographic Office", "PROTECTIVE": "UNCLASSIFIED", "AUTHORITAT": "Yes", "SUBJECTMAT": null, "SUBJECTM_1": null, "SUBJECTM_2": null, "SUPPLIEDBY": null, "SUPPLIED_1": null, "SUPPLIED_2": null, "SUPPLIED_3": null, "SUPPLIED_4": null, "SCALE": 25000.0, "DEPTHUNITS": "Metres / Metres & Decimals", "SPATIALREF": 0.0, "VALIDATED": "Yes", "CHART_PREF": null, "CHART_NUMB": 0.0, "CHART_SUFF": null, "CHART_TYPE": null, "CHART_CORR": 0.0, "CHART_CO_1": 0.0, "CHART_REVI": null, "CHART_CANC": null, "CHART_INTN": 0.0, "CHART_MAIN": null, "CHART_GENE": null, "CHART_SPEC": null, "CHART_SP_1": null, "PANEL_CHAR": null, "PANEL_CH_1": 5608.0, "PANEL_CH_2": "_18", "PANEL_IDEN": "5608_18_1", "PANEL_MAIN": "A Avonmouth to Severn Bridge", "PANEL_GENE": null, "PANEL_MULT": "No", "PANEL_SPEC": null, "PANEL_SP_1": null, "PUBLICAT_1": 0.0, "PUBLICAT_2": null, "PUBLICAT_3": null, "PUBLICAT_4": null, "PUBLICAT_5": null, "GBENC_CELL": null, "GBENC_EDIT": null, "GBENC_FILE": null, "GBENC_ISSU": null, "GBENC_NAVP": null, "GBENC_UPDA": null, "GBENC_UP_1": null, "STATUS": "ASSESS_CLOSED", "STATUS_OP": 26334, "STATUS_DAT": "2026-02-27T00:00:00", "GEO_ID": 2581209, "SHAPE_AREA": 0.0, "SHAPE_LEN": 0.0 }, "geometry": { "type": "Polygon", "coordinates": [ [ [ -2.739987929993958, 51.614154093743707 ], [ -2.600991752162543, 51.614156105411382 ], [ -2.601011868839265, 51.578330315831835 ], [ -2.651453429893394, 51.578307181653599 ], [ -2.651278414805887, 51.491505733252865 ], [ -2.734987929993963, 51.49149064574533 ], [ -2.73498491249245, 51.490326895996787 ], [ -2.738333333333344, 51.490327901830625 ], [ -2.738345403339366, 51.491504727419027 ], [ -2.739982900824771, 51.49150372158519 ], [ -2.739987929993958, 51.614154093743707 ] ] ] } },
{ "type": "Feature", "properties": { "SDOC_ID": 2739234, "SDOC_NAME": "5602_11_0 Approaches to Salcombe", "SOURCE_NAM": "RSDRA2026000083303", "SDT_ID": 1950, "SDT_NAME": "UKHO Chart - Panel", "DATUM": "D_WGS_1984", "CRS_ID": 432627, "CRS_PARAMS": "PROJCS[\"WGS84_Transverse_Mercator\",GEOGCS[\"GCS_WGS_1984\",DATUM[\"D_WGS_1984\",SPHEROID[\"WGS_1984\",6378137.0,298.257223563]],PRIMEM[\"Greenwich\",0.0],UNIT[\"Degree\",0.0174532925199433]],PROJECTION[\"Transverse_Mercator\"],PARAMETER[\"False_Easting\",0.0],PARAMETE", "PUBLICATIO": "2023-05-11T00:00:00", "RECEIPTDAT": "2026-03-03T00:00:00", "UKHOVERSIO": "Current Version", "PRODUCEDBY": "UK Hydrographic Office", "PRODUCED_1": null, "PRODUCED_2": null, "IPROWNER1": "UK Hydrographic Office", "PROTECTIVE": "UNCLASSIFIED", "AUTHORITAT": "Yes", "SUBJECTMAT": null, "SUBJECTM_1": null, "SUBJECTM_2": null, "SUPPLIEDBY": null, "SUPPLIED_1": null, "SUPPLIED_2": null, "SUPPLIED_3": null, "SUPPLIED_4": null, "SCALE": 12500.0, "DEPTHUNITS": "Metres / Metres & Decimals", "SPATIALREF": 0.0, "VALIDATED": "Yes", "CHART_PREF": null, "CHART_NUMB": 0.0, "CHART_SUFF": null, "CHART_TYPE": null, "CHART_CORR": 0.0, "CHART_CO_1": 0.0, "CHART_REVI": null, "CHART_CANC": null, "CHART_INTN": 0.0, "CHART_MAIN": null, "CHART_GENE": null, "CHART_SPEC": null, "CHART_SP_1": null, "PANEL_CHAR": null, "PANEL_CH_1": 5602.0, "PANEL_CH_2": "_11", "PANEL_IDEN": "5602_11_0", "PANEL_MAIN": "Approaches to Salcombe", "PANEL_GENE": null, "PANEL_MULT": "No", "PANEL_SPEC": null, "PANEL_SP_1": null, "PUBLICAT_1": 0.0, "PUBLICAT_2": null, "PUBLICAT_3": null, "PUBLICAT_4": null, "PUBLICAT_5": null, "GBENC_CELL": null, "GBENC_EDIT": null, "GBENC_FILE": null, "GBENC_ISSU": null, "GBENC_NAVP": null, "GBENC_UPDA": null, "GBENC_UP_1": null, "STATUS": "ASSESS_CLOSED", "STATUS_OP": 29636, "STATUS_DAT": "2026-03-03T00:00:00", "GEO_ID": 2429064, "SHAPE_AREA": 0.0, "SHAPE_LEN": 0.0 }, "geometry": { "type": "Polygon", "coordinates": [ [ [ -3.806153691410174, 50.236329712331525 ], [ -3.75499396499697, 50.23633574733455 ], [ -3.707604103802055, 50.236330718165362 ], [ -3.707597062965192, 50.215001005833841 ], [ -3.707601086300542, 50.194528263930806 ], [ -3.754995976664645, 50.194539328102991 ], [ -3.806144638905664, 50.194529269764644 ], [ -3.806143633071827, 50.21167270166967 ], [ -3.807072017702666, 50.211670690002023 ], [ -3.807063971031994, 50.213337356668688 ], [ -3.806144638905664, 50.213337356668688 ], [ -3.806153691410174, 50.236329712331525 ] ] ] } },
{ "type": "Feature", "properties": { "SDOC_ID": 2750548, "SDOC_NAME": "5603_4_1 A Pendeen to Penhale Point", "SOURCE_NAM": "RSDRA2026000138775", "SDT_ID": 1950, "SDT_NAME": "UKHO Chart - Panel", "DATUM": "D_WGS_1984", "CRS_ID": 432612, "CRS_PARAMS": "PROJCS[\"WGS84_Mercator\",GEOGCS[\"GCS_WGS_1984\",DATUM[\"D_WGS_1984\",SPHEROID[\"WGS_1984\",6378137.0,298.257223563]],PRIMEM[\"Greenwich\",0.0],UNIT[\"Degree\",0.0174532925199433]],PROJECTION[\"Mercator\"],PARAMETER[\"False_Easting\",0.0],PARAMETER[\"False_Northing\",0.0", "PUBLICATIO": "2021-11-25T00:00:00", "RECEIPTDAT": "2026-04-10T00:00:00", "UKHOVERSIO": "Current Version", "PRODUCEDBY": "UK Hydrographic Office", "PRODUCED_1": null, "PRODUCED_2": null, "IPROWNER1": "UK Hydrographic Office", "PROTECTIVE": "UNCLASSIFIED", "AUTHORITAT": "Yes", "SUBJECTMAT": null, "SUBJECTM_1": null, "SUBJECTM_2": null, "SUPPLIEDBY": null, "SUPPLIED_1": null, "SUPPLIED_2": null, "SUPPLIED_3": null, "SUPPLIED_4": null, "SCALE": 75000.0, "DEPTHUNITS": "Metres / Metres & Decimals", "SPATIALREF": 0.0, "VALIDATED": "Yes", "CHART_PREF": null, "CHART_NUMB": 0.0, "CHART_SUFF": null, "CHART_TYPE": null, "CHART_CORR": 0.0, "CHART_CO_1": 0.0, "CHART_REVI": null, "CHART_CANC": null, "CHART_INTN": 0.0, "CHART_MAIN": null, "CHART_GENE": null, "CHART_SPEC": null, "CHART_SP_1": null, "PANEL_CHAR": null, "PANEL_CH_1": 5603.0, "PANEL_CH_2": "_4", "PANEL_IDEN": "5603_4_1", "PANEL_MAIN": "A Pendeen to Penhale Point", "PANEL_GENE": null, "PANEL_MULT": "No", "PANEL_SPEC": null, "PANEL_SP_1": null, "PUBLICAT_1": 0.0, "PUBLICAT_2": null, "PUBLICAT_3": null, "PUBLICAT_4": null, "PUBLICAT_5": null, "GBENC_CELL": null, "GBENC_EDIT": null, "GBENC_FILE": null, "GBENC_ISSU": null, "GBENC_NAVP": null, "GBENC_UPDA": null, "GBENC_UP_1": null, "STATUS": "ASSESS_CLOSED", "STATUS_OP": 29636, "STATUS_DAT": "2026-04-10T00:00:00", "GEO_ID": 2296069, "SHAPE_AREA": 0.0, "SHAPE_LEN": 0.0 }, "geometry": { "type": "Polygon", "coordinates": [ [ [ -5.142695634681161, 50.413432910883131 ], [ -5.142690605511973, 50.158885536109437 ], [ -5.744148058740706, 50.158891571112463 ], [ -5.744150070408381, 50.413429893381618 ], [ -5.142695634681161, 50.413432910883131 ] ] ] } },
{ "type": "Feature", "properties": { "SDOC_ID": 2760358, "SDOC_NAME": "1859_1 A King Road", "SOURCE_NAM": "RSDRA2026000190012", "SDT_ID": 1950, "SDT_NAME": "UKHO Chart - Panel", "DATUM": "D_ETRS_1989", "CRS_ID": 500650, "CRS_PARAMS": "PROJCS[\"ETRS 89 / TM Projection\",GEOGCS[\"GCS_ETRS_1989\",DATUM[\"D_ETRS_1989\",SPHEROID[\"GRS_1980\",6378137.0,298.257222101]],PRIMEM[\"Greenwich\",0.0],UNIT[\"Degree\",0.0174532925199433]],PROJECTION[\"Transverse_Mercator\"],PARAMETER[\"False_Easting\",0.0],PARAMETE", "PUBLICATIO": "2026-05-21T00:00:00", "RECEIPTDAT": "2026-05-13T00:00:00", "UKHOVERSIO": "Current Version", "PRODUCEDBY": "UK Hydrographic Office", "PRODUCED_1": null, "PRODUCED_2": null, "IPROWNER1": "UK Hydrographic Office", "PROTECTIVE": "UNCLASSIFIED", "AUTHORITAT": "Yes", "SUBJECTMAT": null, "SUBJECTM_1": null, "SUBJECTM_2": null, "SUPPLIEDBY": null, "SUPPLIED_1": null, "SUPPLIED_2": null, "SUPPLIED_3": null, "SUPPLIED_4": null, "SCALE": 10000.0, "DEPTHUNITS": "Metres / Metres & Decimals", "SPATIALREF": 0.0, "VALIDATED": "Yes", "CHART_PREF": null, "CHART_NUMB": 0.0, "CHART_SUFF": null, "CHART_TYPE": null, "CHART_CORR": 0.0, "CHART_CO_1": 0.0, "CHART_REVI": null, "CHART_CANC": null, "CHART_INTN": 0.0, "CHART_MAIN": null, "CHART_GENE": null, "CHART_SPEC": null, "CHART_SP_1": null, "PANEL_CHAR": null, "PANEL_CH_1": 1859.0, "PANEL_CH_2": null, "PANEL_IDEN": "1859_1", "PANEL_MAIN": "A King Road", "PANEL_GENE": null, "PANEL_MULT": "No", "PANEL_SPEC": null, "PANEL_SP_1": null, "PUBLICAT_1": 0.0, "PUBLICAT_2": null, "PUBLICAT_3": null, "PUBLICAT_4": null, "PUBLICAT_5": null, "GBENC_CELL": null, "GBENC_EDIT": null, "GBENC_FILE": null, "GBENC_ISSU": null, "GBENC_NAVP": null, "GBENC_UPDA": null, "GBENC_UP_1": null, "STATUS": "ASSESS_CLOSED", "STATUS_OP": 29636, "STATUS_DAT": "2026-05-14T00:00:00", "GEO_ID": 2740440, "SHAPE_AREA": 0.0, "SHAPE_LEN": 0.0 }, "geometry": { "type": "Polygon", "coordinates": [ [ [ -2.785475759404534, 51.486023938845307 ], [ -2.785482800241397, 51.530468718567704 ], [ -2.690431502715739, 51.530468718567704 ], [ -2.690427479380418, 51.486022933011469 ], [ -2.785475759404534, 51.486023938845307 ] ] ] } },
{ "type": "Feature", "properties": { "SDOC_ID": 2760361, "SDOC_NAME": "1859_4 D City Docks to Saint Anne's Bridge", "SOURCE_NAM": "RSDRA2026000190015", "SDT_ID": 1950, "SDT_NAME": "UKHO Chart - Panel", "DATUM": "D_ETRS_1989", "CRS_ID": 500650, "CRS_PARAMS": "PROJCS[\"ETRS 89 / TM Projection\",GEOGCS[\"GCS_ETRS_1989\",DATUM[\"D_ETRS_1989\",SPHEROID[\"GRS_1980\",6378137.0,298.257222101]],PRIMEM[\"Greenwich\",0.0],UNIT[\"Degree\",0.0174532925199433]],PROJECTION[\"Transverse_Mercator\"],PARAMETER[\"False_Easting\",0.0],PARAMETE", "PUBLICATIO": "2026-05-21T00:00:00", "RECEIPTDAT": "2026-05-13T00:00:00", "UKHOVERSIO": "Current Version", "PRODUCEDBY": "UK Hydrographic Office", "PRODUCED_1": "RT1W", "PRODUCED_2": null, "IPROWNER1": "UK Hydrographic Office", "PROTECTIVE": "UNCLASSIFIED", "AUTHORITAT": "Yes", "SUBJECTMAT": null, "SUBJECTM_1": null, "SUBJECTM_2": null, "SUPPLIEDBY": null, "SUPPLIED_1": null, "SUPPLIED_2": null, "SUPPLIED_3": null, "SUPPLIED_4": null, "SCALE": 25000.0, "DEPTHUNITS": "Metres / Metres & Decimals", "SPATIALREF": 0.0, "VALIDATED": "Yes", "CHART_PREF": null, "CHART_NUMB": 0.0, "CHART_SUFF": null, "CHART_TYPE": null, "CHART_CORR": 0.0, "CHART_CO_1": 0.0, "CHART_REVI": null, "CHART_CANC": null, "CHART_INTN": 0.0, "CHART_MAIN": null, "CHART_GENE": null, "CHART_SPEC": null, "CHART_SP_1": null, "PANEL_CHAR": null, "PANEL_CH_1": 1859.0, "PANEL_CH_2": null, "PANEL_IDEN": "1859_4", "PANEL_MAIN": "D City Docks to Saint Anne's Bridge", "PANEL_GENE": null, "PANEL_MULT": "No", "PANEL_SPEC": null, "PANEL_SP_1": null, "PUBLICAT_1": 0.0, "PUBLICAT_2": null, "PUBLICAT_3": null, "PUBLICAT_4": null, "PUBLICAT_5": null, "GBENC_CELL": null, "GBENC_EDIT": null, "GBENC_FILE": null, "GBENC_ISSU": null, "GBENC_NAVP": null, "GBENC_UPDA": null, "GBENC_UP_1": null, "STATUS": "ASSESS_CLOSED", "STATUS_OP": 29636, "STATUS_DAT": "2026-05-14T00:00:00", "GEO_ID": 2740443, "SHAPE_AREA": 0.0, "SHAPE_LEN": 0.0 }, "geometry": { "type": "Polygon", "coordinates": [ [ [ -2.593834238583781, 51.437151478575743 ], [ -2.593849326091316, 51.462143431905048 ], [ -2.54637095151881, 51.462146449406561 ], [ -2.546360893180434, 51.437154496077255 ], [ -2.593834238583781, 51.437151478575743 ] ] ] } },
{ "type": "Feature", "properties": { "SDOC_ID": 2765153, "SDOC_NAME": "0031_5 E River Fowey Saint Winnow to Lostwithiel", "SOURCE_NAM": "RSDRA2026000212294", "SDT_ID": 1950, "SDT_NAME": "UKHO Chart - Panel", "DATUM": "D_WGS_1984", "CRS_ID": 432627, "CRS_PARAMS": "PROJCS[\"WGS84_Transverse_Mercator\",GEOGCS[\"GCS_WGS_1984\",DATUM[\"D_WGS_1984\",SPHEROID[\"WGS_1984\",6378137.0,298.257223563]],PRIMEM[\"Greenwich\",0.0],UNIT[\"Degree\",0.0174532925199433]],PROJECTION[\"Transverse_Mercator\"],PARAMETER[\"False_Easting\",0.0],PARAMETE", "PUBLICATIO": "2026-06-11T00:00:00", "RECEIPTDAT": "2026-06-01T00:00:00", "UKHOVERSIO": "Current Version", "PRODUCEDBY": "UK Hydrographic Office", "PRODUCED_1": null, "PRODUCED_2": null, "IPROWNER1": "UK Hydrographic Office", "PROTECTIVE": "UNCLASSIFIED", "AUTHORITAT": "Yes", "SUBJECTMAT": null, "SUBJECTM_1": null, "SUBJECTM_2": null, "SUPPLIEDBY": null, "SUPPLIED_1": null, "SUPPLIED_2": null, "SUPPLIED_3": null, "SUPPLIED_4": null, "SCALE": 15000.0, "DEPTHUNITS": "Metres / Metres & Decimals", "SPATIALREF": 0.0, "VALIDATED": "Yes", "CHART_PREF": null, "CHART_NUMB": 0.0, "CHART_SUFF": null, "CHART_TYPE": null, "CHART_CORR": 0.0, "CHART_CO_1": 0.0, "CHART_REVI": null, "CHART_CANC": null, "CHART_INTN": 0.0, "CHART_MAIN": null, "CHART_GENE": null, "CHART_SPEC": null, "CHART_SP_1": null, "PANEL_CHAR": null, "PANEL_CH_1": 31.0, "PANEL_CH_2": null, "PANEL_IDEN": "0031_5", "PANEL_MAIN": "E River Fowey Saint Winnow to Lostwithiel", "PANEL_GENE": null, "PANEL_MULT": "No", "PANEL_SPEC": null, "PANEL_SP_1": null, "PUBLICAT_1": 0.0, "PUBLICAT_2": null, "PUBLICAT_3": null, "PUBLICAT_4": null, "PUBLICAT_5": null, "GBENC_CELL": null, "GBENC_EDIT": null, "GBENC_FILE": null, "GBENC_ISSU": null, "GBENC_NAVP": null, "GBENC_UPDA": null, "GBENC_UP_1": null, "STATUS": "ASSESS_CLOSED", "STATUS_OP": 22743, "STATUS_DAT": "2026-06-01T00:00:00", "GEO_ID": 2745235, "SHAPE_AREA": 0.0, "SHAPE_LEN": 0.0 }, "geometry": { "type": "Polygon", "coordinates": [ [ [ -4.669425668879512, 50.381390062361703 ], [ -4.669662039831024, 50.408894588613947 ], [ -4.651495674914514, 50.408894588613947 ], [ -4.651493663246839, 50.381389056527865 ], [ -4.669425668879512, 50.381390062361703 ] ] ] } },
{ "type": "Feature", "properties": { "SDOC_ID": 2772728, "SDOC_NAME": "1164_0 Hartland Point to Ilfracombe including Lundy", "SOURCE_NAM": "RSDRA2026000248237", "SDT_ID": 1950, "SDT_NAME": "UKHO Chart - Panel", "DATUM": "D_WGS_1984", "CRS_ID": 432612, "CRS_PARAMS": "PROJCS[\"WGS84_Mercator\",GEOGCS[\"GCS_WGS_1984\",DATUM[\"D_WGS_1984\",SPHEROID[\"WGS_1984\",6378137.0,298.257223563]],PRIMEM[\"Greenwich\",0.0],UNIT[\"Degree\",0.0174532925199433]],PROJECTION[\"Mercator\"],PARAMETER[\"False_Easting\",0.0],PARAMETER[\"False_Northing\",0.0", "PUBLICATIO": "2024-08-01T00:00:00", "RECEIPTDAT": "2026-06-23T00:00:00", "UKHOVERSIO": "Current Version", "PRODUCEDBY": "UK Hydrographic Office", "PRODUCED_1": "RT1W", "PRODUCED_2": null, "IPROWNER1": "UK Hydrographic Office", "PROTECTIVE": "UNCLASSIFIED", "AUTHORITAT": "Yes", "SUBJECTMAT": null, "SUBJECTM_1": null, "SUBJECTM_2": null, "SUPPLIEDBY": null, "SUPPLIED_1": null, "SUPPLIED_2": null, "SUPPLIED_3": null, "SUPPLIED_4": null, "SCALE": 75000.0, "DEPTHUNITS": "Metres / Metres & Decimals", "SPATIALREF": 0.0, "VALIDATED": "Yes", "CHART_PREF": null, "CHART_NUMB": 0.0, "CHART_SUFF": null, "CHART_TYPE": null, "CHART_CORR": 0.0, "CHART_CO_1": 0.0, "CHART_REVI": null, "CHART_CANC": null, "CHART_INTN": 0.0, "CHART_MAIN": null, "CHART_GENE": null, "CHART_SPEC": null, "CHART_SP_1": null, "PANEL_CHAR": null, "PANEL_CH_1": 1164.0, "PANEL_CH_2": null, "PANEL_IDEN": "1164_0", "PANEL_MAIN": "Hartland Point to Ilfracombe including Lundy", "PANEL_GENE": null, "PANEL_MULT": "No", "PANEL_SPEC": null, "PANEL_SP_1": null, "PUBLICAT_1": 0.0, "PUBLICAT_2": null, "PUBLICAT_3": null, "PUBLICAT_4": null, "PUBLICAT_5": null, "GBENC_CELL": null, "GBENC_EDIT": null, "GBENC_FILE": null, "GBENC_ISSU": null, "GBENC_NAVP": null, "GBENC_UPDA": null, "GBENC_UP_1": null, "STATUS": "ASSESS_CLOSED", "STATUS_OP": 3512, "STATUS_DAT": "2026-06-23T00:00:00", "GEO_ID": 2546058, "SHAPE_AREA": 0.0, "SHAPE_LEN": 0.0 }, "geometry": { "type": "Polygon", "coordinates": [ [ [ -5.084401528867431, 50.958800040233342 ], [ -5.084427680547179, 51.381947294306968 ], [ -4.037529672098174, 51.381945282639322 ], [ -4.037522631261311, 50.958811104405555 ], [ -5.084401528867431, 50.958800040233342 ] ] ] } },
{ "type": "Feature", "properties": { "SDOC_ID": 2772788, "SDOC_NAME": "5608_4_2 B Lundy", "SOURCE_NAM": "RSDRA2026000248321", "SDT_ID": 1950, "SDT_NAME": "UKHO Chart - Panel", "DATUM": "D_WGS_1984", "CRS_ID": 432627, "CRS_PARAMS": "PROJCS[\"WGS84_Transverse_Mercator\",GEOGCS[\"GCS_WGS_1984\",DATUM[\"D_WGS_1984\",SPHEROID[\"WGS_1984\",6378137.0,298.257223563]],PRIMEM[\"Greenwich\",0.0],UNIT[\"Degree\",0.0174532925199433]],PROJECTION[\"Transverse_Mercator\"],PARAMETER[\"False_Easting\",0.0],PARAMETE", "PUBLICATIO": "2026-01-08T00:00:00", "RECEIPTDAT": "2026-06-23T00:00:00", "UKHOVERSIO": "Current Version", "PRODUCEDBY": "UK Hydrographic Office", "PRODUCED_1": null, "PRODUCED_2": null, "IPROWNER1": "UK Hydrographic Office", "PROTECTIVE": "UNCLASSIFIED", "AUTHORITAT": "Yes", "SUBJECTMAT": null, "SUBJECTM_1": null, "SUBJECTM_2": null, "SUPPLIEDBY": null, "SUPPLIED_1": null, "SUPPLIED_2": null, "SUPPLIED_3": null, "SUPPLIED_4": null, "SCALE": 25000.0, "DEPTHUNITS": "Metres / Metres & Decimals", "SPATIALREF": 0.0, "VALIDATED": "Yes", "CHART_PREF": null, "CHART_NUMB": 0.0, "CHART_SUFF": null, "CHART_TYPE": null, "CHART_CORR": 0.0, "CHART_CO_1": 0.0, "CHART_REVI": null, "CHART_CANC": null, "CHART_INTN": 0.0, "CHART_MAIN": null, "CHART_GENE": null, "CHART_SPEC": null, "CHART_SP_1": null, "PANEL_CHAR": null, "PANEL_CH_1": 5608.0, "PANEL_CH_2": "_4", "PANEL_IDEN": "5608_4_2", "PANEL_MAIN": "B Lundy", "PANEL_GENE": null, "PANEL_MULT": "No", "PANEL_SPEC": null, "PANEL_SP_1": null, "PUBLICAT_1": 0.0, "PUBLICAT_2": null, "PUBLICAT_3": null, "PUBLICAT_4": null, "PUBLICAT_5": null, "GBENC_CELL": null, "GBENC_EDIT": null, "GBENC_FILE": null, "GBENC_ISSU": null, "GBENC_NAVP": null, "GBENC_UPDA": null, "GBENC_UP_1": null, "STATUS": "ASSESS_CLOSED", "STATUS_OP": 3512, "STATUS_DAT": "2026-06-23T00:00:00", "GEO_ID": 2698736, "SHAPE_AREA": 0.0, "SHAPE_LEN": 0.0 }, "geometry": { "type": "Polygon", "coordinates": [ [ [ -4.692766043049687, 51.150495876081266 ], [ -4.692768054717362, 51.212476362904852 ], [ -4.645633675316844, 51.212474351237177 ], [ -4.645631663649169, 51.150492858579753 ], [ -4.692766043049687, 51.150495876081266 ] ] ] } },
{ "type": "Feature", "properties": { "SDOC_ID": 2778412, "SDOC_NAME": "1166_3 C Sharpness to Hock Cliff", "SOURCE_NAM": "RSDRA2026000278548", "SDT_ID": 1950, "SDT_NAME": "UKHO Chart - Panel", "DATUM": "D_WGS_1984", "CRS_ID": 432627, "CRS_PARAMS": "PROJCS[\"WGS84_Transverse_Mercator\",GEOGCS[\"GCS_WGS_1984\",DATUM[\"D_WGS_1984\",SPHEROID[\"WGS_1984\",6378137.0,298.257223563]],PRIMEM[\"Greenwich\",0.0],UNIT[\"Degree\",0.0174532925199433]],PROJECTION[\"Transverse_Mercator\"],PARAMETER[\"False_Easting\",0.0],PARAMETE", "PUBLICATIO": "2026-07-09T00:00:00", "RECEIPTDAT": "2026-07-14T00:00:00", "UKHOVERSIO": "Current Version", "PRODUCEDBY": "UK Hydrographic Office", "PRODUCED_1": null, "PRODUCED_2": null, "IPROWNER1": "UK Hydrographic Office", "PROTECTIVE": "UNCLASSIFIED", "AUTHORITAT": "Yes", "SUBJECTMAT": null, "SUBJECTM_1": null, "SUBJECTM_2": null, "SUPPLIEDBY": null, "SUPPLIED_1": null, "SUPPLIED_2": null, "SUPPLIED_3": null, "SUPPLIED_4": null, "SCALE": 25000.0, "DEPTHUNITS": "Metres / Metres & Decimals", "SPATIALREF": 0.0, "VALIDATED": "Yes", "CHART_PREF": null, "CHART_NUMB": 0.0, "CHART_SUFF": null, "CHART_TYPE": null, "CHART_CORR": 0.0, "CHART_CO_1": 0.0, "CHART_REVI": null, "CHART_CANC": null, "CHART_INTN": 0.0, "CHART_MAIN": null, "CHART_GENE": null, "CHART_SPEC": null, "CHART_SP_1": null, "PANEL_CHAR": null, "PANEL_CH_1": 1166.0, "PANEL_CH_2": null, "PANEL_IDEN": "1166_3", "PANEL_MAIN": "C Sharpness to Hock Cliff", "PANEL_GENE": null, "PANEL_MULT": "No", "PANEL_SPEC": null, "PANEL_SP_1": null, "PUBLICAT_1": 0.0, "PUBLICAT_2": null, "PUBLICAT_3": null, "PUBLICAT_4": null, "PUBLICAT_5": null, "GBENC_CELL": null, "GBENC_EDIT": null, "GBENC_FILE": null, "GBENC_ISSU": null, "GBENC_NAVP": null, "GBENC_UPDA": null, "GBENC_UP_1": null, "STATUS": "ASSESS_CLOSED", "STATUS_OP": 19592, "STATUS_DAT": "2026-07-14T00:00:00", "GEO_ID": 2754081, "SHAPE_AREA": 0.0, "SHAPE_LEN": 0.0 }, "geometry": { "type": "Polygon", "coordinates": [ [ [ -2.503099979883331, 51.71564976865821 ], [ -2.503167370750361, 51.768333333333345 ], [ -2.443350432508538, 51.768333333333345 ], [ -2.443350432508538, 51.787549788774896 ], [ -2.376117481392072, 51.787549788774896 ], [ -2.376117481392072, 51.71564976865821 ], [ -2.503099979883331, 51.71564976865821 ] ] ] } },
{ "type": "Feature", "properties": { "SDOC_ID": 2540060, "SDOC_NAME": "5602_18_2 B River Yealm", "SOURCE_NAM": "RSDRA2024000114233", "SDT_ID": 1950, "SDT_NAME": "UKHO Chart - Panel", "DATUM": "D_WGS_1984", "CRS_ID": 432627, "CRS_PARAMS": "PROJCS[\"WGS84_Transverse_Mercator\",GEOGCS[\"GCS_WGS_1984\",DATUM[\"D_WGS_1984\",SPHEROID[\"WGS_1984\",6378137.0,298.257223563]],PRIMEM[\"Greenwich\",0.0],UNIT[\"Degree\",0.0174532925199433]],PROJECTION[\"Transverse_Mercator\"],PARAMETER[\"False_Easting\",0.0],PARAMETE", "PUBLICATIO": "2023-11-30T00:00:00", "RECEIPTDAT": "2024-04-23T00:00:00", "UKHOVERSIO": "Current Version", "PRODUCEDBY": "UK Hydrographic Office", "PRODUCED_1": null, "PRODUCED_2": null, "IPROWNER1": "UK Hydrographic Office", "PROTECTIVE": "UNCLASSIFIED", "AUTHORITAT": "Yes", "SUBJECTMAT": null, "SUBJECTM_1": null, "SUBJECTM_2": null, "SUPPLIEDBY": null, "SUPPLIED_1": null, "SUPPLIED_2": null, "SUPPLIED_3": null, "SUPPLIED_4": null, "SCALE": 12500.0, "DEPTHUNITS": "Metres / Metres & Decimals", "SPATIALREF": 0.0, "VALIDATED": "Yes", "CHART_PREF": null, "CHART_NUMB": 0.0, "CHART_SUFF": null, "CHART_TYPE": null, "CHART_CORR": 0.0, "CHART_CO_1": 0.0, "CHART_REVI": null, "CHART_CANC": null, "CHART_INTN": 0.0, "CHART_MAIN": null, "CHART_GENE": null, "CHART_SPEC": null, "CHART_SP_1": null, "PANEL_CHAR": null, "PANEL_CH_1": 5602.0, "PANEL_CH_2": "_18", "PANEL_IDEN": "5602_18_2", "PANEL_MAIN": "B River Yealm", "PANEL_GENE": null, "PANEL_MULT": "No", "PANEL_SPEC": null, "PANEL_SP_1": null, "PUBLICAT_1": 0.0, "PUBLICAT_2": null, "PUBLICAT_3": null, "PUBLICAT_4": null, "PUBLICAT_5": null, "GBENC_CELL": null, "GBENC_EDIT": null, "GBENC_FILE": null, "GBENC_ISSU": null, "GBENC_NAVP": null, "GBENC_UPDA": null, "GBENC_UP_1": null, "STATUS": "ASSESS_CLOSED", "STATUS_OP": 8094, "STATUS_DAT": "2024-04-23T00:00:00", "GEO_ID": 2520264, "SHAPE_AREA": 0.0, "SHAPE_LEN": 0.0 }, "geometry": { "type": "Polygon", "coordinates": [ [ [ -4.085832830416422, 50.302893783946899 ], [ -4.085832830416422, 50.317500502916914 ], [ -4.08333031583183, 50.317500502916914 ], [ -4.083332327499505, 50.318088915711115 ], [ -4.079995976664662, 50.318087909877278 ], [ -4.080002011667659, 50.317500502916914 ], [ -4.037058941862796, 50.317500502916914 ], [ -4.037060953530471, 50.302894789780737 ], [ -4.085832830416422, 50.302893783946899 ] ] ] } },
{ "type": "Feature", "properties": { "SDOC_ID": 2571960, "SDOC_NAME": "5603_14_0 Land's End to Isles of Scilly", "SOURCE_NAM": "RSDRA2024000236776", "SDT_ID": 1950, "SDT_NAME": "UKHO Chart - Panel", "DATUM": "D_WGS_1984", "CRS_ID": 432612, "CRS_PARAMS": "PROJCS[\"WGS84_Mercator\",GEOGCS[\"GCS_WGS_1984\",DATUM[\"D_WGS_1984\",SPHEROID[\"WGS_1984\",6378137.0,298.257223563]],PRIMEM[\"Greenwich\",0.0],UNIT[\"Degree\",0.0174532925199433]],PROJECTION[\"Mercator\"],PARAMETER[\"False_Easting\",0.0],PARAMETER[\"False_Northing\",0.0", "PUBLICATIO": "2021-11-25T00:00:00", "RECEIPTDAT": "2024-08-21T00:00:00", "UKHOVERSIO": "Current Version", "PRODUCEDBY": "UK Hydrographic Office", "PRODUCED_1": null, "PRODUCED_2": null, "IPROWNER1": "UK Hydrographic Office", "PROTECTIVE": "UNCLASSIFIED", "AUTHORITAT": "Yes", "SUBJECTMAT": null, "SUBJECTM_1": null, "SUBJECTM_2": null, "SUPPLIEDBY": null, "SUPPLIED_1": null, "SUPPLIED_2": null, "SUPPLIED_3": null, "SUPPLIED_4": null, "SCALE": 75000.0, "DEPTHUNITS": "Metres / Metres & Decimals", "SPATIALREF": 0.0, "VALIDATED": "Yes", "CHART_PREF": null, "CHART_NUMB": 0.0, "CHART_SUFF": null, "CHART_TYPE": null, "CHART_CORR": 0.0, "CHART_CO_1": 0.0, "CHART_REVI": null, "CHART_CANC": null, "CHART_INTN": 0.0, "CHART_MAIN": null, "CHART_GENE": null, "CHART_SPEC": null, "CHART_SP_1": null, "PANEL_CHAR": null, "PANEL_CH_1": 5603.0, "PANEL_CH_2": "_14", "PANEL_IDEN": "5603_14_0", "PANEL_MAIN": "Land's End to Isles of Scilly", "PANEL_GENE": null, "PANEL_MULT": "No", "PANEL_SPEC": null, "PANEL_SP_1": null, "PUBLICAT_1": 0.0, "PUBLICAT_2": null, "PUBLICAT_3": null, "PUBLICAT_4": null, "PUBLICAT_5": null, "GBENC_CELL": null, "GBENC_EDIT": null, "GBENC_FILE": null, "GBENC_ISSU": null, "GBENC_NAVP": null, "GBENC_UPDA": null, "GBENC_UP_1": null, "STATUS": "ASSESS_CLOSED", "STATUS_OP": 20300, "STATUS_DAT": "2024-08-21T00:00:00", "GEO_ID": 2296233, "SHAPE_AREA": 0.0, "SHAPE_LEN": 0.0 }, "geometry": { "type": "Polygon", "coordinates": [ [ [ -5.711196942265133, 50.119653993160341 ], [ -5.711179843089923, 49.866193924763621 ], [ -6.3062733856367, 49.866193924763621 ], [ -6.306272379802863, 50.119652987326504 ], [ -5.724990947495485, 50.119652987326504 ], [ -5.724990947495485, 50.123278012472326 ], [ -5.716728022530674, 50.123286059143027 ], [ -5.71673808086905, 50.119650975658828 ], [ -5.716029973848322, 50.119653993160341 ], [ -5.711196942265133, 50.119653993160341 ] ] ] } },
{ "type": "Feature", "properties": { "SDOC_ID": 2578530, "SDOC_NAME": "1182_2 B Cardiff Docks", "SOURCE_NAM": "RSDRA2024000262633", "SDT_ID": 1950, "SDT_NAME": "UKHO Chart - Panel", "DATUM": "European Terrestrial Reference System 1989", "CRS_ID": 500650, "CRS_PARAMS": "PROJCS[\"ETRS 89 / TM Projection\",GEOGCS[\"ETRS89\",DATUM[\"European Terrestrial Reference System 1989\",SPHEROID[\"GRS_1980\",6378137.0,298.257222101]],PRIMEM[\"Greenwich\",0.0],UNIT[\"Degree\",0.0174532925199433]],PROJECTION[\"Transverse_Mercator\"],PARAMETER[\"Fals", "PUBLICATIO": "2019-05-23T00:00:00", "RECEIPTDAT": "2024-09-17T00:00:00", "UKHOVERSIO": "Current Version", "PRODUCEDBY": "UK Hydrographic Office", "PRODUCED_1": "RT1W", "PRODUCED_2": null, "IPROWNER1": "UK Hydrographic Office", "PROTECTIVE": "UNCLASSIFIED", "AUTHORITAT": "Yes", "SUBJECTMAT": null, "SUBJECTM_1": null, "SUBJECTM_2": null, "SUPPLIEDBY": null, "SUPPLIED_1": null, "SUPPLIED_2": null, "SUPPLIED_3": null, "SUPPLIED_4": null, "SCALE": 15000.0, "DEPTHUNITS": "Metres / Metres & Decimals", "SPATIALREF": 0.0, "VALIDATED": "Yes", "CHART_PREF": null, "CHART_NUMB": 0.0, "CHART_SUFF": null, "CHART_TYPE": null, "CHART_CORR": 0.0, "CHART_CO_1": 0.0, "CHART_REVI": null, "CHART_CANC": null, "CHART_INTN": 0.0, "CHART_MAIN": null, "CHART_GENE": null, "CHART_SPEC": null, "CHART_SP_1": null, "PANEL_CHAR": null, "PANEL_CH_1": 1182.0, "PANEL_CH_2": null, "PANEL_IDEN": "1182_2", "PANEL_MAIN": "B Cardiff Docks", "PANEL_GENE": null, "PANEL_MULT": "No", "PANEL_SPEC": null, "PANEL_SP_1": null, "PUBLICAT_1": 0.0, "PUBLICAT_2": null, "PUBLICAT_3": null, "PUBLICAT_4": null, "PUBLICAT_5": null, "GBENC_CELL": null, "GBENC_EDIT": null, "GBENC_FILE": null, "GBENC_ISSU": null, "GBENC_NAVP": null, "GBENC_UPDA": null, "GBENC_UP_1": null, "STATUS": "ASSESS_CLOSED", "STATUS_OP": 29636, "STATUS_DAT": "2024-09-17T00:00:00", "GEO_ID": 2058912, "SHAPE_AREA": 0.0, "SHAPE_LEN": 0.0 }, "geometry": { "type": "Polygon", "coordinates": [ [ [ -3.199333132166572, 51.432833433916727 ], [ -3.199333132166572, 51.470499899416609 ], [ -3.134937638302148, 51.470466706900027 ], [ -3.134918527459263, 51.432833433916727 ], [ -3.199333132166572, 51.432833433916727 ] ] ] } },
{ "type": "Feature", "properties": { "SDOC_ID": 2646828, "SDOC_NAME": "5602_10_0 Approaches to the River Dart", "SOURCE_NAM": "RSDRA2025000244760", "SDT_ID": 1950, "SDT_NAME": "UKHO Chart - Panel", "DATUM": "D_WGS_1984", "CRS_ID": 432627, "CRS_PARAMS": "PROJCS[\"WGS84_Transverse_Mercator\",GEOGCS[\"GCS_WGS_1984\",DATUM[\"D_WGS_1984\",SPHEROID[\"WGS_1984\",6378137.0,298.257223563]],PRIMEM[\"Greenwich\",0.0],UNIT[\"Degree\",0.0174532925199433]],PROJECTION[\"Transverse_Mercator\"],PARAMETER[\"False_Easting\",0.0],PARAMETE", "PUBLICATIO": "2023-11-30T00:00:00", "RECEIPTDAT": "2025-04-24T00:00:00", "UKHOVERSIO": "Current Version", "PRODUCEDBY": "UK Hydrographic Office", "PRODUCED_1": null, "PRODUCED_2": null, "IPROWNER1": "UK Hydrographic Office", "PROTECTIVE": "UNCLASSIFIED", "AUTHORITAT": "Yes", "SUBJECTMAT": null, "SUBJECTM_1": null, "SUBJECTM_2": null, "SUPPLIEDBY": null, "SUPPLIED_1": null, "SUPPLIED_2": null, "SUPPLIED_3": null, "SUPPLIED_4": null, "SCALE": 6250.0, "DEPTHUNITS": "Metres / Metres & Decimals", "SPATIALREF": 0.0, "VALIDATED": "Yes", "CHART_PREF": null, "CHART_NUMB": 0.0, "CHART_SUFF": null, "CHART_TYPE": null, "CHART_CORR": 0.0, "CHART_CO_1": 0.0, "CHART_REVI": null, "CHART_CANC": null, "CHART_INTN": 0.0, "CHART_MAIN": null, "CHART_GENE": null, "CHART_SPEC": null, "CHART_SP_1": null, "PANEL_CHAR": null, "PANEL_CH_1": 5602.0, "PANEL_CH_2": "_10", "PANEL_IDEN": "5602_10_0", "PANEL_MAIN": "Approaches to the River Dart", "PANEL_GENE": null, "PANEL_MULT": "No", "PANEL_SPEC": null, "PANEL_SP_1": null, "PUBLICAT_1": 0.0, "PUBLICAT_2": null, "PUBLICAT_3": null, "PUBLICAT_4": null, "PUBLICAT_5": null, "GBENC_CELL": null, "GBENC_EDIT": null, "GBENC_FILE": null, "GBENC_ISSU": null, "GBENC_NAVP": null, "GBENC_UPDA": null, "GBENC_UP_1": null, "STATUS": "ASSESS_CLOSED", "STATUS_OP": 26334, "STATUS_DAT": "2025-04-24T00:00:00", "GEO_ID": 2480672, "SHAPE_AREA": 0.0, "SHAPE_LEN": 0.0 }, "geometry": { "type": "Polygon", "coordinates": [ [ [ -3.579390464695223, 50.322098169382429 ], [ -3.579394488030573, 50.342999396499692 ], [ -3.529982900824791, 50.34300040233353 ], [ -3.529979883323279, 50.322098169382429 ], [ -3.579390464695223, 50.322098169382429 ] ] ] } },
{ "type": "Feature", "properties": { "SDOC_ID": 2670026, "SDOC_NAME": "5603_8_0 Isles of Scilly Southern Part", "SOURCE_NAM": "RSDRA2025000358301", "SDT_ID": 1950, "SDT_NAME": "UKHO Chart - Panel", "DATUM": "D_WGS_1984", "CRS_ID": 432627, "CRS_PARAMS": "PROJCS[\"WGS84_Transverse_Mercator\",GEOGCS[\"GCS_WGS_1984\",DATUM[\"D_WGS_1984\",SPHEROID[\"WGS_1984\",6378137.0,298.257223563]],PRIMEM[\"Greenwich\",0.0],UNIT[\"Degree\",0.0174532925199433]],PROJECTION[\"Transverse_Mercator\"],PARAMETER[\"False_Easting\",0.0],PARAMETE", "PUBLICATIO": "2021-11-25T00:00:00", "RECEIPTDAT": "2025-07-15T00:00:00", "UKHOVERSIO": "Current Version", "PRODUCEDBY": "UK Hydrographic Office", "PRODUCED_1": null, "PRODUCED_2": null, "IPROWNER1": "UK Hydrographic Office", "PROTECTIVE": "UNCLASSIFIED", "AUTHORITAT": "Yes", "SUBJECTMAT": null, "SUBJECTM_1": null, "SUBJECTM_2": null, "SUPPLIEDBY": null, "SUPPLIED_1": null, "SUPPLIED_2": null, "SUPPLIED_3": null, "SUPPLIED_4": null, "SCALE": 25000.0, "DEPTHUNITS": "Metres / Metres & Decimals", "SPATIALREF": 0.0, "VALIDATED": "Yes", "CHART_PREF": null, "CHART_NUMB": 0.0, "CHART_SUFF": null, "CHART_TYPE": null, "CHART_CORR": 0.0, "CHART_CO_1": 0.0, "CHART_REVI": null, "CHART_CANC": null, "CHART_INTN": 0.0, "CHART_MAIN": null, "CHART_GENE": null, "CHART_SPEC": null, "CHART_SP_1": null, "PANEL_CHAR": null, "PANEL_CH_1": 5603.0, "PANEL_CH_2": "_8", "PANEL_IDEN": "5603_8_0", "PANEL_MAIN": "Isles of Scilly Southern Part", "PANEL_GENE": null, "PANEL_MULT": "No", "PANEL_SPEC": null, "PANEL_SP_1": null, "PUBLICAT_1": 0.0, "PUBLICAT_2": null, "PUBLICAT_3": null, "PUBLICAT_4": null, "PUBLICAT_5": null, "GBENC_CELL": null, "GBENC_EDIT": null, "GBENC_FILE": null, "GBENC_ISSU": null, "GBENC_NAVP": null, "GBENC_UPDA": null, "GBENC_UP_1": null, "STATUS": "ASSESS_CLOSED", "STATUS_OP": 3512, "STATUS_DAT": "2025-07-15T00:00:00", "GEO_ID": 2296188, "SHAPE_AREA": 0.0, "SHAPE_LEN": 0.0 }, "geometry": { "type": "Polygon", "coordinates": [ [ [ -6.263622007644329, 49.934262723798042 ], [ -6.263614966807495, 49.850666867833439 ], [ -6.459306980486815, 49.850666867833439 ], [ -6.459325085495863, 49.934261717964205 ], [ -6.263622007644329, 49.934262723798042 ] ] ] } },
{ "type": "Feature", "properties": { "SDOC_ID": 2682853, "SDOC_NAME": "5602_3_2 B Continuation of Truro River", "SOURCE_NAM": "RSDRA2025000424751", "SDT_ID": 1950, "SDT_NAME": "UKHO Chart - Panel", "DATUM": "D_WGS_1984", "CRS_ID": 432627, "CRS_PARAMS": "PROJCS[\"WGS84_Transverse_Mercator\",GEOGCS[\"GCS_WGS_1984\",DATUM[\"D_WGS_1984\",SPHEROID[\"WGS_1984\",6378137.0,298.257223563]],PRIMEM[\"Greenwich\",0.0],UNIT[\"Degree\",0.0174532925199433]],PROJECTION[\"Transverse_Mercator\"],PARAMETER[\"False_Easting\",0.0],PARAMETE", "PUBLICATIO": "2025-06-26T00:00:00", "RECEIPTDAT": "2025-08-27T00:00:00", "UKHOVERSIO": "Current Version", "PRODUCEDBY": "UK Hydrographic Office", "PRODUCED_1": null, "PRODUCED_2": null, "IPROWNER1": "UK Hydrographic Office", "PROTECTIVE": "UNCLASSIFIED", "AUTHORITAT": "Yes", "SUBJECTMAT": null, "SUBJECTM_1": null, "SUBJECTM_2": null, "SUPPLIEDBY": null, "SUPPLIED_1": null, "SUPPLIED_2": null, "SUPPLIED_3": null, "SUPPLIED_4": null, "SCALE": 12500.0, "DEPTHUNITS": "Metres / Metres & Decimals", "SPATIALREF": 0.0, "VALIDATED": "Yes", "CHART_PREF": null, "CHART_NUMB": 0.0, "CHART_SUFF": null, "CHART_TYPE": null, "CHART_CORR": 0.0, "CHART_CO_1": 0.0, "CHART_REVI": null, "CHART_CANC": null, "CHART_INTN": 0.0, "CHART_MAIN": null, "CHART_GENE": null, "CHART_SPEC": null, "CHART_SP_1": null, "PANEL_CHAR": null, "PANEL_CH_1": 5602.0, "PANEL_CH_2": "_3", "PANEL_IDEN": "5602_3_2", "PANEL_MAIN": "B Continuation of Truro River", "PANEL_GENE": null, "PANEL_MULT": "No", "PANEL_SPEC": null, "PANEL_SP_1": null, "PUBLICAT_1": 0.0, "PUBLICAT_2": null, "PUBLICAT_3": null, "PUBLICAT_4": null, "PUBLICAT_5": null, "GBENC_CELL": null, "GBENC_EDIT": null, "GBENC_FILE": null, "GBENC_ISSU": null, "GBENC_NAVP": null, "GBENC_UPDA": null, "GBENC_UP_1": null, "STATUS": "ASSESS_CLOSED", "STATUS_OP": 3512, "STATUS_DAT": "2025-08-27T00:00:00", "GEO_ID": 2643037, "SHAPE_AREA": 0.0, "SHAPE_LEN": 0.0 }, "geometry": { "type": "Polygon", "coordinates": [ [ [ -5.04847213840273, 50.263334339167159 ], [ -5.036266344799827, 50.263330315831837 ], [ -5.036282438141228, 50.250497887748935 ], [ -5.016664654999005, 50.250497887748935 ], [ -5.016659625829817, 50.263332327499484 ], [ -5.006998591832627, 50.263330315831837 ], [ -5.00700563266949, 50.244313015489837 ], [ -5.014684168175421, 50.23333333333332 ], [ -5.029590625628657, 50.233336350834833 ], [ -5.04749346208007, 50.243066787366729 ], [ -5.047500502916904, 50.258336350834838 ], [ -5.048469120901217, 50.258337356668676 ], [ -5.04847213840273, 50.263334339167159 ] ] ] } },
{ "type": "Feature", "properties": { "SDOC_ID": 2682854, "SDOC_NAME": "5602_3_3 C Continuation of Tresillian River", "SOURCE_NAM": "RSDRA2025000424752", "SDT_ID": 1950, "SDT_NAME": "UKHO Chart - Panel", "DATUM": "D_WGS_1984", "CRS_ID": 432627, "CRS_PARAMS": "PROJCS[\"WGS84_Transverse_Mercator\",GEOGCS[\"GCS_WGS_1984\",DATUM[\"D_WGS_1984\",SPHEROID[\"WGS_1984\",6378137.0,298.257223563]],PRIMEM[\"Greenwich\",0.0],UNIT[\"Degree\",0.0174532925199433]],PROJECTION[\"Transverse_Mercator\"],PARAMETER[\"False_Easting\",0.0],PARAMETE", "PUBLICATIO": "2025-06-26T00:00:00", "RECEIPTDAT": "2025-08-27T00:00:00", "UKHOVERSIO": "Current Version", "PRODUCEDBY": "UK Hydrographic Office", "PRODUCED_1": null, "PRODUCED_2": null, "IPROWNER1": "UK Hydrographic Office", "PROTECTIVE": "UNCLASSIFIED", "AUTHORITAT": "Yes", "SUBJECTMAT": null, "SUBJECTM_1": null, "SUBJECTM_2": null, "SUPPLIEDBY": null, "SUPPLIED_1": null, "SUPPLIED_2": null, "SUPPLIED_3": null, "SUPPLIED_4": null, "SCALE": 20000.0, "DEPTHUNITS": "Metres / Metres & Decimals", "SPATIALREF": 0.0, "VALIDATED": "Yes", "CHART_PREF": null, "CHART_NUMB": 0.0, "CHART_SUFF": null, "CHART_TYPE": null, "CHART_CORR": 0.0, "CHART_CO_1": 0.0, "CHART_REVI": null, "CHART_CANC": null, "CHART_INTN": 0.0, "CHART_MAIN": null, "CHART_GENE": null, "CHART_SPEC": null, "CHART_SP_1": null, "PANEL_CHAR": null, "PANEL_CH_1": 5602.0, "PANEL_CH_2": "_3", "PANEL_IDEN": "5602_3_3", "PANEL_MAIN": "C Continuation of Tresillian River", "PANEL_GENE": null, "PANEL_MULT": "No", "PANEL_SPEC": null, "PANEL_SP_1": null, "PUBLICAT_1": 0.0, "PUBLICAT_2": null, "PUBLICAT_3": null, "PUBLICAT_4": null, "PUBLICAT_5": null, "GBENC_CELL": null, "GBENC_EDIT": null, "GBENC_FILE": null, "GBENC_ISSU": null, "GBENC_NAVP": null, "GBENC_UPDA": null, "GBENC_UP_1": null, "STATUS": "ASSESS_CLOSED", "STATUS_OP": 3512, "STATUS_DAT": "2025-08-27T00:00:00", "GEO_ID": 2643038, "SHAPE_AREA": 0.0, "SHAPE_LEN": 0.0 }, "geometry": { "type": "Polygon", "coordinates": [ [ [ -5.015, 50.261666666666656 ], [ -5.015, 50.280166968416808 ], [ -4.99, 50.280166968416808 ], [ -4.99, 50.261666666666656 ], [ -5.015, 50.261666666666656 ] ] ] } },
{ "type": "Feature", "properties": { "SDOC_ID": 2718513, "SDOC_NAME": "5608_8_3 C Lynmouth", "SOURCE_NAM": "RSDRA2025000594394", "SDT_ID": 1950, "SDT_NAME": "UKHO Chart - Panel", "DATUM": "D_WGS_1984", "CRS_ID": 432627, "CRS_PARAMS": "PROJCS[\"WGS84_Transverse_Mercator\",GEOGCS[\"GCS_WGS_1984\",DATUM[\"D_WGS_1984\",SPHEROID[\"WGS_1984\",6378137.0,298.257223563]],PRIMEM[\"Greenwich\",0.0],UNIT[\"Degree\",0.0174532925199433]],PROJECTION[\"Transverse_Mercator\"],PARAMETER[\"False_Easting\",0.0],PARAMETE", "PUBLICATIO": "2026-01-08T00:00:00", "RECEIPTDAT": "2025-12-21T00:00:00", "UKHOVERSIO": "Current Version", "PRODUCEDBY": "UK Hydrographic Office", "PRODUCED_1": null, "PRODUCED_2": null, "IPROWNER1": "UK Hydrographic Office", "PROTECTIVE": "UNCLASSIFIED", "AUTHORITAT": "Yes", "SUBJECTMAT": null, "SUBJECTM_1": null, "SUBJECTM_2": null, "SUPPLIEDBY": null, "SUPPLIED_1": null, "SUPPLIED_2": null, "SUPPLIED_3": null, "SUPPLIED_4": null, "SCALE": 20000.0, "DEPTHUNITS": "Metres / Metres & Decimals", "SPATIALREF": 0.0, "VALIDATED": "Yes", "CHART_PREF": null, "CHART_NUMB": 0.0, "CHART_SUFF": null, "CHART_TYPE": null, "CHART_CORR": 0.0, "CHART_CO_1": 0.0, "CHART_REVI": null, "CHART_CANC": null, "CHART_INTN": 0.0, "CHART_MAIN": null, "CHART_GENE": null, "CHART_SPEC": null, "CHART_SP_1": null, "PANEL_CHAR": null, "PANEL_CH_1": 5608.0, "PANEL_CH_2": "_8", "PANEL_IDEN": "5608_8_3", "PANEL_MAIN": "C Lynmouth", "PANEL_GENE": null, "PANEL_MULT": "No", "PANEL_SPEC": null, "PANEL_SP_1": null, "PUBLICAT_1": 0.0, "PUBLICAT_2": null, "PUBLICAT_3": null, "PUBLICAT_4": null, "PUBLICAT_5": null, "GBENC_CELL": null, "GBENC_EDIT": null, "GBENC_FILE": null, "GBENC_ISSU": null, "GBENC_NAVP": null, "GBENC_UPDA": null, "GBENC_UP_1": null, "STATUS": "ASSESS_CLOSED", "STATUS_OP": 29636, "STATUS_DAT": "2025-12-21T00:00:00", "GEO_ID": 2698637, "SHAPE_AREA": 0.0, "SHAPE_LEN": 0.0 }, "geometry": { "type": "Polygon", "coordinates": [ [ [ -3.839500100583393, 51.229065580366125 ], [ -3.839500100583393, 51.260166968416826 ], [ -3.784500100583386, 51.260166968416826 ], [ -3.784500100583386, 51.229066586199963 ], [ -3.839500100583393, 51.229065580366125 ] ] ] } },
{ "type": "Feature", "properties": { "SDOC_ID": 2718515, "SDOC_NAME": "5608_8_5 E Minehead", "SOURCE_NAM": "RSDRA2025000594396", "SDT_ID": 1950, "SDT_NAME": "UKHO Chart - Panel", "DATUM": "D_WGS_1984", "CRS_ID": 432627, "CRS_PARAMS": "PROJCS[\"WGS84_Transverse_Mercator\",GEOGCS[\"GCS_WGS_1984\",DATUM[\"D_WGS_1984\",SPHEROID[\"WGS_1984\",6378137.0,298.257223563]],PRIMEM[\"Greenwich\",0.0],UNIT[\"Degree\",0.0174532925199433]],PROJECTION[\"Transverse_Mercator\"],PARAMETER[\"False_Easting\",0.0],PARAMETE", "PUBLICATIO": "2026-01-08T00:00:00", "RECEIPTDAT": "2025-12-21T00:00:00", "UKHOVERSIO": "Current Version", "PRODUCEDBY": "UK Hydrographic Office", "PRODUCED_1": null, "PRODUCED_2": null, "IPROWNER1": "UK Hydrographic Office", "PROTECTIVE": "UNCLASSIFIED", "AUTHORITAT": "Yes", "SUBJECTMAT": null, "SUBJECTM_1": null, "SUBJECTM_2": null, "SUPPLIEDBY": null, "SUPPLIED_1": null, "SUPPLIED_2": null, "SUPPLIED_3": null, "SUPPLIED_4": null, "SCALE": 20000.0, "DEPTHUNITS": "Metres / Metres & Decimals", "SPATIALREF": 0.0, "VALIDATED": "Yes", "CHART_PREF": null, "CHART_NUMB": 0.0, "CHART_SUFF": null, "CHART_TYPE": null, "CHART_CORR": 0.0, "CHART_CO_1": 0.0, "CHART_REVI": null, "CHART_CANC": null, "CHART_INTN": 0.0, "CHART_MAIN": null, "CHART_GENE": null, "CHART_SPEC": null, "CHART_SP_1": null, "PANEL_CHAR": null, "PANEL_CH_1": 5608.0, "PANEL_CH_2": "_8", "PANEL_IDEN": "5608_8_5", "PANEL_MAIN": "E Minehead", "PANEL_GENE": null, "PANEL_MULT": "No", "PANEL_SPEC": null, "PANEL_SP_1": null, "PUBLICAT_1": 0.0, "PUBLICAT_2": null, "PUBLICAT_3": null, "PUBLICAT_4": null, "PUBLICAT_5": null, "GBENC_CELL": null, "GBENC_EDIT": null, "GBENC_FILE": null, "GBENC_ISSU": null, "GBENC_NAVP": null, "GBENC_UPDA": null, "GBENC_UP_1": null, "STATUS": "ASSESS_CLOSED", "STATUS_OP": 29636, "STATUS_DAT": "2025-12-21T00:00:00", "GEO_ID": 2698639, "SHAPE_AREA": 0.0, "SHAPE_LEN": 0.0 }, "geometry": { "type": "Polygon", "coordinates": [ [ [ -3.491886944276814, 51.205233353450012 ], [ -3.49176624421645, 51.231602293301137 ], [ -3.441675719171201, 51.231368939851137 ], [ -3.441666666666663, 51.215001005833841 ], [ -3.439989941661651, 51.214995976664653 ], [ -3.439991953329297, 51.211670690002023 ], [ -3.441668678334338, 51.211670690002023 ], [ -3.441666666666663, 51.205235365117687 ], [ -3.491886944276814, 51.205233353450012 ] ] ] } },
{ "type": "Feature", "properties": { "SDOC_ID": 2730975, "SDOC_NAME": "5602_6_1 A Plymouth to Salcombe", "SOURCE_NAM": "RSDRA2026000044772", "SDT_ID": 1950, "SDT_NAME": "UKHO Chart - Panel", "DATUM": "D_WGS_1984", "CRS_ID": 432612, "CRS_PARAMS": "PROJCS[\"WGS84_Mercator\",GEOGCS[\"GCS_WGS_1984\",DATUM[\"D_WGS_1984\",SPHEROID[\"WGS_1984\",6378137.0,298.257223563]],PRIMEM[\"Greenwich\",0.0],UNIT[\"Degree\",0.0174532925199433]],PROJECTION[\"Mercator\"],PARAMETER[\"False_Easting\",0.0],PARAMETER[\"False_Northing\",0.0", "PUBLICATIO": "2025-07-03T00:00:00", "RECEIPTDAT": "2026-02-04T00:00:00", "UKHOVERSIO": "Current Version", "PRODUCEDBY": "UK Hydrographic Office", "PRODUCED_1": null, "PRODUCED_2": null, "IPROWNER1": "UK Hydrographic Office", "PROTECTIVE": "UNCLASSIFIED", "AUTHORITAT": "Yes", "SUBJECTMAT": null, "SUBJECTM_1": null, "SUBJECTM_2": null, "SUPPLIEDBY": null, "SUPPLIED_1": null, "SUPPLIED_2": null, "SUPPLIED_3": null, "SUPPLIED_4": null, "SCALE": 75000.0, "DEPTHUNITS": "Metres / Metres & Decimals", "SPATIALREF": 0.0, "VALIDATED": "Yes", "CHART_PREF": null, "CHART_NUMB": 0.0, "CHART_SUFF": null, "CHART_TYPE": null, "CHART_CORR": 0.0, "CHART_CO_1": 0.0, "CHART_REVI": null, "CHART_CANC": null, "CHART_INTN": 0.0, "CHART_MAIN": null, "CHART_GENE": null, "CHART_SPEC": null, "CHART_SP_1": null, "PANEL_CHAR": null, "PANEL_CH_1": 5602.0, "PANEL_CH_2": "_6", "PANEL_IDEN": "5602_6_1", "PANEL_MAIN": "A Plymouth to Salcombe", "PANEL_GENE": null, "PANEL_MULT": "No", "PANEL_SPEC": null, "PANEL_SP_1": null, "PUBLICAT_1": 0.0, "PUBLICAT_2": null, "PUBLICAT_3": null, "PUBLICAT_4": null, "PUBLICAT_5": null, "GBENC_CELL": null, "GBENC_EDIT": null, "GBENC_FILE": null, "GBENC_ISSU": null, "GBENC_NAVP": null, "GBENC_UPDA": null, "GBENC_UP_1": null, "STATUS": "ASSESS_CLOSED", "STATUS_OP": 8233, "STATUS_DAT": "2026-02-04T00:00:00", "GEO_ID": 2643792, "SHAPE_AREA": 0.0, "SHAPE_LEN": 0.0 }, "geometry": { "type": "Polygon", "coordinates": [ [ [ -4.283333333333331, 50.164000201166772 ], [ -4.283333333333331, 50.415999798833241 ], [ -3.688167370750364, 50.415999798833241 ], [ -3.688167370750364, 50.164000201166772 ], [ -4.283333333333331, 50.164000201166772 ] ] ] } },
{ "type": "Feature", "properties": { "SDOC_ID": 2743725, "SDOC_NAME": "2253_0 Dartmouth Harbour", "SOURCE_NAM": "RSDRA2026000105581", "SDT_ID": 1950, "SDT_NAME": "UKHO Chart - Panel", "DATUM": "D_WGS_1984", "CRS_ID": 432627, "CRS_PARAMS": "PROJCS[\"WGS84_Transverse_Mercator\",GEOGCS[\"GCS_WGS_1984\",DATUM[\"D_WGS_1984\",SPHEROID[\"WGS_1984\",6378137.0,298.257223563]],PRIMEM[\"Greenwich\",0.0],UNIT[\"Degree\",0.0174532925199433]],PROJECTION[\"Transverse_Mercator\"],PARAMETER[\"False_Easting\",0.0],PARAMETE", "PUBLICATIO": "2022-09-29T00:00:00", "RECEIPTDAT": "2026-03-18T00:00:00", "UKHOVERSIO": "Current Version", "PRODUCEDBY": "UK Hydrographic Office", "PRODUCED_1": "RT1E", "PRODUCED_2": null, "IPROWNER1": "UK Hydrographic Office", "PROTECTIVE": "UNCLASSIFIED", "AUTHORITAT": "Yes", "SUBJECTMAT": null, "SUBJECTM_1": null, "SUBJECTM_2": null, "SUPPLIEDBY": null, "SUPPLIED_1": null, "SUPPLIED_2": null, "SUPPLIED_3": null, "SUPPLIED_4": null, "SCALE": 6250.0, "DEPTHUNITS": "Metres / Metres & Decimals", "SPATIALREF": 0.0, "VALIDATED": "Yes", "CHART_PREF": null, "CHART_NUMB": 0.0, "CHART_SUFF": null, "CHART_TYPE": null, "CHART_CORR": 0.0, "CHART_CO_1": 0.0, "CHART_REVI": null, "CHART_CANC": null, "CHART_INTN": 0.0, "CHART_MAIN": null, "CHART_GENE": null, "CHART_SPEC": null, "CHART_SP_1": null, "PANEL_CHAR": null, "PANEL_CH_1": 2253.0, "PANEL_CH_2": null, "PANEL_IDEN": "2253_0", "PANEL_MAIN": "Dartmouth Harbour", "PANEL_GENE": null, "PANEL_MULT": "No", "PANEL_SPEC": null, "PANEL_SP_1": null, "PUBLICAT_1": 0.0, "PUBLICAT_2": null, "PUBLICAT_3": null, "PUBLICAT_4": null, "PUBLICAT_5": null, "GBENC_CELL": null, "GBENC_EDIT": null, "GBENC_FILE": null, "GBENC_ISSU": null, "GBENC_NAVP": null, "GBENC_UPDA": null, "GBENC_UP_1": null, "STATUS": "ASSESS_CLOSED", "STATUS_OP": 19592, "STATUS_DAT": "2026-03-18T00:00:00", "GEO_ID": 2373077, "SHAPE_AREA": 0.0, "SHAPE_LEN": 0.0 }, "geometry": { "type": "Polygon", "coordinates": [ [ [ -3.587025749346196, 50.31946791390061 ], [ -3.587027761013871, 50.375654797827394 ], [ -3.576097364715338, 50.375654797827394 ], [ -3.576095353047663, 50.372134379400535 ], [ -3.567643331321676, 50.362835445584381 ], [ -3.567641319654001, 50.351921142627248 ], [ -3.537619191309602, 50.340648762824372 ], [ -3.529982900824791, 50.340646751156697 ], [ -3.529980889157116, 50.319466908066801 ], [ -3.587025749346196, 50.31946791390061 ] ] ] } },
{ "type": "Feature", "properties": { "SDOC_ID": 2750485, "SDOC_NAME": "1168_5 E Newquay Bay", "SOURCE_NAM": "RSDRA2026000138712", "SDT_ID": 1950, "SDT_NAME": "UKHO Chart - Panel", "DATUM": "D_WGS_1984", "CRS_ID": 432627, "CRS_PARAMS": "PROJCS[\"WGS84_Transverse_Mercator\",GEOGCS[\"GCS_WGS_1984\",DATUM[\"D_WGS_1984\",SPHEROID[\"WGS_1984\",6378137.0,298.257223563]],PRIMEM[\"Greenwich\",0.0],UNIT[\"Degree\",0.0174532925199433]],PROJECTION[\"Transverse_Mercator\"],PARAMETER[\"False_Easting\",0.0],PARAMETE", "PUBLICATIO": "2021-06-17T00:00:00", "RECEIPTDAT": "2026-04-10T00:00:00", "UKHOVERSIO": "Current Version", "PRODUCEDBY": "UK Hydrographic Office", "PRODUCED_1": "RT1W", "PRODUCED_2": null, "IPROWNER1": "UK Hydrographic Office", "PROTECTIVE": "UNCLASSIFIED", "AUTHORITAT": "Yes", "SUBJECTMAT": null, "SUBJECTM_1": null, "SUBJECTM_2": null, "SUPPLIEDBY": null, "SUPPLIED_1": null, "SUPPLIED_2": null, "SUPPLIED_3": null, "SUPPLIED_4": null, "SCALE": 12500.0, "DEPTHUNITS": "Metres / Metres & Decimals", "SPATIALREF": 0.0, "VALIDATED": "Yes", "CHART_PREF": null, "CHART_NUMB": 0.0, "CHART_SUFF": null, "CHART_TYPE": null, "CHART_CORR": 0.0, "CHART_CO_1": 0.0, "CHART_REVI": null, "CHART_CANC": null, "CHART_INTN": 0.0, "CHART_MAIN": null, "CHART_GENE": null, "CHART_SPEC": null, "CHART_SP_1": null, "PANEL_CHAR": null, "PANEL_CH_1": 1168.0, "PANEL_CH_2": null, "PANEL_IDEN": "1168_5", "PANEL_MAIN": "E Newquay Bay", "PANEL_GENE": null, "PANEL_MULT": "No", "PANEL_SPEC": null, "PANEL_SP_1": null, "PUBLICAT_1": 0.0, "PUBLICAT_2": null, "PUBLICAT_3": null, "PUBLICAT_4": null, "PUBLICAT_5": null, "GBENC_CELL": null, "GBENC_EDIT": null, "GBENC_FILE": null, "GBENC_ISSU": null, "GBENC_NAVP": null, "GBENC_UPDA": null, "GBENC_UP_1": null, "STATUS": "ASSESS_CLOSED", "STATUS_OP": 29636, "STATUS_DAT": "2026-04-10T00:00:00", "GEO_ID": 2254249, "SHAPE_AREA": 0.0, "SHAPE_LEN": 0.0 }, "geometry": { "type": "Polygon", "coordinates": [ [ [ -5.142119291892982, 50.402886743110031 ], [ -5.142115268557632, 50.435561255280618 ], [ -5.051058137195724, 50.435554214443783 ], [ -5.051062160531075, 50.402895795614569 ], [ -5.142119291892982, 50.402886743110031 ] ] ] } },
{ "type": "Feature", "properties": { "SDOC_ID": 2760359, "SDOC_NAME": "1859_2 B River Avon", "SOURCE_NAM": "RSDRA2026000190013", "SDT_ID": 1950, "SDT_NAME": "UKHO Chart - Panel", "DATUM": "D_ETRS_1989", "CRS_ID": 500650, "CRS_PARAMS": "PROJCS[\"ETRS 89 / TM Projection\",GEOGCS[\"GCS_ETRS_1989\",DATUM[\"D_ETRS_1989\",SPHEROID[\"GRS_1980\",6378137.0,298.257222101]],PRIMEM[\"Greenwich\",0.0],UNIT[\"Degree\",0.0174532925199433]],PROJECTION[\"Transverse_Mercator\"],PARAMETER[\"False_Easting\",0.0],PARAMETE", "PUBLICATIO": "2026-05-21T00:00:00", "RECEIPTDAT": "2026-05-13T00:00:00", "UKHOVERSIO": "Current Version", "PRODUCEDBY": "UK Hydrographic Office", "PRODUCED_1": "RT1W", "PRODUCED_2": null, "IPROWNER1": "UK Hydrographic Office", "PROTECTIVE": "UNCLASSIFIED", "AUTHORITAT": "Yes", "SUBJECTMAT": null, "SUBJECTM_1": null, "SUBJECTM_2": null, "SUPPLIEDBY": null, "SUPPLIED_1": null, "SUPPLIED_2": null, "SUPPLIED_3": null, "SUPPLIED_4": null, "SCALE": 10000.0, "DEPTHUNITS": "Metres / Metres & Decimals", "SPATIALREF": 0.0, "VALIDATED": "Yes", "CHART_PREF": null, "CHART_NUMB": 0.0, "CHART_SUFF": null, "CHART_TYPE": null, "CHART_CORR": 0.0, "CHART_CO_1": 0.0, "CHART_REVI": null, "CHART_CANC": null, "CHART_INTN": 0.0, "CHART_MAIN": null, "CHART_GENE": null, "CHART_SPEC": null, "CHART_SP_1": null, "PANEL_CHAR": null, "PANEL_CH_1": 1859.0, "PANEL_CH_2": null, "PANEL_IDEN": "1859_2", "PANEL_MAIN": "B River Avon", "PANEL_GENE": null, "PANEL_MULT": "No", "PANEL_SPEC": null, "PANEL_SP_1": null, "PUBLICAT_1": 0.0, "PUBLICAT_2": null, "PUBLICAT_3": null, "PUBLICAT_4": null, "PUBLICAT_5": null, "GBENC_CELL": null, "GBENC_EDIT": null, "GBENC_FILE": null, "GBENC_ISSU": null, "GBENC_NAVP": null, "GBENC_UPDA": null, "GBENC_UP_1": null, "STATUS": "ASSESS_CLOSED", "STATUS_OP": 29636, "STATUS_DAT": "2026-05-14T00:00:00", "GEO_ID": 2740441, "SHAPE_AREA": 0.0, "SHAPE_LEN": 0.0 }, "geometry": { "type": "Polygon", "coordinates": [ [ [ -2.712966203983115, 51.492143431905049 ], [ -2.647002615167963, 51.492144437738887 ], [ -2.646995574331129, 51.474504123918734 ], [ -2.617998390665861, 51.474504123918734 ], [ -2.617987326493676, 51.447811305572316 ], [ -2.638005431502705, 51.447809293904641 ], [ -2.638004425668868, 51.466834640917313 ], [ -2.692340575336942, 51.466834640917313 ], [ -2.692333534500108, 51.477836451418227 ], [ -2.712962180647764, 51.477830416415202 ], [ -2.712966203983115, 51.492143431905049 ] ] ] } },
{ "type": "Feature", "properties": { "SDOC_ID": 2765150, "SDOC_NAME": "0031_2 B Par Harbour", "SOURCE_NAM": "RSDRA2026000212291", "SDT_ID": 1950, "SDT_NAME": "UKHO Chart - Panel", "DATUM": "D_WGS_1984", "CRS_ID": 432627, "CRS_PARAMS": "PROJCS[\"WGS84_Transverse_Mercator\",GEOGCS[\"GCS_WGS_1984\",DATUM[\"D_WGS_1984\",SPHEROID[\"WGS_1984\",6378137.0,298.257223563]],PRIMEM[\"Greenwich\",0.0],UNIT[\"Degree\",0.0174532925199433]],PROJECTION[\"Transverse_Mercator\"],PARAMETER[\"False_Easting\",0.0],PARAMETE", "PUBLICATIO": "2026-06-11T00:00:00", "RECEIPTDAT": "2026-06-01T00:00:00", "UKHOVERSIO": "Current Version", "PRODUCEDBY": "UK Hydrographic Office", "PRODUCED_1": null, "PRODUCED_2": null, "IPROWNER1": "UK Hydrographic Office", "PROTECTIVE": "UNCLASSIFIED", "AUTHORITAT": "Yes", "SUBJECTMAT": null, "SUBJECTM_1": null, "SUBJECTM_2": null, "SUPPLIEDBY": null, "SUPPLIED_1": null, "SUPPLIED_2": null, "SUPPLIED_3": null, "SUPPLIED_4": null, "SCALE": 7500.0, "DEPTHUNITS": "Metres / Metres & Decimals", "SPATIALREF": 0.0, "VALIDATED": "Yes", "CHART_PREF": null, "CHART_NUMB": 0.0, "CHART_SUFF": null, "CHART_TYPE": null, "CHART_CORR": 0.0, "CHART_CO_1": 0.0, "CHART_REVI": null, "CHART_CANC": null, "CHART_INTN": 0.0, "CHART_MAIN": null, "CHART_GENE": null, "CHART_SPEC": null, "CHART_SP_1": null, "PANEL_CHAR": null, "PANEL_CH_1": 31.0, "PANEL_CH_2": null, "PANEL_IDEN": "0031_2", "PANEL_MAIN": "B Par Harbour", "PANEL_GENE": null, "PANEL_MULT": "No", "PANEL_SPEC": null, "PANEL_SP_1": null, "PUBLICAT_1": 0.0, "PUBLICAT_2": null, "PUBLICAT_3": null, "PUBLICAT_4": null, "PUBLICAT_5": null, "GBENC_CELL": null, "GBENC_EDIT": null, "GBENC_FILE": null, "GBENC_ISSU": null, "GBENC_NAVP": null, "GBENC_UPDA": null, "GBENC_UP_1": null, "STATUS": "ASSESS_CLOSED", "STATUS_OP": 22743, "STATUS_DAT": "2026-06-01T00:00:00", "GEO_ID": 2745232, "SHAPE_AREA": 0.0, "SHAPE_LEN": 0.0 }, "geometry": { "type": "Polygon", "coordinates": [ [ [ -4.722753973043666, 50.32557131361898 ], [ -4.722752967209829, 50.351016898008453 ], [ -4.675764433715557, 50.351016898008453 ], [ -4.675761416214044, 50.325570307785142 ], [ -4.722753973043666, 50.32557131361898 ] ] ] } },
{ "type": "Feature", "properties": { "SDOC_ID": 2770164, "SDOC_NAME": "0034_0 Isles of Scilly", "SOURCE_NAM": "RSDRA2026000234127", "SDT_ID": 1950, "SDT_NAME": "UKHO Chart - Panel", "DATUM": "D_WGS_1984", "CRS_ID": 432627, "CRS_PARAMS": "PROJCS[\"WGS84_Transverse_Mercator\",GEOGCS[\"GCS_WGS_1984\",DATUM[\"D_WGS_1984\",SPHEROID[\"WGS_1984\",6378137.0,298.257223563]],PRIMEM[\"Greenwich\",0.0],UNIT[\"Degree\",0.0174532925199433]],PROJECTION[\"Transverse_Mercator\"],PARAMETER[\"False_Easting\",0.0],PARAMETE", "PUBLICATIO": "2026-06-25T00:00:00", "RECEIPTDAT": "2026-06-16T00:00:00", "UKHOVERSIO": "Current Version", "PRODUCEDBY": "UK Hydrographic Office", "PRODUCED_1": "RT1W", "PRODUCED_2": null, "IPROWNER1": "UK Hydrographic Office", "PROTECTIVE": "UNCLASSIFIED", "AUTHORITAT": "Yes", "SUBJECTMAT": null, "SUBJECTM_1": null, "SUBJECTM_2": null, "SUPPLIEDBY": null, "SUPPLIED_1": null, "SUPPLIED_2": null, "SUPPLIED_3": null, "SUPPLIED_4": null, "SCALE": 25000.0, "DEPTHUNITS": "Metres / Metres & Decimals", "SPATIALREF": 0.0, "VALIDATED": "Yes", "CHART_PREF": null, "CHART_NUMB": 0.0, "CHART_SUFF": null, "CHART_TYPE": null, "CHART_CORR": 0.0, "CHART_CO_1": 0.0, "CHART_REVI": null, "CHART_CANC": null, "CHART_INTN": 0.0, "CHART_MAIN": null, "CHART_GENE": null, "CHART_SPEC": null, "CHART_SP_1": null, "PANEL_CHAR": null, "PANEL_CH_1": 34.0, "PANEL_CH_2": null, "PANEL_IDEN": "0034_0", "PANEL_MAIN": "Isles of Scilly", "PANEL_GENE": "England - West Coast", "PANEL_MULT": "No", "PANEL_SPEC": null, "PANEL_SP_1": null, "PUBLICAT_1": 0.0, "PUBLICAT_2": null, "PUBLICAT_3": null, "PUBLICAT_4": null, "PUBLICAT_5": null, "GBENC_CELL": null, "GBENC_EDIT": null, "GBENC_FILE": null, "GBENC_ISSU": null, "GBENC_NAVP": null, "GBENC_UPDA": null, "GBENC_UP_1": null, "STATUS": "ASSESS_CLOSED", "STATUS_OP": 29636, "STATUS_DAT": "2026-06-16T00:00:00", "GEO_ID": 2750246, "SHAPE_AREA": 0.0, "SHAPE_LEN": 0.0 }, "geometry": { "type": "Polygon", "coordinates": [ [ [ -6.517594045463682, 49.850606517803271 ], [ -6.517587004626847, 49.992082076041044 ], [ -6.176982498491242, 49.992082076041044 ], [ -6.176983504325079, 49.850608529470918 ], [ -6.517594045463682, 49.850606517803271 ] ] ] } },
{ "type": "Feature", "properties": { "SDOC_ID": 2773848, "SDOC_NAME": "1165_0 Bristol Channel Worms Head to Watchet", "SOURCE_NAM": "RSDRA2026000256761", "SDT_ID": 1950, "SDT_NAME": "UKHO Chart - Panel", "DATUM": "D_WGS_1984", "CRS_ID": 432612, "CRS_PARAMS": "PROJCS[\"WGS84_Mercator\",GEOGCS[\"GCS_WGS_1984\",DATUM[\"D_WGS_1984\",SPHEROID[\"WGS_1984\",6378137.0,298.257223563]],PRIMEM[\"Greenwich\",0.0],UNIT[\"Degree\",0.0174532925199433]],PROJECTION[\"Mercator\"],PARAMETER[\"False_Easting\",0.0],PARAMETER[\"False_Northing\",0.0", "PUBLICATIO": "2025-03-06T00:00:00", "RECEIPTDAT": "2026-06-29T00:00:00", "UKHOVERSIO": "Current Version", "PRODUCEDBY": "UK Hydrographic Office", "PRODUCED_1": null, "PRODUCED_2": null, "IPROWNER1": "UK Hydrographic Office", "PROTECTIVE": "UNCLASSIFIED", "AUTHORITAT": "Yes", "SUBJECTMAT": null, "SUBJECTM_1": null, "SUBJECTM_2": null, "SUPPLIEDBY": null, "SUPPLIED_1": null, "SUPPLIED_2": null, "SUPPLIED_3": null, "SUPPLIED_4": null, "SCALE": 75000.0, "DEPTHUNITS": "Metres / Metres & Decimals", "SPATIALREF": 0.0, "VALIDATED": "Yes", "CHART_PREF": null, "CHART_NUMB": 0.0, "CHART_SUFF": null, "CHART_TYPE": null, "CHART_CORR": 0.0, "CHART_CO_1": 0.0, "CHART_REVI": null, "CHART_CANC": null, "CHART_INTN": 0.0, "CHART_MAIN": null, "CHART_GENE": null, "CHART_SPEC": null, "CHART_SP_1": null, "PANEL_CHAR": null, "PANEL_CH_1": 1165.0, "PANEL_CH_2": null, "PANEL_IDEN": "1165_0", "PANEL_MAIN": "Bristol Channel Worms Head to Watchet", "PANEL_GENE": "England and Wales", "PANEL_MULT": "No", "PANEL_SPEC": null, "PANEL_SP_1": null, "PUBLICAT_1": 0.0, "PUBLICAT_2": null, "PUBLICAT_3": null, "PUBLICAT_4": null, "PUBLICAT_5": null, "GBENC_CELL": null, "GBENC_EDIT": null, "GBENC_FILE": null, "GBENC_ISSU": null, "GBENC_NAVP": null, "GBENC_UPDA": null, "GBENC_UP_1": null, "STATUS": "ASSESS_CLOSED", "STATUS_OP": 26334, "STATUS_DAT": "2026-06-29T00:00:00", "GEO_ID": 2606961, "SHAPE_AREA": 0.0, "SHAPE_LEN": 0.0 }, "geometry": { "type": "Polygon", "coordinates": [ [ [ -4.439525246429298, 51.175491852745921 ], [ -4.43951619392476, 51.609801850734272 ], [ -3.275092536712947, 51.609796821565084 ], [ -3.275079460873059, 51.175475759404549 ], [ -4.439525246429298, 51.175491852745921 ] ] ] } },
{ "type": "Feature", "properties": { "SDOC_ID": 2773873, "SDOC_NAME": "5608_12_0 Watchet to Barry", "SOURCE_NAM": "RSDRA2026000256786", "SDT_ID": 1950, "SDT_NAME": "UKHO Chart - Panel", "DATUM": "D_WGS_1984", "CRS_ID": 432627, "CRS_PARAMS": "PROJCS[\"WGS84_Transverse_Mercator\",GEOGCS[\"GCS_WGS_1984\",DATUM[\"D_WGS_1984\",SPHEROID[\"WGS_1984\",6378137.0,298.257223563]],PRIMEM[\"Greenwich\",0.0],UNIT[\"Degree\",0.0174532925199433]],PROJECTION[\"Transverse_Mercator\"],PARAMETER[\"False_Easting\",0.0],PARAMETE", "PUBLICATIO": "2022-03-03T00:00:00", "RECEIPTDAT": "2026-06-29T00:00:00", "UKHOVERSIO": "Current Version", "PRODUCEDBY": "UK Hydrographic Office", "PRODUCED_1": null, "PRODUCED_2": null, "IPROWNER1": "UK Hydrographic Office", "PROTECTIVE": "UNCLASSIFIED", "AUTHORITAT": "Yes", "SUBJECTMAT": null, "SUBJECTM_1": null, "SUBJECTM_2": null, "SUPPLIEDBY": null, "SUPPLIED_1": null, "SUPPLIED_2": null, "SUPPLIED_3": null, "SUPPLIED_4": null, "SCALE": 50000.0, "DEPTHUNITS": "Metres / Metres & Decimals", "SPATIALREF": 0.0, "VALIDATED": "Yes", "CHART_PREF": null, "CHART_NUMB": 0.0, "CHART_SUFF": null, "CHART_TYPE": null, "CHART_CORR": 0.0, "CHART_CO_1": 0.0, "CHART_REVI": null, "CHART_CANC": null, "CHART_INTN": 0.0, "CHART_MAIN": null, "CHART_GENE": null, "CHART_SPEC": null, "CHART_SP_1": null, "PANEL_CHAR": null, "PANEL_CH_1": 5608.0, "PANEL_CH_2": "_12", "PANEL_IDEN": "5608_12_0", "PANEL_MAIN": "Watchet to Barry", "PANEL_GENE": null, "PANEL_MULT": "No", "PANEL_SPEC": null, "PANEL_SP_1": null, "PUBLICAT_1": 0.0, "PUBLICAT_2": null, "PUBLICAT_3": null, "PUBLICAT_4": null, "PUBLICAT_5": null, "GBENC_CELL": null, "GBENC_EDIT": null, "GBENC_FILE": null, "GBENC_ISSU": null, "GBENC_NAVP": null, "GBENC_UPDA": null, "GBENC_UP_1": null, "STATUS": "ASSESS_CLOSED", "STATUS_OP": 26334, "STATUS_DAT": "2026-06-29T00:00:00", "GEO_ID": 2319537, "SHAPE_AREA": 0.0, "SHAPE_LEN": 0.0 }, "geometry": { "type": "Polygon", "coordinates": [ [ [ -3.497696640514988, 51.417708710521026 ], [ -3.221683765841874, 51.417705693019514 ], [ -3.221679742506524, 51.172329511164747 ], [ -3.497688593844288, 51.17233655200161 ], [ -3.497696640514988, 51.417708710521026 ] ] ] } },
{ "type": "Feature", "properties": { "SDOC_ID": 2775225, "SDOC_NAME": "5608_19_3 C Bristol City Docks", "SOURCE_NAM": "RSDRA2026000267065", "SDT_ID": 1950, "SDT_NAME": "UKHO Chart - Panel", "DATUM": "D_WGS_1984", "CRS_ID": 432627, "CRS_PARAMS": "PROJCS[\"WGS84_Transverse_Mercator\",GEOGCS[\"GCS_WGS_1984\",DATUM[\"D_WGS_1984\",SPHEROID[\"WGS_1984\",6378137.0,298.257223563]],PRIMEM[\"Greenwich\",0.0],UNIT[\"Degree\",0.0174532925199433]],PROJECTION[\"Transverse_Mercator\"],PARAMETER[\"False_Easting\",0.0],PARAMETE", "PUBLICATIO": "2026-07-09T00:00:00", "RECEIPTDAT": "2026-07-01T00:00:00", "UKHOVERSIO": "Current Version", "PRODUCEDBY": "UK Hydrographic Office", "PRODUCED_1": null, "PRODUCED_2": null, "IPROWNER1": "UK Hydrographic Office", "PROTECTIVE": "UNCLASSIFIED", "AUTHORITAT": "Yes", "SUBJECTMAT": null, "SUBJECTM_1": null, "SUBJECTM_2": null, "SUPPLIEDBY": null, "SUPPLIED_1": null, "SUPPLIED_2": null, "SUPPLIED_3": null, "SUPPLIED_4": null, "SCALE": 5000.0, "DEPTHUNITS": "Metres / Metres & Decimals", "SPATIALREF": 0.0, "VALIDATED": "Yes", "CHART_PREF": null, "CHART_NUMB": 0.0, "CHART_SUFF": null, "CHART_TYPE": null, "CHART_CORR": 0.0, "CHART_CO_1": 0.0, "CHART_REVI": null, "CHART_CANC": null, "CHART_INTN": 0.0, "CHART_MAIN": null, "CHART_GENE": null, "CHART_SPEC": null, "CHART_SP_1": null, "PANEL_CHAR": null, "PANEL_CH_1": 5608.0, "PANEL_CH_2": "_19", "PANEL_IDEN": "5608_19_3", "PANEL_MAIN": "C Bristol City Docks", "PANEL_GENE": null, "PANEL_MULT": "No", "PANEL_SPEC": null, "PANEL_SP_1": null, "PUBLICAT_1": 0.0, "PUBLICAT_2": null, "PUBLICAT_3": null, "PUBLICAT_4": null, "PUBLICAT_5": null, "GBENC_CELL": null, "GBENC_EDIT": null, "GBENC_FILE": null, "GBENC_ISSU": null, "GBENC_NAVP": null, "GBENC_UPDA": null, "GBENC_UP_1": null, "STATUS": "ASSESS_CLOSED", "STATUS_OP": 26334, "STATUS_DAT": "2026-07-01T00:00:00", "GEO_ID": 2755307, "SHAPE_AREA": 0.0, "SHAPE_LEN": 0.0 }, "geometry": { "type": "Polygon", "coordinates": [ [ [ -2.625, 51.445332930999797 ], [ -2.625, 51.454333132166568 ], [ -2.591332729833027, 51.454333132166568 ], [ -2.591332729833027, 51.445332930999797 ], [ -2.625, 51.445332930999797 ] ] ] } },
{ "type": "Feature", "properties": { "SDOC_ID": 2779295, "SDOC_NAME": "1967_0 Plymouth Sound", "SOURCE_NAM": "RSDRA2026000281811", "SDT_ID": 1950, "SDT_NAME": "UKHO Chart - Panel", "DATUM": "D_WGS_1984", "CRS_ID": 432627, "CRS_PARAMS": "PROJCS[\"WGS84_Transverse_Mercator\",GEOGCS[\"GCS_WGS_1984\",DATUM[\"D_WGS_1984\",SPHEROID[\"WGS_1984\",6378137.0,298.257223563]],PRIMEM[\"Greenwich\",0.0],UNIT[\"Degree\",0.0174532925199433]],PROJECTION[\"Transverse_Mercator\"],PARAMETER[\"False_Easting\",0.0],PARAMETE", "PUBLICATIO": "2026-07-23T00:00:00", "RECEIPTDAT": "2026-07-14T00:00:00", "UKHOVERSIO": "Current Version", "PRODUCEDBY": "UK Hydrographic Office", "PRODUCED_1": null, "PRODUCED_2": null, "IPROWNER1": "UK Hydrographic Office", "PROTECTIVE": "UNCLASSIFIED", "AUTHORITAT": "Yes", "SUBJECTMAT": null, "SUBJECTM_1": null, "SUBJECTM_2": null, "SUPPLIEDBY": null, "SUPPLIED_1": null, "SUPPLIED_2": null, "SUPPLIED_3": null, "SUPPLIED_4": null, "SCALE": 7500.0, "DEPTHUNITS": "Metres / Metres & Decimals", "SPATIALREF": 0.0, "VALIDATED": "Yes", "CHART_PREF": null, "CHART_NUMB": 0.0, "CHART_SUFF": null, "CHART_TYPE": null, "CHART_CORR": 0.0, "CHART_CO_1": 0.0, "CHART_REVI": null, "CHART_CANC": null, "CHART_INTN": 0.0, "CHART_MAIN": null, "CHART_GENE": null, "CHART_SPEC": null, "CHART_SP_1": null, "PANEL_CHAR": null, "PANEL_CH_1": 1967.0, "PANEL_CH_2": null, "PANEL_IDEN": "1967_0", "PANEL_MAIN": "Plymouth Sound", "PANEL_GENE": "England - South coast", "PANEL_MULT": "No", "PANEL_SPEC": null, "PANEL_SP_1": null, "PUBLICAT_1": 0.0, "PUBLICAT_2": null, "PUBLICAT_3": null, "PUBLICAT_4": null, "PUBLICAT_5": null, "GBENC_CELL": null, "GBENC_EDIT": null, "GBENC_FILE": null, "GBENC_ISSU": null, "GBENC_NAVP": null, "GBENC_UPDA": null, "GBENC_UP_1": null, "STATUS": "ASSESS_CLOSED", "STATUS_OP": 26334, "STATUS_DAT": "2026-07-14T00:00:00", "GEO_ID": 2759377, "SHAPE_AREA": 0.0, "SHAPE_LEN": 0.0 }, "geometry": { "type": "Polygon", "coordinates": [ [ [ -4.204973848320265, 50.32790484811909 ], [ -4.20497585998794, 50.370383222691601 ], [ -4.101756185878088, 50.370383222691601 ], [ -4.101757191711926, 50.32790484811909 ], [ -4.204973848320265, 50.32790484811909 ] ] ] } },
{ "type": "Feature", "properties": { "SDOC_ID": 2782679, "SDOC_NAME": "5602_8_1 A Salcombe to Teignmouth", "SOURCE_NAM": "RSDRA2026000304710", "SDT_ID": 1950, "SDT_NAME": "UKHO Chart - Panel", "DATUM": "D_WGS_1984", "CRS_ID": 432612, "CRS_PARAMS": "PROJCS[\"WGS84_Mercator\",GEOGCS[\"GCS_WGS_1984\",DATUM[\"D_WGS_1984\",SPHEROID[\"WGS_1984\",6378137.0,298.257223563]],PRIMEM[\"Greenwich\",0.0],UNIT[\"Degree\",0.0174532925199433]],PROJECTION[\"Mercator\"],PARAMETER[\"False_Easting\",0.0],PARAMETER[\"False_Northing\",0.0", "PUBLICATIO": "2025-07-03T00:00:00", "RECEIPTDAT": "2026-07-24T00:00:00", "UKHOVERSIO": "Current Version", "PRODUCEDBY": "UK Hydrographic Office", "PRODUCED_1": null, "PRODUCED_2": null, "IPROWNER1": "UK Hydrographic Office", "PROTECTIVE": "UNCLASSIFIED", "AUTHORITAT": "Yes", "SUBJECTMAT": null, "SUBJECTM_1": null, "SUBJECTM_2": null, "SUPPLIEDBY": null, "SUPPLIED_1": null, "SUPPLIED_2": null, "SUPPLIED_3": null, "SUPPLIED_4": null, "SCALE": 75000.0, "DEPTHUNITS": "Metres / Metres & Decimals", "SPATIALREF": 0.0, "VALIDATED": "Yes", "CHART_PREF": null, "CHART_NUMB": 0.0, "CHART_SUFF": null, "CHART_TYPE": null, "CHART_CORR": 0.0, "CHART_CO_1": 0.0, "CHART_REVI": null, "CHART_CANC": null, "CHART_INTN": 0.0, "CHART_MAIN": null, "CHART_GENE": null, "CHART_SPEC": null, "CHART_SP_1": null, "PANEL_CHAR": null, "PANEL_CH_1": 5602.0, "PANEL_CH_2": "_8", "PANEL_IDEN": "5602_8_1", "PANEL_MAIN": "A Salcombe to Teignmouth", "PANEL_GENE": null, "PANEL_MULT": "No", "PANEL_SPEC": null, "PANEL_SP_1": null, "PUBLICAT_1": 0.0, "PUBLICAT_2": null, "PUBLICAT_3": null, "PUBLICAT_4": null, "PUBLICAT_5": null, "GBENC_CELL": null, "GBENC_EDIT": null, "GBENC_FILE": null, "GBENC_ISSU": null, "GBENC_NAVP": null, "GBENC_UPDA": null, "GBENC_UP_1": null, "STATUS": "ASSESS_CLOSED", "STATUS_OP": 20300, "STATUS_DAT": "2026-07-24T00:00:00", "GEO_ID": 2644019, "SHAPE_AREA": 0.0, "SHAPE_LEN": 0.0 }, "geometry": { "type": "Polygon", "coordinates": [ [ [ -3.799980889157098, 50.180822772078045 ], [ -3.8, 50.55 ], [ -3.391832629249649, 50.55 ], [ -3.391951317642338, 50.180814725407373 ], [ -3.799980889157098, 50.180822772078045 ] ] ] } },
{ "type": "Feature", "properties": { "SDOC_ID": 2315865, "SDOC_NAME": "5603_6_2 B Continuation to Gweek", "SOURCE_NAM": "RSDRA2021000318706", "SDT_ID": 1950, "SDT_NAME": "UKHO Chart - Panel", "DATUM": "D_WGS_1984", "CRS_ID": 432627, "CRS_PARAMS": "PROJCS[\"WGS84_Transverse_Mercator\",GEOGCS[\"GCS_WGS_1984\",DATUM[\"D_WGS_1984\",SPHEROID[\"WGS_1984\",6378137.0,298.257223563]],PRIMEM[\"Greenwich\",0.0],UNIT[\"Degree\",0.0174532925199433]],PROJECTION[\"Transverse_Mercator\"],PARAMETER[\"False_Easting\",0.0],PARAMETE", "PUBLICATIO": "2021-11-25T00:00:00", "RECEIPTDAT": "2021-11-12T00:00:00", "UKHOVERSIO": "Current Version", "PRODUCEDBY": "UK Hydrographic Office", "PRODUCED_1": null, "PRODUCED_2": null, "IPROWNER1": "UK Hydrographic Office", "PROTECTIVE": "UNCLASSIFIED", "AUTHORITAT": "Yes", "SUBJECTMAT": null, "SUBJECTM_1": null, "SUBJECTM_2": null, "SUPPLIEDBY": null, "SUPPLIED_1": null, "SUPPLIED_2": null, "SUPPLIED_3": null, "SUPPLIED_4": null, "SCALE": 12500.0, "DEPTHUNITS": "Metres / Metres & Decimals", "SPATIALREF": 0.0, "VALIDATED": "Yes", "CHART_PREF": null, "CHART_NUMB": 0.0, "CHART_SUFF": null, "CHART_TYPE": null, "CHART_CORR": 0.0, "CHART_CO_1": 0.0, "CHART_REVI": null, "CHART_CANC": null, "CHART_INTN": 0.0, "CHART_MAIN": null, "CHART_GENE": null, "CHART_SPEC": null, "CHART_SP_1": null, "PANEL_CHAR": null, "PANEL_CH_1": 5603.0, "PANEL_CH_2": "_6", "PANEL_IDEN": "5603_6_2", "PANEL_MAIN": "B Continuation to Gweek", "PANEL_GENE": null, "PANEL_MULT": "No", "PANEL_SPEC": null, "PANEL_SP_1": null, "PUBLICAT_1": 0.0, "PUBLICAT_2": null, "PUBLICAT_3": null, "PUBLICAT_4": null, "PUBLICAT_5": null, "GBENC_CELL": null, "GBENC_EDIT": null, "GBENC_FILE": null, "GBENC_ISSU": null, "GBENC_NAVP": null, "GBENC_UPDA": null, "GBENC_UP_1": null, "STATUS": "ASSESS_CLOSED", "STATUS_OP": 27614, "STATUS_DAT": "2021-11-22T00:00:00", "GEO_ID": 2296089, "SHAPE_AREA": 0.0, "SHAPE_LEN": 0.0 }, "geometry": { "type": "Polygon", "coordinates": [ [ [ -5.161665660832824, 50.093995171997591 ], [ -5.16167169583585, 50.080674914504129 ], [ -5.21166364916516, 50.080674914504129 ], [ -5.211658619995973, 50.097343592838456 ], [ -5.195830818748732, 50.097336552001622 ], [ -5.195828807081057, 50.093989136994566 ], [ -5.161665660832824, 50.093995171997591 ] ] ] } },
{ "type": "Feature", "properties": { "SDOC_ID": 2472173, "SDOC_NAME": "1482_3 C Tenby and Saundersfoot with Approaches", "SOURCE_NAM": "RSDRA2023000208029", "SDT_ID": 1950, "SDT_NAME": "UKHO Chart - Panel", "DATUM": "D_WGS_1984", "CRS_ID": 432627, "CRS_PARAMS": "PROJCS[\"WGS84_Transverse_Mercator\",GEOGCS[\"GCS_WGS_1984\",DATUM[\"D_WGS_1984\",SPHEROID[\"WGS_1984\",6378137.0,298.257223563]],PRIMEM[\"Greenwich\",0.0],UNIT[\"Degree\",0.0174532925199433]],PROJECTION[\"Transverse_Mercator\"],PARAMETER[\"False_Easting\",0.0],PARAMETE", "PUBLICATIO": "2023-08-17T00:00:00", "RECEIPTDAT": "2023-08-09T00:00:00", "UKHOVERSIO": "Current Version", "PRODUCEDBY": "UK Hydrographic Office", "PRODUCED_1": null, "PRODUCED_2": null, "IPROWNER1": "UK Hydrographic Office", "PROTECTIVE": "UNCLASSIFIED", "AUTHORITAT": "Yes", "SUBJECTMAT": null, "SUBJECTM_1": null, "SUBJECTM_2": null, "SUPPLIEDBY": null, "SUPPLIED_1": null, "SUPPLIED_2": null, "SUPPLIED_3": null, "SUPPLIED_4": null, "SCALE": 25000.0, "DEPTHUNITS": "Metres / Metres & Decimals", "SPATIALREF": 0.0, "VALIDATED": "Yes", "CHART_PREF": null, "CHART_NUMB": 0.0, "CHART_SUFF": null, "CHART_TYPE": null, "CHART_CORR": 0.0, "CHART_CO_1": 0.0, "CHART_REVI": null, "CHART_CANC": null, "CHART_INTN": 0.0, "CHART_MAIN": null, "CHART_GENE": null, "CHART_SPEC": null, "CHART_SP_1": null, "PANEL_CHAR": null, "PANEL_CH_1": 1482.0, "PANEL_CH_2": null, "PANEL_IDEN": "1482_3", "PANEL_MAIN": "C Tenby and Saundersfoot with Approaches", "PANEL_GENE": null, "PANEL_MULT": "No", "PANEL_SPEC": null, "PANEL_SP_1": null, "PUBLICAT_1": 0.0, "PUBLICAT_2": null, "PUBLICAT_3": null, "PUBLICAT_4": null, "PUBLICAT_5": null, "GBENC_CELL": null, "GBENC_EDIT": null, "GBENC_FILE": null, "GBENC_ISSU": null, "GBENC_NAVP": null, "GBENC_UPDA": null, "GBENC_UP_1": null, "STATUS": "ASSESS_CLOSED", "STATUS_OP": 10738, "STATUS_DAT": "2023-08-09T00:00:00", "GEO_ID": 2452397, "SHAPE_AREA": 0.0, "SHAPE_LEN": 0.0 }, "geometry": { "type": "Polygon", "coordinates": [ [ [ -4.787726815530078, 51.748684369342186 ], [ -4.699993964996992, 51.748687386843699 ], [ -4.607348622007635, 51.748694427680533 ], [ -4.60735063367531, 51.666671695835845 ], [ -4.607349627841472, 51.607111245222285 ], [ -4.700018105009065, 51.607120297726823 ], [ -4.78771776302554, 51.607104204385422 ], [ -4.787721786360891, 51.675002011667686 ], [ -4.787726815530078, 51.748684369342186 ] ] ] } },
{ "type": "Feature", "properties": { "SDOC_ID": 2490202, "SDOC_NAME": "5620_15_0 Approaches to Tenby and Saundersfoot", "SOURCE_NAM": "RSDRA2023000278224", "SDT_ID": 1950, "SDT_NAME": "UKHO Chart - Panel", "DATUM": "D_WGS_1984", "CRS_ID": 432627, "CRS_PARAMS": "PROJCS[\"WGS84_Transverse_Mercator\",GEOGCS[\"GCS_WGS_1984\",DATUM[\"D_WGS_1984\",SPHEROID[\"WGS_1984\",6378137.0,298.257223563]],PRIMEM[\"Greenwich\",0.0],UNIT[\"Degree\",0.0174532925199433]],PROJECTION[\"Transverse_Mercator\"],PARAMETER[\"False_Easting\",0.0],PARAMETE", "PUBLICATIO": "2023-10-26T00:00:00", "RECEIPTDAT": "2023-10-18T00:00:00", "UKHOVERSIO": "Current Version", "PRODUCEDBY": "UK Hydrographic Office", "PRODUCED_1": null, "PRODUCED_2": null, "IPROWNER1": "UK Hydrographic Office", "PROTECTIVE": "UNCLASSIFIED", "AUTHORITAT": "Yes", "SUBJECTMAT": null, "SUBJECTM_1": null, "SUBJECTM_2": null, "SUPPLIEDBY": null, "SUPPLIED_1": null, "SUPPLIED_2": null, "SUPPLIED_3": null, "SUPPLIED_4": null, "SCALE": 25000.0, "DEPTHUNITS": "Metres / Metres & Decimals", "SPATIALREF": 0.0, "VALIDATED": "Yes", "CHART_PREF": null, "CHART_NUMB": 0.0, "CHART_SUFF": null, "CHART_TYPE": null, "CHART_CORR": 0.0, "CHART_CO_1": 0.0, "CHART_REVI": null, "CHART_CANC": null, "CHART_INTN": 0.0, "CHART_MAIN": null, "CHART_GENE": null, "CHART_SPEC": null, "CHART_SP_1": null, "PANEL_CHAR": null, "PANEL_CH_1": 5620.0, "PANEL_CH_2": "_15", "PANEL_IDEN": "5620_15_0", "PANEL_MAIN": "Approaches to Tenby and Saundersfoot", "PANEL_GENE": null, "PANEL_MULT": "No", "PANEL_SPEC": null, "PANEL_SP_1": null, "PUBLICAT_1": 0.0, "PUBLICAT_2": null, "PUBLICAT_3": null, "PUBLICAT_4": null, "PUBLICAT_5": null, "GBENC_CELL": null, "GBENC_EDIT": null, "GBENC_FILE": null, "GBENC_ISSU": null, "GBENC_NAVP": null, "GBENC_UPDA": null, "GBENC_UP_1": null, "STATUS": "ASSESS_CLOSED", "STATUS_OP": 527, "STATUS_DAT": "2023-10-20T00:00:00", "GEO_ID": 2470417, "SHAPE_AREA": 0.0, "SHAPE_LEN": 0.0 }, "geometry": { "type": "Polygon", "coordinates": [ [ [ -4.74666666666667, 51.615999798833229 ], [ -4.746680748340367, 51.738832226916116 ], [ -4.607332528666262, 51.738833232749954 ], [ -4.607332528666262, 51.615999798833229 ], [ -4.74666666666667, 51.615999798833229 ] ] ] } },
{ "type": "Feature", "properties": { "SDOC_ID": 2519845, "SDOC_NAME": "5608_14_0 Burnham-on-Sea and Approaches", "SOURCE_NAM": "RSDRA2024000033636", "SDT_ID": 1950, "SDT_NAME": "UKHO Chart - Panel", "DATUM": "D_WGS_1984", "CRS_ID": 432627, "CRS_PARAMS": "PROJCS[\"WGS84_Transverse_Mercator\",GEOGCS[\"GCS_WGS_1984\",DATUM[\"D_WGS_1984\",SPHEROID[\"WGS_1984\",6378137.0,298.257223563]],PRIMEM[\"Greenwich\",0.0],UNIT[\"Degree\",0.0174532925199433]],PROJECTION[\"Transverse_Mercator\"],PARAMETER[\"False_Easting\",0.0],PARAMETE", "PUBLICATIO": "2022-03-03T00:00:00", "RECEIPTDAT": "2024-02-06T00:00:00", "UKHOVERSIO": "Current Version", "PRODUCEDBY": "UK Hydrographic Office", "PRODUCED_1": null, "PRODUCED_2": null, "IPROWNER1": "UK Hydrographic Office", "PROTECTIVE": "UNCLASSIFIED", "AUTHORITAT": "Yes", "SUBJECTMAT": null, "SUBJECTM_1": null, "SUBJECTM_2": null, "SUPPLIEDBY": null, "SUPPLIED_1": null, "SUPPLIED_2": null, "SUPPLIED_3": null, "SUPPLIED_4": null, "SCALE": 20000.0, "DEPTHUNITS": "Metres / Metres & Decimals", "SPATIALREF": 0.0, "VALIDATED": "Yes", "CHART_PREF": null, "CHART_NUMB": 0.0, "CHART_SUFF": null, "CHART_TYPE": null, "CHART_CORR": 0.0, "CHART_CO_1": 0.0, "CHART_REVI": null, "CHART_CANC": null, "CHART_INTN": 0.0, "CHART_MAIN": null, "CHART_GENE": null, "CHART_SPEC": null, "CHART_SP_1": null, "PANEL_CHAR": null, "PANEL_CH_1": 5608.0, "PANEL_CH_2": "_14", "PANEL_IDEN": "5608_14_0", "PANEL_MAIN": "Burnham-on-Sea and Approaches", "PANEL_GENE": null, "PANEL_MULT": "No", "PANEL_SPEC": null, "PANEL_SP_1": null, "PUBLICAT_1": 0.0, "PUBLICAT_2": null, "PUBLICAT_3": null, "PUBLICAT_4": null, "PUBLICAT_5": null, "GBENC_CELL": null, "GBENC_EDIT": null, "GBENC_FILE": null, "GBENC_ISSU": null, "GBENC_NAVP": null, "GBENC_UPDA": null, "GBENC_UP_1": null, "STATUS": "ASSESS_CLOSED", "STATUS_OP": 19592, "STATUS_DAT": "2024-02-06T00:00:00", "GEO_ID": 2319542, "SHAPE_AREA": 0.0, "SHAPE_LEN": 0.0 }, "geometry": { "type": "Polygon", "coordinates": [ [ [ -3.104333132166573, 51.16 ], [ -3.104333132166573, 51.258167370750357 ], [ -2.99383323274995, 51.258167370750357 ], [ -2.99383323274995, 51.16 ], [ -3.104333132166573, 51.16 ] ] ] } },
{ "type": "Feature", "properties": { "SDOC_ID": 2611065, "SDOC_NAME": "5608_10_0 Scarweather Sands to North Kenfig Patches", "SOURCE_NAM": "RSDRA2025000015365", "SDT_ID": 1950, "SDT_NAME": "UKHO Chart - Panel", "DATUM": "D_WGS_1984", "CRS_ID": 432627, "CRS_PARAMS": "PROJCS[\"WGS84_Transverse_Mercator\",GEOGCS[\"GCS_WGS_1984\",DATUM[\"D_WGS_1984\",SPHEROID[\"WGS_1984\",6378137.0,298.257223563]],PRIMEM[\"Greenwich\",0.0],UNIT[\"Degree\",0.0174532925199433]],PROJECTION[\"Transverse_Mercator\"],PARAMETER[\"False_Easting\",0.0],PARAMETE", "PUBLICATIO": "2021-10-28T00:00:00", "RECEIPTDAT": "2025-01-14T00:00:00", "UKHOVERSIO": "Current Version", "PRODUCEDBY": "UK Hydrographic Office", "PRODUCED_1": null, "PRODUCED_2": null, "IPROWNER1": "UK Hydrographic Office", "PROTECTIVE": "UNCLASSIFIED", "AUTHORITAT": "Yes", "SUBJECTMAT": null, "SUBJECTM_1": null, "SUBJECTM_2": null, "SUPPLIEDBY": null, "SUPPLIED_1": null, "SUPPLIED_2": null, "SUPPLIED_3": null, "SUPPLIED_4": null, "SCALE": 25000.0, "DEPTHUNITS": "Metres / Metres & Decimals", "SPATIALREF": 0.0, "VALIDATED": "Yes", "CHART_PREF": null, "CHART_NUMB": 0.0, "CHART_SUFF": null, "CHART_TYPE": null, "CHART_CORR": 0.0, "CHART_CO_1": 0.0, "CHART_REVI": null, "CHART_CANC": null, "CHART_INTN": 0.0, "CHART_MAIN": null, "CHART_GENE": null, "CHART_SPEC": null, "CHART_SP_1": null, "PANEL_CHAR": null, "PANEL_CH_1": 5608.0, "PANEL_CH_2": "_10", "PANEL_IDEN": "5608_10_0", "PANEL_MAIN": "Scarweather Sands to North Kenfig Patches", "PANEL_GENE": null, "PANEL_MULT": "No", "PANEL_SPEC": null, "PANEL_SP_1": null, "PUBLICAT_1": 0.0, "PUBLICAT_2": null, "PUBLICAT_3": null, "PUBLICAT_4": null, "PUBLICAT_5": null, "GBENC_CELL": null, "GBENC_EDIT": null, "GBENC_FILE": null, "GBENC_ISSU": null, "GBENC_NAVP": null, "GBENC_UPDA": null, "GBENC_UP_1": null, "STATUS": "ASSESS_CLOSED", "STATUS_OP": 19592, "STATUS_DAT": "2025-01-14T00:00:00", "GEO_ID": 2286758, "SHAPE_AREA": 0.0, "SHAPE_LEN": 0.0 }, "geometry": { "type": "Polygon", "coordinates": [ [ [ -3.926676725005024, 51.542009656004836 ], [ -3.724115872057922, 51.542000603500298 ], [ -3.723995171997586, 51.542000603500298 ], [ -3.723995171997586, 51.458341380004015 ], [ -3.926679742506536, 51.458331321665668 ], [ -3.926676725005024, 51.542009656004836 ] ] ] } },
{ "type": "Feature", "properties": { "SDOC_ID": 2649239, "SDOC_NAME": "5603_15_2 B Port Isaac to Bude Bay", "SOURCE_NAM": "RSDRA2025000253549", "SDT_ID": 1950, "SDT_NAME": "UKHO Chart - Panel", "DATUM": "D_WGS_1984", "CRS_ID": 432612, "CRS_PARAMS": "PROJCS[\"WGS84_Mercator\",GEOGCS[\"GCS_WGS_1984\",DATUM[\"D_WGS_1984\",SPHEROID[\"WGS_1984\",6378137.0,298.257223563]],PRIMEM[\"Greenwich\",0.0],UNIT[\"Degree\",0.0174532925199433]],PROJECTION[\"Mercator\"],PARAMETER[\"False_Easting\",0.0],PARAMETER[\"False_Northing\",0.0", "PUBLICATIO": "2021-11-25T00:00:00", "RECEIPTDAT": "2025-05-07T00:00:00", "UKHOVERSIO": "Current Version", "PRODUCEDBY": "UK Hydrographic Office", "PRODUCED_1": null, "PRODUCED_2": null, "IPROWNER1": "UK Hydrographic Office", "PROTECTIVE": "UNCLASSIFIED", "AUTHORITAT": "Yes", "SUBJECTMAT": null, "SUBJECTM_1": null, "SUBJECTM_2": null, "SUPPLIEDBY": null, "SUPPLIED_1": null, "SUPPLIED_2": null, "SUPPLIED_3": null, "SUPPLIED_4": null, "SCALE": 75000.0, "DEPTHUNITS": "Metres / Metres & Decimals", "SPATIALREF": 0.0, "VALIDATED": "Yes", "CHART_PREF": null, "CHART_NUMB": 0.0, "CHART_SUFF": null, "CHART_TYPE": null, "CHART_CORR": 0.0, "CHART_CO_1": 0.0, "CHART_REVI": null, "CHART_CANC": null, "CHART_INTN": 0.0, "CHART_MAIN": null, "CHART_GENE": null, "CHART_SPEC": null, "CHART_SP_1": null, "PANEL_CHAR": null, "PANEL_CH_1": 5603.0, "PANEL_CH_2": "_15", "PANEL_IDEN": "5603_15_2", "PANEL_MAIN": "B Port Isaac to Bude Bay", "PANEL_GENE": null, "PANEL_MULT": "No", "PANEL_SPEC": null, "PANEL_SP_1": null, "PUBLICAT_1": 0.0, "PUBLICAT_2": null, "PUBLICAT_3": null, "PUBLICAT_4": null, "PUBLICAT_5": null, "GBENC_CELL": null, "GBENC_EDIT": null, "GBENC_FILE": null, "GBENC_ISSU": null, "GBENC_NAVP": null, "GBENC_UPDA": null, "GBENC_UP_1": null, "STATUS": "ASSESS_CLOSED", "STATUS_OP": 20300, "STATUS_DAT": "2025-05-07T00:00:00", "GEO_ID": 2295981, "SHAPE_AREA": 0.0, "SHAPE_LEN": 0.0 }, "geometry": { "type": "Polygon", "coordinates": [ [ [ -4.582336552001607, 50.666700865017106 ], [ -4.730043250854948, 50.666703882518618 ], [ -4.730044256688785, 50.58333031583183 ], [ -4.833274994970822, 50.583324280828805 ], [ -4.833269965801662, 50.828322269161134 ], [ -4.543345403339373, 50.828330315831835 ], [ -4.543352444176236, 50.750041239187283 ], [ -4.582335546167769, 50.750046268356471 ], [ -4.582336552001607, 50.666700865017106 ] ] ] } },
{ "type": "Feature", "properties": { "SDOC_ID": 2649244, "SDOC_NAME": "5608_2_3 C Padstow to Boscastle", "SOURCE_NAM": "RSDRA2025000253554", "SDT_ID": 1950, "SDT_NAME": "UKHO Chart - Panel", "DATUM": "D_WGS_1984", "CRS_ID": 432612, "CRS_PARAMS": "PROJCS[\"WGS84_Mercator\",GEOGCS[\"GCS_WGS_1984\",DATUM[\"D_WGS_1984\",SPHEROID[\"WGS_1984\",6378137.0,298.257223563]],PRIMEM[\"Greenwich\",0.0],UNIT[\"Degree\",0.0174532925199433]],PROJECTION[\"Mercator\"],PARAMETER[\"False_Easting\",0.0],PARAMETER[\"False_Northing\",0.0", "PUBLICATIO": "2021-10-28T00:00:00", "RECEIPTDAT": "2025-05-07T00:00:00", "UKHOVERSIO": "Current Version", "PRODUCEDBY": "UK Hydrographic Office", "PRODUCED_1": null, "PRODUCED_2": null, "IPROWNER1": "UK Hydrographic Office", "PROTECTIVE": "UNCLASSIFIED", "AUTHORITAT": "Yes", "SUBJECTMAT": null, "SUBJECTM_1": null, "SUBJECTM_2": null, "SUPPLIEDBY": null, "SUPPLIED_1": null, "SUPPLIED_2": null, "SUPPLIED_3": null, "SUPPLIED_4": null, "SCALE": 75000.0, "DEPTHUNITS": "Metres / Metres & Decimals", "SPATIALREF": 0.0, "VALIDATED": "Yes", "CHART_PREF": null, "CHART_NUMB": 0.0, "CHART_SUFF": null, "CHART_TYPE": null, "CHART_CORR": 0.0, "CHART_CO_1": 0.0, "CHART_REVI": null, "CHART_CANC": null, "CHART_INTN": 0.0, "CHART_MAIN": null, "CHART_GENE": null, "CHART_SPEC": null, "CHART_SP_1": null, "PANEL_CHAR": null, "PANEL_CH_1": 5608.0, "PANEL_CH_2": "_2", "PANEL_IDEN": "5608_2_3", "PANEL_MAIN": "C Padstow to Boscastle", "PANEL_GENE": null, "PANEL_MULT": "No", "PANEL_SPEC": null, "PANEL_SP_1": null, "PUBLICAT_1": 0.0, "PUBLICAT_2": null, "PUBLICAT_3": null, "PUBLICAT_4": null, "PUBLICAT_5": null, "GBENC_CELL": null, "GBENC_EDIT": null, "GBENC_FILE": null, "GBENC_ISSU": null, "GBENC_NAVP": null, "GBENC_UPDA": null, "GBENC_UP_1": null, "STATUS": "ASSESS_CLOSED", "STATUS_OP": 20300, "STATUS_DAT": "2025-05-07T00:00:00", "GEO_ID": 2286333, "SHAPE_AREA": 0.0, "SHAPE_LEN": 0.0 }, "geometry": { "type": "Polygon", "coordinates": [ [ [ -4.966715952524652, 50.696679742506547 ], [ -4.694173204586605, 50.696664654998983 ], [ -4.6942094146047, 50.650004023335356 ], [ -4.743351438342387, 50.563339368336358 ], [ -4.966661637497481, 50.563328304164145 ], [ -4.966715952524652, 50.696679742506547 ] ] ] } },
{ "type": "Feature", "properties": { "SDOC_ID": 2669463, "SDOC_NAME": "5602_7_1 A Fowey Harbour", "SOURCE_NAM": "RSDRA2025000357689", "SDT_ID": 1950, "SDT_NAME": "UKHO Chart - Panel", "DATUM": "D_WGS_1984", "CRS_ID": 432627, "CRS_PARAMS": "PROJCS[\"WGS84_Transverse_Mercator\",GEOGCS[\"GCS_WGS_1984\",DATUM[\"D_WGS_1984\",SPHEROID[\"WGS_1984\",6378137.0,298.257223563]],PRIMEM[\"Greenwich\",0.0],UNIT[\"Degree\",0.0174532925199433]],PROJECTION[\"Transverse_Mercator\"],PARAMETER[\"False_Easting\",0.0],PARAMETE", "PUBLICATIO": "2023-02-16T00:00:00", "RECEIPTDAT": "2025-07-11T00:00:00", "UKHOVERSIO": "Current Version", "PRODUCEDBY": "UK Hydrographic Office", "PRODUCED_1": null, "PRODUCED_2": null, "IPROWNER1": "UK Hydrographic Office", "PROTECTIVE": "UNCLASSIFIED", "AUTHORITAT": "Yes", "SUBJECTMAT": null, "SUBJECTM_1": null, "SUBJECTM_2": null, "SUPPLIEDBY": null, "SUPPLIED_1": null, "SUPPLIED_2": null, "SUPPLIED_3": null, "SUPPLIED_4": null, "SCALE": 6250.0, "DEPTHUNITS": "Metres / Metres & Decimals", "SPATIALREF": 0.0, "VALIDATED": "Yes", "CHART_PREF": null, "CHART_NUMB": 0.0, "CHART_SUFF": null, "CHART_TYPE": null, "CHART_CORR": 0.0, "CHART_CO_1": 0.0, "CHART_REVI": null, "CHART_CANC": null, "CHART_INTN": 0.0, "CHART_MAIN": null, "CHART_GENE": null, "CHART_SPEC": null, "CHART_SP_1": null, "PANEL_CHAR": null, "PANEL_CH_1": 5602.0, "PANEL_CH_2": "_7", "PANEL_IDEN": "5602_7_1", "PANEL_MAIN": "A Fowey Harbour", "PANEL_GENE": null, "PANEL_MULT": "No", "PANEL_SPEC": null, "PANEL_SP_1": null, "PUBLICAT_1": 0.0, "PUBLICAT_2": null, "PUBLICAT_3": null, "PUBLICAT_4": null, "PUBLICAT_5": null, "GBENC_CELL": null, "GBENC_EDIT": null, "GBENC_FILE": null, "GBENC_ISSU": null, "GBENC_NAVP": null, "GBENC_UPDA": null, "GBENC_UP_1": null, "STATUS": "ASSESS_CLOSED", "STATUS_OP": 19592, "STATUS_DAT": "2025-07-11T00:00:00", "GEO_ID": 2407676, "SHAPE_AREA": 0.0, "SHAPE_LEN": 0.0 }, "geometry": { "type": "Polygon", "coordinates": [ [ [ -4.638480185073433, 50.35047173606921 ], [ -4.623761818547564, 50.350472741903047 ], [ -4.623756789378405, 50.333335345001018 ], [ -4.623762824381402, 50.320018105009041 ], [ -4.657286260309803, 50.320017099175203 ], [ -4.657282236974453, 50.332760008046677 ], [ -4.641861798430909, 50.332763025548189 ], [ -4.641861798430909, 50.334439750553202 ], [ -4.638480185073433, 50.334441762220877 ], [ -4.638480185073433, 50.35047173606921 ] ] ] } },
{ "type": "Feature", "properties": { "SDOC_ID": 2669982, "SDOC_NAME": "0883_0 Isles of Scilly Saint Mary's and the Principal Off-Islands", "SOURCE_NAM": "RSDRA2025000358257", "SDT_ID": 1950, "SDT_NAME": "UKHO Chart - Panel", "DATUM": "D_WGS_1984", "CRS_ID": 432627, "CRS_PARAMS": "PROJCS[\"WGS84_Transverse_Mercator\",GEOGCS[\"GCS_WGS_1984\",DATUM[\"D_WGS_1984\",SPHEROID[\"WGS_1984\",6378137.0,298.257223563]],PRIMEM[\"Greenwich\",0.0],UNIT[\"Degree\",0.0174532925199433]],PROJECTION[\"Transverse_Mercator\"],PARAMETER[\"False_Easting\",0.0],PARAMETE", "PUBLICATIO": "2019-03-28T00:00:00", "RECEIPTDAT": "2025-07-15T00:00:00", "UKHOVERSIO": "Current Version", "PRODUCEDBY": "UK Hydrographic Office", "PRODUCED_1": "RT1W", "PRODUCED_2": null, "IPROWNER1": "UK Hydrographic Office", "PROTECTIVE": "UNCLASSIFIED", "AUTHORITAT": "Yes", "SUBJECTMAT": null, "SUBJECTM_1": null, "SUBJECTM_2": null, "SUPPLIEDBY": null, "SUPPLIED_1": null, "SUPPLIED_2": null, "SUPPLIED_3": null, "SUPPLIED_4": null, "SCALE": 12500.0, "DEPTHUNITS": "Metres / Metres & Decimals", "SPATIALREF": 0.0, "VALIDATED": "Yes", "CHART_PREF": null, "CHART_NUMB": 0.0, "CHART_SUFF": null, "CHART_TYPE": null, "CHART_CORR": 0.0, "CHART_CO_1": 0.0, "CHART_REVI": null, "CHART_CANC": null, "CHART_INTN": 0.0, "CHART_MAIN": null, "CHART_GENE": null, "CHART_SPEC": null, "CHART_SP_1": null, "PANEL_CHAR": null, "PANEL_CH_1": 883.0, "PANEL_CH_2": null, "PANEL_IDEN": "0883_0", "PANEL_MAIN": "Isles of Scilly Saint Mary's and the Principal Off-Islands", "PANEL_GENE": null, "PANEL_MULT": "No", "PANEL_SPEC": null, "PANEL_SP_1": null, "PUBLICAT_1": 0.0, "PUBLICAT_2": null, "PUBLICAT_3": null, "PUBLICAT_4": null, "PUBLICAT_5": null, "GBENC_CELL": null, "GBENC_EDIT": null, "GBENC_FILE": null, "GBENC_ISSU": null, "GBENC_NAVP": null, "GBENC_UPDA": null, "GBENC_UP_1": null, "STATUS": "ASSESS_CLOSED", "STATUS_OP": 3512, "STATUS_DAT": "2025-07-15T00:00:00", "GEO_ID": 2044086, "SHAPE_AREA": 0.0, "SHAPE_LEN": 0.0 }, "geometry": { "type": "Polygon", "coordinates": [ [ [ -6.364260712130346, 49.87893482196742 ], [ -6.364259706296508, 49.989063568698441 ], [ -6.25122409977871, 49.989056527861607 ], [ -6.251215047274201, 49.878933816133582 ], [ -6.364260712130346, 49.87893482196742 ] ] ] } },
{ "type": "Feature", "properties": { "SDOC_ID": 2670024, "SDOC_NAME": "5603_11_0 Saint Mary's Pool to Tresco", "SOURCE_NAM": "RSDRA2025000358299", "SDT_ID": 1950, "SDT_NAME": "UKHO Chart - Panel", "DATUM": "D_WGS_1984", "CRS_ID": 432627, "CRS_PARAMS": "PROJCS[\"WGS84_Transverse_Mercator\",GEOGCS[\"GCS_WGS_1984\",DATUM[\"D_WGS_1984\",SPHEROID[\"WGS_1984\",6378137.0,298.257223563]],PRIMEM[\"Greenwich\",0.0],UNIT[\"Degree\",0.0174532925199433]],PROJECTION[\"Transverse_Mercator\"],PARAMETER[\"False_Easting\",0.0],PARAMETE", "PUBLICATIO": "2021-11-25T00:00:00", "RECEIPTDAT": "2025-07-15T00:00:00", "UKHOVERSIO": "Current Version", "PRODUCEDBY": "UK Hydrographic Office", "PRODUCED_1": null, "PRODUCED_2": null, "IPROWNER1": "UK Hydrographic Office", "PROTECTIVE": "UNCLASSIFIED", "AUTHORITAT": "Yes", "SUBJECTMAT": null, "SUBJECTM_1": null, "SUBJECTM_2": null, "SUPPLIEDBY": null, "SUPPLIED_1": null, "SUPPLIED_2": null, "SUPPLIED_3": null, "SUPPLIED_4": null, "SCALE": 12500.0, "DEPTHUNITS": "Metres / Metres & Decimals", "SPATIALREF": 0.0, "VALIDATED": "Yes", "CHART_PREF": null, "CHART_NUMB": 0.0, "CHART_SUFF": null, "CHART_TYPE": null, "CHART_CORR": 0.0, "CHART_CO_1": 0.0, "CHART_REVI": null, "CHART_CANC": null, "CHART_INTN": 0.0, "CHART_MAIN": null, "CHART_GENE": null, "CHART_SPEC": null, "CHART_SP_1": null, "PANEL_CHAR": null, "PANEL_CH_1": 5603.0, "PANEL_CH_2": "_11", "PANEL_IDEN": "5603_11_0", "PANEL_MAIN": "Saint Mary's Pool to Tresco", "PANEL_GENE": null, "PANEL_MULT": "No", "PANEL_SPEC": null, "PANEL_SP_1": null, "PUBLICAT_1": 0.0, "PUBLICAT_2": null, "PUBLICAT_3": null, "PUBLICAT_4": null, "PUBLICAT_5": null, "GBENC_CELL": null, "GBENC_EDIT": null, "GBENC_FILE": null, "GBENC_ISSU": null, "GBENC_NAVP": null, "GBENC_UPDA": null, "GBENC_UP_1": null, "STATUS": "ASSESS_CLOSED", "STATUS_OP": 3512, "STATUS_DAT": "2025-07-15T00:00:00", "GEO_ID": 2296201, "SHAPE_AREA": 0.0, "SHAPE_LEN": 0.0 }, "geometry": { "type": "Polygon", "coordinates": [ [ [ -6.297161536914103, 49.976163749748537 ], [ -6.297160531080266, 49.914810903238788 ], [ -6.364323073828217, 49.914810903238788 ], [ -6.364321062160542, 49.976162743914699 ], [ -6.336657614162135, 49.976166767250049 ], [ -6.336660631663648, 49.97672098169383 ], [ -6.326667672500491, 49.976719975859993 ], [ -6.326667672500491, 49.976167773083887 ], [ -6.297161536914103, 49.976163749748537 ] ] ] } },
{ "type": "Feature", "properties": { "SDOC_ID": 2675714, "SDOC_NAME": "5603_2_1 B Porthleven", "SOURCE_NAM": "RSDRA2025000387349", "SDT_ID": 1950, "SDT_NAME": "UKHO Chart - Panel", "DATUM": "D_WGS_1984", "CRS_ID": 432627, "CRS_PARAMS": "PROJCS[\"WGS84_Transverse_Mercator\",GEOGCS[\"GCS_WGS_1984\",DATUM[\"D_WGS_1984\",SPHEROID[\"WGS_1984\",6378137.0,298.257223563]],PRIMEM[\"Greenwich\",0.0],UNIT[\"Degree\",0.0174532925199433]],PROJECTION[\"Transverse_Mercator\"],PARAMETER[\"False_Easting\",0.0],PARAMETE", "PUBLICATIO": "2021-11-25T00:00:00", "RECEIPTDAT": "2025-08-05T00:00:00", "UKHOVERSIO": "Current Version", "PRODUCEDBY": "UK Hydrographic Office", "PRODUCED_1": null, "PRODUCED_2": null, "IPROWNER1": "UK Hydrographic Office", "PROTECTIVE": "UNCLASSIFIED", "AUTHORITAT": "Yes", "SUBJECTMAT": null, "SUBJECTM_1": null, "SUBJECTM_2": null, "SUPPLIEDBY": null, "SUPPLIED_1": null, "SUPPLIED_2": null, "SUPPLIED_3": null, "SUPPLIED_4": null, "SCALE": 5000.0, "DEPTHUNITS": "Metres / Metres & Decimals", "SPATIALREF": 0.0, "VALIDATED": "Yes", "CHART_PREF": null, "CHART_NUMB": 0.0, "CHART_SUFF": null, "CHART_TYPE": null, "CHART_CORR": 0.0, "CHART_CO_1": 0.0, "CHART_REVI": null, "CHART_CANC": null, "CHART_INTN": 0.0, "CHART_MAIN": null, "CHART_GENE": null, "CHART_SPEC": null, "CHART_SP_1": null, "PANEL_CHAR": null, "PANEL_CH_1": 5603.0, "PANEL_CH_2": "_2", "PANEL_IDEN": "5603_2_1", "PANEL_MAIN": "B Porthleven", "PANEL_GENE": null, "PANEL_MULT": "No", "PANEL_SPEC": null, "PANEL_SP_1": null, "PUBLICAT_1": 0.0, "PUBLICAT_2": null, "PUBLICAT_3": null, "PUBLICAT_4": null, "PUBLICAT_5": null, "GBENC_CELL": null, "GBENC_EDIT": null, "GBENC_FILE": null, "GBENC_ISSU": null, "GBENC_NAVP": null, "GBENC_UPDA": null, "GBENC_UP_1": null, "STATUS": "ASSESS_CLOSED", "STATUS_OP": 29636, "STATUS_DAT": "2025-08-05T00:00:00", "GEO_ID": 2295991, "SHAPE_AREA": 0.0, "SHAPE_LEN": 0.0 }, "geometry": { "type": "Polygon", "coordinates": [ [ [ -5.31520217260109, 50.085463689398523 ], [ -5.31520217260109, 50.079918527459256 ], [ -5.324251659625844, 50.079918527459256 ], [ -5.324245624622819, 50.085463689398523 ], [ -5.31520217260109, 50.085463689398523 ] ] ] } },
{ "type": "Feature", "properties": { "SDOC_ID": 2703588, "SDOC_NAME": "1160_3 C Minehead", "SOURCE_NAM": "RSDRA2025000526273", "SDT_ID": 1950, "SDT_NAME": "UKHO Chart - Panel", "DATUM": "D_WGS_1984", "CRS_ID": 432627, "CRS_PARAMS": "PROJCS[\"WGS84_Transverse_Mercator\",GEOGCS[\"GCS_WGS_1984\",DATUM[\"D_WGS_1984\",SPHEROID[\"WGS_1984\",6378137.0,298.257223563]],PRIMEM[\"Greenwich\",0.0],UNIT[\"Degree\",0.0174532925199433]],PROJECTION[\"Transverse_Mercator\"],PARAMETER[\"False_Easting\",0.0],PARAMETE", "PUBLICATIO": "2025-11-13T00:00:00", "RECEIPTDAT": "2025-11-03T00:00:00", "UKHOVERSIO": "Current Version", "PRODUCEDBY": "UK Hydrographic Office", "PRODUCED_1": "RT1W", "PRODUCED_2": null, "IPROWNER1": "UK Hydrographic Office", "PROTECTIVE": "UNCLASSIFIED", "AUTHORITAT": "Yes", "SUBJECTMAT": null, "SUBJECTM_1": null, "SUBJECTM_2": null, "SUPPLIEDBY": null, "SUPPLIED_1": null, "SUPPLIED_2": null, "SUPPLIED_3": null, "SUPPLIED_4": null, "SCALE": 20000.0, "DEPTHUNITS": "Metres / Metres & Decimals", "SPATIALREF": 0.0, "VALIDATED": "Yes", "CHART_PREF": null, "CHART_NUMB": 0.0, "CHART_SUFF": null, "CHART_TYPE": null, "CHART_CORR": 0.0, "CHART_CO_1": 0.0, "CHART_REVI": null, "CHART_CANC": null, "CHART_INTN": 0.0, "CHART_MAIN": null, "CHART_GENE": null, "CHART_SPEC": null, "CHART_SP_1": null, "PANEL_CHAR": null, "PANEL_CH_1": 1160.0, "PANEL_CH_2": null, "PANEL_IDEN": "1160_3", "PANEL_MAIN": "C Minehead", "PANEL_GENE": null, "PANEL_MULT": "No", "PANEL_SPEC": null, "PANEL_SP_1": null, "PUBLICAT_1": 0.0, "PUBLICAT_2": null, "PUBLICAT_3": null, "PUBLICAT_4": null, "PUBLICAT_5": null, "GBENC_CELL": null, "GBENC_EDIT": null, "GBENC_FILE": null, "GBENC_ISSU": null, "GBENC_NAVP": null, "GBENC_UPDA": null, "GBENC_UP_1": null, "STATUS": "ASSESS_CLOSED", "STATUS_OP": 10738, "STATUS_DAT": "2025-11-03T00:00:00", "GEO_ID": 2683712, "SHAPE_AREA": 0.0, "SHAPE_LEN": 0.0 }, "geometry": { "type": "Polygon", "coordinates": [ [ [ -3.499994970830812, 51.234598672299342 ], [ -3.466648561657621, 51.234583584791778 ], [ -3.43999899416616, 51.234602695634692 ], [ -3.44, 51.211661637497485 ], [ -3.43999497083081, 51.1850140816737 ], [ -3.466670690002019, 51.184997988332327 ], [ -3.500006035003025, 51.18500502916919 ], [ -3.500001005833838, 51.211662643331323 ], [ -3.499994970830812, 51.234598672299342 ] ] ] } },
{ "type": "Feature", "properties": { "SDOC_ID": 2707727, "SDOC_NAME": "5608_21_3 C Sharpness Docks", "SOURCE_NAM": "RSDRA2025000545008", "SDT_ID": 1950, "SDT_NAME": "UKHO Chart - Panel", "DATUM": "D_WGS_1984", "CRS_ID": 432627, "CRS_PARAMS": "PROJCS[\"WGS84_Transverse_Mercator\",GEOGCS[\"GCS_WGS_1984\",DATUM[\"D_WGS_1984\",SPHEROID[\"WGS_1984\",6378137.0,298.257223563]],PRIMEM[\"Greenwich\",0.0],UNIT[\"Degree\",0.0174532925199433]],PROJECTION[\"Transverse_Mercator\"],PARAMETER[\"False_Easting\",0.0],PARAMETE", "PUBLICATIO": "2024-11-14T00:00:00", "RECEIPTDAT": "2025-11-14T00:00:00", "UKHOVERSIO": "Current Version", "PRODUCEDBY": "UK Hydrographic Office", "PRODUCED_1": null, "PRODUCED_2": null, "IPROWNER1": "UK Hydrographic Office", "PROTECTIVE": "UNCLASSIFIED", "AUTHORITAT": "Yes", "SUBJECTMAT": null, "SUBJECTM_1": null, "SUBJECTM_2": null, "SUPPLIEDBY": null, "SUPPLIED_1": null, "SUPPLIED_2": null, "SUPPLIED_3": null, "SUPPLIED_4": null, "SCALE": 10000.0, "DEPTHUNITS": "Metres / Metres & Decimals", "SPATIALREF": 0.0, "VALIDATED": "Yes", "CHART_PREF": null, "CHART_NUMB": 0.0, "CHART_SUFF": null, "CHART_TYPE": null, "CHART_CORR": 0.0, "CHART_CO_1": 0.0, "CHART_REVI": null, "CHART_CANC": null, "CHART_INTN": 0.0, "CHART_MAIN": null, "CHART_GENE": null, "CHART_SPEC": null, "CHART_SP_1": null, "PANEL_CHAR": null, "PANEL_CH_1": 5608.0, "PANEL_CH_2": "_21", "PANEL_IDEN": "5608_21_3", "PANEL_MAIN": "C Sharpness Docks", "PANEL_GENE": null, "PANEL_MULT": "No", "PANEL_SPEC": null, "PANEL_SP_1": null, "PUBLICAT_1": 0.0, "PUBLICAT_2": null, "PUBLICAT_3": null, "PUBLICAT_4": null, "PUBLICAT_5": null, "GBENC_CELL": null, "GBENC_EDIT": null, "GBENC_FILE": null, "GBENC_ISSU": null, "GBENC_NAVP": null, "GBENC_UPDA": null, "GBENC_UP_1": null, "STATUS": "ASSESS_CLOSED", "STATUS_OP": 20300, "STATUS_DAT": "2025-11-14T00:00:00", "GEO_ID": 2572163, "SHAPE_AREA": 0.0, "SHAPE_LEN": 0.0 }, "geometry": { "type": "Polygon", "coordinates": [ [ [ -2.488844296922139, 51.711518809092752 ], [ -2.488833232749954, 51.724277811305569 ], [ -2.472905853952938, 51.724276805471732 ], [ -2.472905853952938, 51.711518809092752 ], [ -2.488844296922139, 51.711518809092752 ] ] ] } },
{ "type": "Feature", "properties": { "SDOC_ID": 2713732, "SDOC_NAME": "1149_0 Pendeen to Trevose Head", "SOURCE_NAM": "RSDRA2025000573050", "SDT_ID": 1950, "SDT_NAME": "UKHO Chart - Panel", "DATUM": "D_WGS_1984", "CRS_ID": 432612, "CRS_PARAMS": "PROJCS[\"WGS84_Mercator\",GEOGCS[\"GCS_WGS_1984\",DATUM[\"D_WGS_1984\",SPHEROID[\"WGS_1984\",6378137.0,298.257223563]],PRIMEM[\"Greenwich\",0.0],UNIT[\"Degree\",0.0174532925199433]],PROJECTION[\"Mercator\"],PARAMETER[\"False_Easting\",0.0],PARAMETER[\"False_Northing\",0.0", "PUBLICATIO": "2014-08-28T00:00:00", "RECEIPTDAT": "2025-12-04T00:00:00", "UKHOVERSIO": "Current Version", "PRODUCEDBY": "UK Hydrographic Office", "PRODUCED_1": "RT1W", "PRODUCED_2": null, "IPROWNER1": "UK Hydrographic Office", "PROTECTIVE": "UNCLASSIFIED", "AUTHORITAT": "Yes", "SUBJECTMAT": null, "SUBJECTM_1": null, "SUBJECTM_2": null, "SUPPLIEDBY": null, "SUPPLIED_1": null, "SUPPLIED_2": null, "SUPPLIED_3": null, "SUPPLIED_4": null, "SCALE": 75000.0, "DEPTHUNITS": "Metres / Metres & Decimals", "SPATIALREF": 0.0, "VALIDATED": "Yes", "CHART_PREF": null, "CHART_NUMB": 0.0, "CHART_SUFF": null, "CHART_TYPE": null, "CHART_CORR": 0.0, "CHART_CO_1": 0.0, "CHART_REVI": null, "CHART_CANC": null, "CHART_INTN": 0.0, "CHART_MAIN": null, "CHART_GENE": null, "CHART_SPEC": null, "CHART_SP_1": null, "PANEL_CHAR": null, "PANEL_CH_1": 1149.0, "PANEL_CH_2": null, "PANEL_IDEN": "1149_0", "PANEL_MAIN": "Pendeen to Trevose Head", "PANEL_GENE": "England - West Coast", "PANEL_MULT": "No", "PANEL_SPEC": null, "PANEL_SP_1": null, "PUBLICAT_1": 0.0, "PUBLICAT_2": null, "PUBLICAT_3": null, "PUBLICAT_4": null, "PUBLICAT_5": null, "GBENC_CELL": null, "GBENC_EDIT": null, "GBENC_FILE": null, "GBENC_ISSU": null, "GBENC_NAVP": null, "GBENC_UPDA": null, "GBENC_UP_1": null, "STATUS": "ASSESS_CLOSED", "STATUS_OP": 8233, "STATUS_DAT": "2025-12-04T00:00:00", "GEO_ID": 2555721, "SHAPE_AREA": 0.0, "SHAPE_LEN": 0.0 }, "geometry": { "type": "Polygon", "coordinates": [ [ [ -6.149444779722387, 50.158899617783135 ], [ -6.149439750553199, 50.589353248843281 ], [ -4.920822772078054, 50.589350231341768 ], [ -4.920817742908866, 50.158894588613947 ], [ -6.149444779722387, 50.158899617783135 ] ] ] } },
{ "type": "Feature", "properties": { "SDOC_ID": 2736134, "SDOC_NAME": "5602_12_1 A Salcombe Harbour", "SOURCE_NAM": "RSDRA2026000068487", "SDT_ID": 1950, "SDT_NAME": "UKHO Chart - Panel", "DATUM": "D_WGS_1984", "CRS_ID": 432627, "CRS_PARAMS": "PROJCS[\"WGS84_Transverse_Mercator\",GEOGCS[\"GCS_WGS_1984\",DATUM[\"D_WGS_1984\",SPHEROID[\"WGS_1984\",6378137.0,298.257223563]],PRIMEM[\"Greenwich\",0.0],UNIT[\"Degree\",0.0174532925199433]],PROJECTION[\"Transverse_Mercator\"],PARAMETER[\"False_Easting\",0.0],PARAMETE", "PUBLICATIO": "2023-05-11T00:00:00", "RECEIPTDAT": "2026-02-20T00:00:00", "UKHOVERSIO": "Current Version", "PRODUCEDBY": "UK Hydrographic Office", "PRODUCED_1": null, "PRODUCED_2": null, "IPROWNER1": "UK Hydrographic Office", "PROTECTIVE": "UNCLASSIFIED", "AUTHORITAT": "Yes", "SUBJECTMAT": null, "SUBJECTM_1": null, "SUBJECTM_2": null, "SUPPLIEDBY": null, "SUPPLIED_1": null, "SUPPLIED_2": null, "SUPPLIED_3": null, "SUPPLIED_4": null, "SCALE": 12500.0, "DEPTHUNITS": "Metres / Metres & Decimals", "SPATIALREF": 0.0, "VALIDATED": "Yes", "CHART_PREF": null, "CHART_NUMB": 0.0, "CHART_SUFF": null, "CHART_TYPE": null, "CHART_CORR": 0.0, "CHART_CO_1": 0.0, "CHART_REVI": null, "CHART_CANC": null, "CHART_INTN": 0.0, "CHART_MAIN": null, "CHART_GENE": null, "CHART_SPEC": null, "CHART_SP_1": null, "PANEL_CHAR": null, "PANEL_CH_1": 5602.0, "PANEL_CH_2": "_12", "PANEL_IDEN": "5602_12_1", "PANEL_MAIN": "A Salcombe Harbour", "PANEL_GENE": null, "PANEL_MULT": "No", "PANEL_SPEC": null, "PANEL_SP_1": null, "PUBLICAT_1": 0.0, "PUBLICAT_2": null, "PUBLICAT_3": null, "PUBLICAT_4": null, "PUBLICAT_5": null, "GBENC_CELL": null, "GBENC_EDIT": null, "GBENC_FILE": null, "GBENC_ISSU": null, "GBENC_NAVP": null, "GBENC_UPDA": null, "GBENC_UP_1": null, "STATUS": "ASSESS_CLOSED", "STATUS_OP": 3512, "STATUS_DAT": "2026-02-20T00:00:00", "GEO_ID": 2429073, "SHAPE_AREA": 0.0, "SHAPE_LEN": 0.0 }, "geometry": { "type": "Polygon", "coordinates": [ [ [ -3.787630255481787, 50.294004224502117 ], [ -3.756370951518818, 50.29399919533293 ], [ -3.756367934017305, 50.264468919734469 ], [ -3.73333333333332, 50.264467913900631 ], [ -3.733331321665673, 50.27093643130155 ], [ -3.720005029169187, 50.2709324079662 ], [ -3.720001005833836, 50.23263830215248 ], [ -3.753338362502518, 50.232641319653993 ], [ -3.787618185475765, 50.232640313820156 ], [ -3.787626232146437, 50.263332327499484 ], [ -3.787630255481787, 50.294004224502117 ] ] ] } },
{ "type": "Feature", "properties": { "SDOC_ID": 2742582, "SDOC_NAME": "0154_1 Nare Head to Dodman Point", "SOURCE_NAM": "RSDRA2026000097420", "SDT_ID": 1950, "SDT_NAME": "UKHO Chart - Panel", "DATUM": "D_WGS_1984", "CRS_ID": 432627, "CRS_PARAMS": "PROJCS[\"WGS84_Transverse_Mercator\",GEOGCS[\"GCS_WGS_1984\",DATUM[\"D_WGS_1984\",SPHEROID[\"WGS_1984\",6378137.0,298.257223563]],PRIMEM[\"Greenwich\",0.0],UNIT[\"Degree\",0.0174532925199433]],PROJECTION[\"Transverse_Mercator\"],PARAMETER[\"False_Easting\",0.0],PARAMETE", "PUBLICATIO": "2021-01-14T00:00:00", "RECEIPTDAT": "2026-03-16T00:00:00", "UKHOVERSIO": "Current Version", "PRODUCEDBY": "UK Hydrographic Office", "PRODUCED_1": null, "PRODUCED_2": null, "IPROWNER1": "UK Hydrographic Office", "PROTECTIVE": "UNCLASSIFIED", "AUTHORITAT": "Yes", "SUBJECTMAT": null, "SUBJECTM_1": null, "SUBJECTM_2": null, "SUPPLIEDBY": null, "SUPPLIED_1": null, "SUPPLIED_2": null, "SUPPLIED_3": null, "SUPPLIED_4": null, "SCALE": 35000.0, "DEPTHUNITS": "Metres / Metres & Decimals", "SPATIALREF": 0.0, "VALIDATED": "Yes", "CHART_PREF": null, "CHART_NUMB": 0.0, "CHART_SUFF": null, "CHART_TYPE": null, "CHART_CORR": 0.0, "CHART_CO_1": 0.0, "CHART_REVI": null, "CHART_CANC": null, "CHART_INTN": 0.0, "CHART_MAIN": null, "CHART_GENE": null, "CHART_SPEC": null, "CHART_SP_1": null, "PANEL_CHAR": null, "PANEL_CH_1": 154.0, "PANEL_CH_2": null, "PANEL_IDEN": "0154_1", "PANEL_MAIN": "Nare Head to Dodman Point", "PANEL_GENE": null, "PANEL_MULT": "No", "PANEL_SPEC": null, "PANEL_SP_1": null, "PUBLICAT_1": 0.0, "PUBLICAT_2": null, "PUBLICAT_3": null, "PUBLICAT_4": null, "PUBLICAT_5": null, "GBENC_CELL": null, "GBENC_EDIT": null, "GBENC_FILE": null, "GBENC_ISSU": null, "GBENC_NAVP": null, "GBENC_UPDA": null, "GBENC_UP_1": null, "STATUS": "ASSESS_CLOSED", "STATUS_OP": 19592, "STATUS_DAT": "2026-03-16T00:00:00", "GEO_ID": 2213299, "SHAPE_AREA": 0.0, "SHAPE_LEN": 0.0 }, "geometry": { "type": "Polygon", "coordinates": [ [ [ -4.917735868034612, 50.247236974451823 ], [ -4.801095353047685, 50.247244015288686 ], [ -4.8010681955341, 50.17890565278617 ], [ -4.917733856366937, 50.178898611949307 ], [ -4.917735868034612, 50.247236974451823 ] ] ] } },
{ "type": "Feature", "properties": { "SDOC_ID": 2750115, "SDOC_NAME": "5608_13_0 Barry to Stert Point", "SOURCE_NAM": "RSDRA2026000138329", "SDT_ID": 1950, "SDT_NAME": "UKHO Chart - Panel", "DATUM": "D_WGS_1984", "CRS_ID": 432627, "CRS_PARAMS": "PROJCS[\"WGS84_Transverse_Mercator\",GEOGCS[\"GCS_WGS_1984\",DATUM[\"D_WGS_1984\",SPHEROID[\"WGS_1984\",6378137.0,298.257223563]],PRIMEM[\"Greenwich\",0.0],UNIT[\"Degree\",0.0174532925199433]],PROJECTION[\"Transverse_Mercator\"],PARAMETER[\"False_Easting\",0.0],PARAMETE", "PUBLICATIO": "2022-03-03T00:00:00", "RECEIPTDAT": "2026-04-08T00:00:00", "UKHOVERSIO": "Current Version", "PRODUCEDBY": "UK Hydrographic Office", "PRODUCED_1": null, "PRODUCED_2": null, "IPROWNER1": "UK Hydrographic Office", "PROTECTIVE": "UNCLASSIFIED", "AUTHORITAT": "Yes", "SUBJECTMAT": null, "SUBJECTM_1": null, "SUBJECTM_2": null, "SUPPLIEDBY": null, "SUPPLIED_1": null, "SUPPLIED_2": null, "SUPPLIED_3": null, "SUPPLIED_4": null, "SCALE": 50000.0, "DEPTHUNITS": "Metres / Metres & Decimals", "SPATIALREF": 0.0, "VALIDATED": "Yes", "CHART_PREF": null, "CHART_NUMB": 0.0, "CHART_SUFF": null, "CHART_TYPE": null, "CHART_CORR": 0.0, "CHART_CO_1": 0.0, "CHART_REVI": null, "CHART_CANC": null, "CHART_INTN": 0.0, "CHART_MAIN": null, "CHART_GENE": null, "CHART_SPEC": null, "CHART_SP_1": null, "PANEL_CHAR": null, "PANEL_CH_1": 5608.0, "PANEL_CH_2": "_13", "PANEL_IDEN": "5608_13_0", "PANEL_MAIN": "Barry to Stert Point", "PANEL_GENE": null, "PANEL_MULT": "No", "PANEL_SPEC": null, "PANEL_SP_1": null, "PUBLICAT_1": 0.0, "PUBLICAT_2": null, "PUBLICAT_3": null, "PUBLICAT_4": null, "PUBLICAT_5": null, "GBENC_CELL": null, "GBENC_EDIT": null, "GBENC_FILE": null, "GBENC_ISSU": null, "GBENC_NAVP": null, "GBENC_UPDA": null, "GBENC_UP_1": null, "STATUS": "ASSESS_CLOSED", "STATUS_OP": 29636, "STATUS_DAT": "2026-04-08T00:00:00", "GEO_ID": 2319539, "SHAPE_AREA": 0.0, "SHAPE_LEN": 0.0 }, "geometry": { "type": "Polygon", "coordinates": [ [ [ -3.257670488835231, 51.417702675518001 ], [ -2.981629450814722, 51.417701669684163 ], [ -2.981677730838868, 51.391680748340377 ], [ -2.977850533091924, 51.391682760008052 ], [ -2.977846509756574, 51.383330315831813 ], [ -2.98168980084489, 51.383359485013074 ], [ -2.981666666666655, 51.17233252866626 ], [ -3.257647354657024, 51.172317441158725 ], [ -3.257685576342794, 51.388335345000996 ], [ -3.261462482397917, 51.388334339167159 ], [ -3.261474552403939, 51.393368537517603 ], [ -3.257649366324671, 51.393346409173205 ], [ -3.257670488835231, 51.417702675518001 ] ] ] } },
{ "type": "Feature", "properties": { "SDOC_ID": 2760360, "SDOC_NAME": "1859_3 C City Docks", "SOURCE_NAM": "RSDRA2026000190014", "SDT_ID": 1950, "SDT_NAME": "UKHO Chart - Panel", "DATUM": "D_ETRS_1989", "CRS_ID": 500650, "CRS_PARAMS": "PROJCS[\"ETRS 89 / TM Projection\",GEOGCS[\"GCS_ETRS_1989\",DATUM[\"D_ETRS_1989\",SPHEROID[\"GRS_1980\",6378137.0,298.257222101]],PRIMEM[\"Greenwich\",0.0],UNIT[\"Degree\",0.0174532925199433]],PROJECTION[\"Transverse_Mercator\"],PARAMETER[\"False_Easting\",0.0],PARAMETE", "PUBLICATIO": "2026-05-21T00:00:00", "RECEIPTDAT": "2026-05-13T00:00:00", "UKHOVERSIO": "Current Version", "PRODUCEDBY": "UK Hydrographic Office", "PRODUCED_1": "RT1W", "PRODUCED_2": null, "IPROWNER1": "UK Hydrographic Office", "PROTECTIVE": "UNCLASSIFIED", "AUTHORITAT": "Yes", "SUBJECTMAT": null, "SUBJECTM_1": null, "SUBJECTM_2": null, "SUPPLIEDBY": null, "SUPPLIED_1": null, "SUPPLIED_2": null, "SUPPLIED_3": null, "SUPPLIED_4": null, "SCALE": 5000.0, "DEPTHUNITS": "Metres / Metres & Decimals", "SPATIALREF": 0.0, "VALIDATED": "Yes", "CHART_PREF": null, "CHART_NUMB": 0.0, "CHART_SUFF": null, "CHART_TYPE": null, "CHART_CORR": 0.0, "CHART_CO_1": 0.0, "CHART_REVI": null, "CHART_CANC": null, "CHART_INTN": 0.0, "CHART_MAIN": null, "CHART_GENE": null, "CHART_SPEC": null, "CHART_SP_1": null, "PANEL_CHAR": null, "PANEL_CH_1": 1859.0, "PANEL_CH_2": null, "PANEL_IDEN": "1859_3", "PANEL_MAIN": "C City Docks", "PANEL_GENE": null, "PANEL_MULT": "No", "PANEL_SPEC": null, "PANEL_SP_1": null, "PUBLICAT_1": 0.0, "PUBLICAT_2": null, "PUBLICAT_3": null, "PUBLICAT_4": null, "PUBLICAT_5": null, "GBENC_CELL": null, "GBENC_EDIT": null, "GBENC_FILE": null, "GBENC_ISSU": null, "GBENC_NAVP": null, "GBENC_UPDA": null, "GBENC_UP_1": null, "STATUS": "ASSESS_CLOSED", "STATUS_OP": 29636, "STATUS_DAT": "2026-05-14T00:00:00", "GEO_ID": 2740442, "SHAPE_AREA": 0.0, "SHAPE_LEN": 0.0 }, "geometry": { "type": "Polygon", "coordinates": [ [ [ -2.627152484409578, 51.444988935827809 ], [ -2.627155501911091, 51.453981090323879 ], [ -2.607458257895786, 51.453982096157716 ], [ -2.607457252061948, 51.454200362100181 ], [ -2.606697847515591, 51.454200362100181 ], [ -2.606696841681753, 51.453983101991554 ], [ -2.590490846912104, 51.453980084490041 ], [ -2.590487829410591, 51.444988935827809 ], [ -2.627152484409578, 51.444988935827809 ] ] ] } },
{ "type": "Feature", "properties": { "SDOC_ID": 2765152, "SDOC_NAME": "0031_4 D River Fowey Mixtow to Saint Winnow", "SOURCE_NAM": "RSDRA2026000212293", "SDT_ID": 1950, "SDT_NAME": "UKHO Chart - Panel", "DATUM": "D_WGS_1984", "CRS_ID": 432627, "CRS_PARAMS": "PROJCS[\"WGS84_Transverse_Mercator\",GEOGCS[\"GCS_WGS_1984\",DATUM[\"D_WGS_1984\",SPHEROID[\"WGS_1984\",6378137.0,298.257223563]],PRIMEM[\"Greenwich\",0.0],UNIT[\"Degree\",0.0174532925199433]],PROJECTION[\"Transverse_Mercator\"],PARAMETER[\"False_Easting\",0.0],PARAMETE", "PUBLICATIO": "2026-06-11T00:00:00", "RECEIPTDAT": "2026-06-01T00:00:00", "UKHOVERSIO": "Current Version", "PRODUCEDBY": "UK Hydrographic Office", "PRODUCED_1": null, "PRODUCED_2": null, "IPROWNER1": "UK Hydrographic Office", "PROTECTIVE": "UNCLASSIFIED", "AUTHORITAT": "Yes", "SUBJECTMAT": null, "SUBJECTM_1": null, "SUBJECTM_2": null, "SUPPLIEDBY": null, "SUPPLIED_1": null, "SUPPLIED_2": null, "SUPPLIED_3": null, "SUPPLIED_4": null, "SCALE": 15000.0, "DEPTHUNITS": "Metres / Metres & Decimals", "SPATIALREF": 0.0, "VALIDATED": "Yes", "CHART_PREF": null, "CHART_NUMB": 0.0, "CHART_SUFF": null, "CHART_TYPE": null, "CHART_CORR": 0.0, "CHART_CO_1": 0.0, "CHART_REVI": null, "CHART_CANC": null, "CHART_INTN": 0.0, "CHART_MAIN": null, "CHART_GENE": null, "CHART_SPEC": null, "CHART_SP_1": null, "PANEL_CHAR": null, "PANEL_CH_1": 31.0, "PANEL_CH_2": null, "PANEL_IDEN": "0031_4", "PANEL_MAIN": "D River Fowey Mixtow to Saint Winnow", "PANEL_GENE": null, "PANEL_MULT": "No", "PANEL_SPEC": null, "PANEL_SP_1": null, "PUBLICAT_1": 0.0, "PUBLICAT_2": null, "PUBLICAT_3": null, "PUBLICAT_4": null, "PUBLICAT_5": null, "GBENC_CELL": null, "GBENC_EDIT": null, "GBENC_FILE": null, "GBENC_ISSU": null, "GBENC_NAVP": null, "GBENC_UPDA": null, "GBENC_UP_1": null, "STATUS": "ASSESS_CLOSED", "STATUS_OP": 22743, "STATUS_DAT": "2026-06-01T00:00:00", "GEO_ID": 2745234, "SHAPE_AREA": 0.0, "SHAPE_LEN": 0.0 }, "geometry": { "type": "Polygon", "coordinates": [ [ [ -4.658658217662435, 50.344149064574538 ], [ -4.658657211828597, 50.385065379199347 ], [ -4.616104405552193, 50.385065379199347 ], [ -4.61608831221082, 50.348792999396494 ], [ -4.625348018507339, 50.348796016898007 ], [ -4.625349024341176, 50.344149064574538 ], [ -4.658658217662435, 50.344149064574538 ] ] ] } },
{ "type": "Feature", "properties": { "SDOC_ID": 2769255, "SDOC_NAME": "0871_0 Rivers Tamar Lynher and Tavy", "SOURCE_NAM": "RSDRA2026000231631", "SDT_ID": 1950, "SDT_NAME": "UKHO Chart - Panel", "DATUM": "D_WGS_1984", "CRS_ID": 432627, "CRS_PARAMS": "PROJCS[\"WGS84_Transverse_Mercator\",GEOGCS[\"GCS_WGS_1984\",DATUM[\"D_WGS_1984\",SPHEROID[\"WGS_1984\",6378137.0,298.257223563]],PRIMEM[\"Greenwich\",0.0],UNIT[\"Degree\",0.0174532925199433]],PROJECTION[\"Transverse_Mercator\"],PARAMETER[\"False_Easting\",0.0],PARAMETE", "PUBLICATIO": "2023-02-09T00:00:00", "RECEIPTDAT": "2026-06-15T00:00:00", "UKHOVERSIO": "Current Version", "PRODUCEDBY": "UK Hydrographic Office", "PRODUCED_1": null, "PRODUCED_2": null, "IPROWNER1": "UK Hydrographic Office", "PROTECTIVE": "UNCLASSIFIED", "AUTHORITAT": "Yes", "SUBJECTMAT": null, "SUBJECTM_1": null, "SUBJECTM_2": null, "SUPPLIEDBY": null, "SUPPLIED_1": null, "SUPPLIED_2": null, "SUPPLIED_3": null, "SUPPLIED_4": null, "SCALE": 12500.0, "DEPTHUNITS": "Metres / Metres & Decimals", "SPATIALREF": 0.0, "VALIDATED": "Yes", "CHART_PREF": null, "CHART_NUMB": 0.0, "CHART_SUFF": null, "CHART_TYPE": null, "CHART_CORR": 0.0, "CHART_CO_1": 0.0, "CHART_REVI": null, "CHART_CANC": null, "CHART_INTN": 0.0, "CHART_MAIN": null, "CHART_GENE": null, "CHART_SPEC": null, "CHART_SP_1": null, "PANEL_CHAR": null, "PANEL_CH_1": 871.0, "PANEL_CH_2": null, "PANEL_IDEN": "0871_0", "PANEL_MAIN": "Rivers Tamar Lynher and Tavy", "PANEL_GENE": null, "PANEL_MULT": "No", "PANEL_SPEC": null, "PANEL_SP_1": null, "PUBLICAT_1": 0.0, "PUBLICAT_2": null, "PUBLICAT_3": null, "PUBLICAT_4": null, "PUBLICAT_5": null, "GBENC_CELL": null, "GBENC_EDIT": null, "GBENC_FILE": null, "GBENC_ISSU": null, "GBENC_NAVP": null, "GBENC_UPDA": null, "GBENC_UP_1": null, "STATUS": "ASSESS_CLOSED", "STATUS_OP": 3512, "STATUS_DAT": "2026-06-15T00:00:00", "GEO_ID": 2486093, "SHAPE_AREA": 0.0, "SHAPE_LEN": 0.0 }, "geometry": { "type": "Polygon", "coordinates": [ [ [ -4.278190504928574, 50.345236370951511 ], [ -4.278193522430087, 50.398618990142836 ], [ -4.217914906457452, 50.398613960973648 ], [ -4.217909877288264, 50.45761013880508 ], [ -4.165810702072008, 50.457607121303568 ], [ -4.165809696238171, 50.345237376785349 ], [ -4.278190504928574, 50.345236370951511 ] ] ] } },
{ "type": "Feature", "properties": { "SDOC_ID": 2769259, "SDOC_NAME": "0871_4 D River Tavy", "SOURCE_NAM": "RSDRA2026000231635", "SDT_ID": 1950, "SDT_NAME": "UKHO Chart - Panel", "DATUM": "D_WGS_1984", "CRS_ID": 432627, "CRS_PARAMS": "PROJCS[\"WGS84_Transverse_Mercator\",GEOGCS[\"GCS_WGS_1984\",DATUM[\"D_WGS_1984\",SPHEROID[\"WGS_1984\",6378137.0,298.257223563]],PRIMEM[\"Greenwich\",0.0],UNIT[\"Degree\",0.0174532925199433]],PROJECTION[\"Transverse_Mercator\"],PARAMETER[\"False_Easting\",0.0],PARAMETE", "PUBLICATIO": "2023-02-09T00:00:00", "RECEIPTDAT": "2026-06-15T00:00:00", "UKHOVERSIO": "Current Version", "PRODUCEDBY": "UK Hydrographic Office", "PRODUCED_1": null, "PRODUCED_2": null, "IPROWNER1": "UK Hydrographic Office", "PROTECTIVE": "UNCLASSIFIED", "AUTHORITAT": "Yes", "SUBJECTMAT": null, "SUBJECTM_1": null, "SUBJECTM_2": null, "SUPPLIEDBY": null, "SUPPLIED_1": null, "SUPPLIED_2": null, "SUPPLIED_3": null, "SUPPLIED_4": null, "SCALE": 20000.0, "DEPTHUNITS": "Metres / Metres & Decimals", "SPATIALREF": 0.0, "VALIDATED": "Yes", "CHART_PREF": null, "CHART_NUMB": 0.0, "CHART_SUFF": null, "CHART_TYPE": null, "CHART_CORR": 0.0, "CHART_CO_1": 0.0, "CHART_REVI": null, "CHART_CANC": null, "CHART_INTN": 0.0, "CHART_MAIN": null, "CHART_GENE": null, "CHART_SPEC": null, "CHART_SP_1": null, "PANEL_CHAR": null, "PANEL_CH_1": 871.0, "PANEL_CH_2": null, "PANEL_IDEN": "0871_4", "PANEL_MAIN": "D River Tavy", "PANEL_GENE": null, "PANEL_MULT": "No", "PANEL_SPEC": null, "PANEL_SP_1": null, "PUBLICAT_1": 0.0, "PUBLICAT_2": null, "PUBLICAT_3": null, "PUBLICAT_4": null, "PUBLICAT_5": null, "GBENC_CELL": null, "GBENC_EDIT": null, "GBENC_FILE": null, "GBENC_ISSU": null, "GBENC_NAVP": null, "GBENC_UPDA": null, "GBENC_UP_1": null, "STATUS": "ASSESS_CLOSED", "STATUS_OP": 3512, "STATUS_DAT": "2026-06-15T00:00:00", "GEO_ID": 2486097, "SHAPE_AREA": 0.0, "SHAPE_LEN": 0.0 }, "geometry": { "type": "Polygon", "coordinates": [ [ [ -4.189722389861203, 50.419568497284246 ], [ -4.189729430698037, 50.437350633675322 ], [ -4.158574733454032, 50.465770468718574 ], [ -4.14948601890967, 50.465771474552412 ], [ -4.14947696640516, 50.419568497284246 ], [ -4.189722389861203, 50.419568497284246 ] ] ] } },
{ "type": "Feature", "properties": { "SDOC_ID": 2769309, "SDOC_NAME": "5602_13_0 Outer Approaches to Plymouth", "SOURCE_NAM": "RSDRA2026000231684", "SDT_ID": 1950, "SDT_NAME": "UKHO Chart - Panel", "DATUM": "D_WGS_1984", "CRS_ID": 432627, "CRS_PARAMS": "PROJCS[\"WGS84_Transverse_Mercator\",GEOGCS[\"GCS_WGS_1984\",DATUM[\"D_WGS_1984\",SPHEROID[\"WGS_1984\",6378137.0,298.257223563]],PRIMEM[\"Greenwich\",0.0],UNIT[\"Degree\",0.0174532925199433]],PROJECTION[\"Transverse_Mercator\"],PARAMETER[\"False_Easting\",0.0],PARAMETE", "PUBLICATIO": "2024-02-22T00:00:00", "RECEIPTDAT": "2026-06-15T00:00:00", "UKHOVERSIO": "Current Version", "PRODUCEDBY": "UK Hydrographic Office", "PRODUCED_1": null, "PRODUCED_2": null, "IPROWNER1": "UK Hydrographic Office", "PROTECTIVE": "UNCLASSIFIED", "AUTHORITAT": "Yes", "SUBJECTMAT": null, "SUBJECTM_1": null, "SUBJECTM_2": null, "SUPPLIEDBY": null, "SUPPLIED_1": null, "SUPPLIED_2": null, "SUPPLIED_3": null, "SUPPLIED_4": null, "SCALE": 25000.0, "DEPTHUNITS": "Metres / Metres & Decimals", "SPATIALREF": 0.0, "VALIDATED": "Yes", "CHART_PREF": null, "CHART_NUMB": 0.0, "CHART_SUFF": null, "CHART_TYPE": null, "CHART_CORR": 0.0, "CHART_CO_1": 0.0, "CHART_REVI": null, "CHART_CANC": null, "CHART_INTN": 0.0, "CHART_MAIN": null, "CHART_GENE": null, "CHART_SPEC": null, "CHART_SP_1": null, "PANEL_CHAR": null, "PANEL_CH_1": 5602.0, "PANEL_CH_2": "_13", "PANEL_IDEN": "5602_13_0", "PANEL_MAIN": "Outer Approaches to Plymouth", "PANEL_GENE": null, "PANEL_MULT": "No", "PANEL_SPEC": null, "PANEL_SP_1": null, "PUBLICAT_1": 0.0, "PUBLICAT_2": null, "PUBLICAT_3": null, "PUBLICAT_4": null, "PUBLICAT_5": null, "GBENC_CELL": null, "GBENC_EDIT": null, "GBENC_FILE": null, "GBENC_ISSU": null, "GBENC_NAVP": null, "GBENC_UPDA": null, "GBENC_UP_1": null, "STATUS": "ASSESS_CLOSED", "STATUS_OP": 3512, "STATUS_DAT": "2026-06-15T00:00:00", "GEO_ID": 2503456, "SHAPE_AREA": 0.0, "SHAPE_LEN": 0.0 }, "geometry": { "type": "Polygon", "coordinates": [ [ [ -4.244180245423451, 50.346186883926777 ], [ -4.116669684168187, 50.346172802253079 ], [ -4.116655602494461, 50.347398913699465 ], [ -4.106674713337355, 50.34740092536714 ], [ -4.10666867833433, 50.346166767250054 ], [ -4.046782337557829, 50.346179843089914 ], [ -4.046778314222479, 50.290012070006043 ], [ -4.044882317441164, 50.290007040836855 ], [ -4.0449054516194, 50.286669684168174 ], [ -4.046757191711919, 50.286667672500499 ], [ -4.046786360893179, 50.262553812110241 ], [ -4.244179239589613, 50.262550794608728 ], [ -4.244180245423451, 50.346186883926777 ] ] ] } },
{ "type": "Feature", "properties": { "SDOC_ID": 2771171, "SDOC_NAME": "0148_0 Dodman Point to Looe Bay", "SOURCE_NAM": "RSDRA2026000242637", "SDT_ID": 1950, "SDT_NAME": "UKHO Chart - Panel", "DATUM": "D_WGS_1984", "CRS_ID": 432627, "CRS_PARAMS": "PROJCS[\"WGS84_Transverse_Mercator\",GEOGCS[\"GCS_WGS_1984\",DATUM[\"D_WGS_1984\",SPHEROID[\"WGS_1984\",6378137.0,298.257223563]],PRIMEM[\"Greenwich\",0.0],UNIT[\"Degree\",0.0174532925199433]],PROJECTION[\"Transverse_Mercator\"],PARAMETER[\"False_Easting\",0.0],PARAMETE", "PUBLICATIO": "2021-02-11T00:00:00", "RECEIPTDAT": "2026-06-19T00:00:00", "UKHOVERSIO": "Current Version", "PRODUCEDBY": "UK Hydrographic Office", "PRODUCED_1": null, "PRODUCED_2": null, "IPROWNER1": "UK Hydrographic Office", "PROTECTIVE": "UNCLASSIFIED", "AUTHORITAT": "Yes", "SUBJECTMAT": null, "SUBJECTM_1": null, "SUBJECTM_2": null, "SUPPLIEDBY": null, "SUPPLIED_1": null, "SUPPLIED_2": null, "SUPPLIED_3": null, "SUPPLIED_4": null, "SCALE": 30000.0, "DEPTHUNITS": "Metres / Metres & Decimals", "SPATIALREF": 0.0, "VALIDATED": "Yes", "CHART_PREF": null, "CHART_NUMB": 0.0, "CHART_SUFF": null, "CHART_TYPE": null, "CHART_CORR": 0.0, "CHART_CO_1": 0.0, "CHART_REVI": null, "CHART_CANC": null, "CHART_INTN": 0.0, "CHART_MAIN": null, "CHART_GENE": null, "CHART_SPEC": null, "CHART_SP_1": null, "PANEL_CHAR": null, "PANEL_CH_1": 148.0, "PANEL_CH_2": null, "PANEL_IDEN": "0148_0", "PANEL_MAIN": "Dodman Point to Looe Bay", "PANEL_GENE": "England - South Coast", "PANEL_MULT": "No", "PANEL_SPEC": null, "PANEL_SP_1": null, "PUBLICAT_1": 0.0, "PUBLICAT_2": null, "PUBLICAT_3": null, "PUBLICAT_4": null, "PUBLICAT_5": null, "GBENC_CELL": null, "GBENC_EDIT": null, "GBENC_FILE": null, "GBENC_ISSU": null, "GBENC_NAVP": null, "GBENC_UPDA": null, "GBENC_UP_1": null, "STATUS": "ASSESS_CLOSED", "STATUS_OP": 20300, "STATUS_DAT": "2026-06-19T00:00:00", "GEO_ID": 2221658, "SHAPE_AREA": 0.0, "SHAPE_LEN": 0.0 }, "geometry": { "type": "Polygon", "coordinates": [ [ [ -4.809441762220871, 50.366517803258915 ], [ -4.380869040434533, 50.366516797425078 ], [ -4.380897203781927, 50.193905652786157 ], [ -4.809449808891571, 50.193905652786157 ], [ -4.809441762220871, 50.366517803258915 ] ] ] } },
{ "type": "Feature", "properties": { "SDOC_ID": 2776350, "SDOC_NAME": "1156_0 Trevose Head to Hartland Point", "SOURCE_NAM": "RSDRA2026000268267", "SDT_ID": 1950, "SDT_NAME": "UKHO Chart - Panel", "DATUM": "D_WGS_1984", "CRS_ID": 432612, "CRS_PARAMS": "PROJCS[\"WGS84_Mercator\",GEOGCS[\"GCS_WGS_1984\",DATUM[\"D_WGS_1984\",SPHEROID[\"WGS_1984\",6378137.0,298.257223563]],PRIMEM[\"Greenwich\",0.0],UNIT[\"Degree\",0.0174532925199433]],PROJECTION[\"Mercator\"],PARAMETER[\"False_Easting\",0.0],PARAMETER[\"False_Northing\",0.0", "PUBLICATIO": "2012-03-01T00:00:00", "RECEIPTDAT": "2026-07-07T00:00:00", "UKHOVERSIO": "Current Version", "PRODUCEDBY": "UK Hydrographic Office", "PRODUCED_1": "RT1W", "PRODUCED_2": null, "IPROWNER1": "UK Hydrographic Office", "PROTECTIVE": "UNCLASSIFIED", "AUTHORITAT": "Yes", "SUBJECTMAT": null, "SUBJECTM_1": null, "SUBJECTM_2": null, "SUPPLIEDBY": null, "SUPPLIED_1": null, "SUPPLIED_2": null, "SUPPLIED_3": null, "SUPPLIED_4": null, "SCALE": 75000.0, "DEPTHUNITS": "Metres / Metres & Decimals", "SPATIALREF": 0.0, "VALIDATED": "Yes", "CHART_PREF": null, "CHART_NUMB": 0.0, "CHART_SUFF": null, "CHART_TYPE": null, "CHART_CORR": 0.0, "CHART_CO_1": 0.0, "CHART_REVI": null, "CHART_CANC": null, "CHART_INTN": 0.0, "CHART_MAIN": null, "CHART_GENE": null, "CHART_SPEC": null, "CHART_SP_1": null, "PANEL_CHAR": null, "PANEL_CH_1": 1156.0, "PANEL_CH_2": null, "PANEL_IDEN": "1156_0", "PANEL_MAIN": "Trevose Head to Hartland Point", "PANEL_GENE": "England - West Coast", "PANEL_MULT": "No", "PANEL_SPEC": null, "PANEL_SP_1": null, "PUBLICAT_1": 0.0, "PUBLICAT_2": null, "PUBLICAT_3": null, "PUBLICAT_4": null, "PUBLICAT_5": null, "GBENC_CELL": null, "GBENC_EDIT": null, "GBENC_FILE": null, "GBENC_ISSU": null, "GBENC_NAVP": null, "GBENC_UPDA": null, "GBENC_UP_1": null, "STATUS": "ASSESS_CLOSED", "STATUS_OP": 22743, "STATUS_DAT": "2026-07-07T00:00:00", "GEO_ID": 1369189, "SHAPE_AREA": 0.0, "SHAPE_LEN": 0.0 }, "geometry": { "type": "Polygon", "coordinates": [ [ [ -5.173833232749956, 50.522957151478579 ], [ -5.173869442768051, 51.185680949507145 ], [ -4.500928384630868, 51.185676926171794 ], [ -4.500929390464705, 50.522972238986114 ], [ -5.173833232749956, 50.522957151478579 ] ] ] } },
{ "type": "Feature", "properties": { "SDOC_ID": 2776474, "SDOC_NAME": "5602_2_0 A Helford River to Fowey", "SOURCE_NAM": "RSDRA2026000268492", "SDT_ID": 1950, "SDT_NAME": "UKHO Chart - Panel", "DATUM": "D_WGS_1984", "CRS_ID": 432612, "CRS_PARAMS": "PROJCS[\"WGS84_Mercator\",GEOGCS[\"GCS_WGS_1984\",DATUM[\"D_WGS_1984\",SPHEROID[\"WGS_1984\",6378137.0,298.257223563]],PRIMEM[\"Greenwich\",0.0],UNIT[\"Degree\",0.0174532925199433]],PROJECTION[\"Mercator\"],PARAMETER[\"False_Easting\",0.0],PARAMETER[\"False_Northing\",0.0", "PUBLICATIO": "2024-02-15T00:00:00", "RECEIPTDAT": "2026-07-07T00:00:00", "UKHOVERSIO": "Current Version", "PRODUCEDBY": "UK Hydrographic Office", "PRODUCED_1": null, "PRODUCED_2": null, "IPROWNER1": "UK Hydrographic Office", "PROTECTIVE": "UNCLASSIFIED", "AUTHORITAT": "Yes", "SUBJECTMAT": null, "SUBJECTM_1": null, "SUBJECTM_2": null, "SUPPLIEDBY": null, "SUPPLIED_1": null, "SUPPLIED_2": null, "SUPPLIED_3": null, "SUPPLIED_4": null, "SCALE": 75000.0, "DEPTHUNITS": "Metres / Metres & Decimals", "SPATIALREF": 0.0, "VALIDATED": "Yes", "CHART_PREF": null, "CHART_NUMB": 0.0, "CHART_SUFF": null, "CHART_TYPE": null, "CHART_CORR": 0.0, "CHART_CO_1": 0.0, "CHART_REVI": null, "CHART_CANC": null, "CHART_INTN": 0.0, "CHART_MAIN": null, "CHART_GENE": null, "CHART_SPEC": null, "CHART_SP_1": null, "PANEL_CHAR": null, "PANEL_CH_1": 5602.0, "PANEL_CH_2": "_2", "PANEL_IDEN": "5602_2_0", "PANEL_MAIN": "A Helford River to Fowey", "PANEL_GENE": null, "PANEL_MULT": "No", "PANEL_SPEC": null, "PANEL_SP_1": null, "PUBLICAT_1": 0.0, "PUBLICAT_2": null, "PUBLICAT_3": null, "PUBLICAT_4": null, "PUBLICAT_5": null, "GBENC_CELL": null, "GBENC_EDIT": null, "GBENC_FILE": null, "GBENC_ISSU": null, "GBENC_NAVP": null, "GBENC_UPDA": null, "GBENC_UP_1": null, "STATUS": "ASSESS_CLOSED", "STATUS_OP": 22743, "STATUS_DAT": "2026-07-07T00:00:00", "GEO_ID": 2500856, "SHAPE_AREA": 0.0, "SHAPE_LEN": 0.0 }, "geometry": { "type": "Polygon", "coordinates": [ [ [ -5.101166767250049, 50.0896670690002 ], [ -5.101172802253075, 50.341982498491262 ], [ -4.506005833836241, 50.341982498491262 ], [ -4.506009857171591, 50.089643934821964 ], [ -5.101166767250049, 50.0896670690002 ] ] ] } },
{ "type": "Feature", "properties": { "SDOC_ID": 2134165, "SDOC_NAME": "0147_3 C Helford River", "SOURCE_NAM": "RSDRA2019000295182", "SDT_ID": 1950, "SDT_NAME": "UKHO Chart - Panel", "DATUM": "D_WGS_1984", "CRS_ID": 432627, "CRS_PARAMS": "PROJCS[\"WGS84_Transverse_Mercator\",GEOGCS[\"GCS_WGS_1984\",DATUM[\"D_WGS_1984\",SPHEROID[\"WGS_1984\",6378137.0,298.257223563]],PRIMEM[\"Greenwich\",0.0],UNIT[\"Degree\",0.0174532925199433]],PROJECTION[\"Transverse_Mercator\"],PARAMETER[\"False_Easting\",500000.0],PAR", "PUBLICATIO": "2017-02-09T00:00:00", "RECEIPTDAT": "2019-12-09T00:00:00", "UKHOVERSIO": "Current Version", "PRODUCEDBY": "UK Hydrographic Office", "PRODUCED_1": null, "PRODUCED_2": null, "IPROWNER1": "UK Hydrographic Office", "PROTECTIVE": "UNCLASSIFIED", "AUTHORITAT": "Yes", "SUBJECTMAT": null, "SUBJECTM_1": null, "SUBJECTM_2": null, "SUPPLIEDBY": null, "SUPPLIED_1": null, "SUPPLIED_2": null, "SUPPLIED_3": null, "SUPPLIED_4": null, "SCALE": 12500.0, "DEPTHUNITS": "Metres / Metres & Decimals", "SPATIALREF": 0.0, "VALIDATED": "Yes", "CHART_PREF": null, "CHART_NUMB": 0.0, "CHART_SUFF": null, "CHART_TYPE": null, "CHART_CORR": 0.0, "CHART_CO_1": 0.0, "CHART_REVI": null, "CHART_CANC": null, "CHART_INTN": 0.0, "CHART_MAIN": null, "CHART_GENE": null, "CHART_SPEC": null, "CHART_SP_1": null, "PANEL_CHAR": null, "PANEL_CH_1": 147.0, "PANEL_CH_2": null, "PANEL_IDEN": "0147_3", "PANEL_MAIN": "C Helford River", "PANEL_GENE": null, "PANEL_MULT": "No", "PANEL_SPEC": null, "PANEL_SP_1": null, "PUBLICAT_1": 0.0, "PUBLICAT_2": null, "PUBLICAT_3": null, "PUBLICAT_4": null, "PUBLICAT_5": null, "GBENC_CELL": null, "GBENC_EDIT": null, "GBENC_FILE": null, "GBENC_ISSU": null, "GBENC_NAVP": null, "GBENC_UPDA": null, "GBENC_UP_1": null, "STATUS": "ASSESS_CLOSED", "STATUS_OP": 10738, "STATUS_DAT": "2019-12-09T00:00:00", "GEO_ID": 1836964, "SHAPE_AREA": 0.0, "SHAPE_LEN": 0.0 }, "geometry": { "type": "Polygon", "coordinates": [ [ [ -5.176046067189702, 50.080134781734046 ], [ -5.176039026352839, 50.112934017300347 ], [ -5.064226513779914, 50.112938040635697 ], [ -5.064228525447589, 50.080137799235558 ], [ -5.176046067189702, 50.080134781734046 ] ] ] } },
{ "type": "Feature", "properties": { "SDOC_ID": 2134167, "SDOC_NAME": "0147_5 E Coverack Porthoustock Porthallow and the Manacles", "SOURCE_NAM": "RSDRA2019000295184", "SDT_ID": 1950, "SDT_NAME": "UKHO Chart - Panel", "DATUM": "D_WGS_1984", "CRS_ID": 432627, "CRS_PARAMS": "PROJCS[\"WGS84_Transverse_Mercator\",GEOGCS[\"GCS_WGS_1984\",DATUM[\"D_WGS_1984\",SPHEROID[\"WGS_1984\",6378137.0,298.257223563]],PRIMEM[\"Greenwich\",0.0],UNIT[\"Degree\",0.0174532925199433]],PROJECTION[\"Transverse_Mercator\"],PARAMETER[\"False_Easting\",500000.0],PAR", "PUBLICATIO": "2017-02-09T00:00:00", "RECEIPTDAT": "2019-12-09T00:00:00", "UKHOVERSIO": "Current Version", "PRODUCEDBY": "UK Hydrographic Office", "PRODUCED_1": null, "PRODUCED_2": null, "IPROWNER1": "UK Hydrographic Office", "PROTECTIVE": "UNCLASSIFIED", "AUTHORITAT": "Yes", "SUBJECTMAT": null, "SUBJECTM_1": null, "SUBJECTM_2": null, "SUPPLIEDBY": null, "SUPPLIED_1": null, "SUPPLIED_2": null, "SUPPLIED_3": null, "SUPPLIED_4": null, "SCALE": 15000.0, "DEPTHUNITS": "Metres / Metres & Decimals", "SPATIALREF": 0.0, "VALIDATED": "Yes", "CHART_PREF": null, "CHART_NUMB": 0.0, "CHART_SUFF": null, "CHART_TYPE": null, "CHART_CORR": 0.0, "CHART_CO_1": 0.0, "CHART_REVI": null, "CHART_CANC": null, "CHART_INTN": 0.0, "CHART_MAIN": null, "CHART_GENE": null, "CHART_SPEC": null, "CHART_SP_1": null, "PANEL_CHAR": null, "PANEL_CH_1": 147.0, "PANEL_CH_2": null, "PANEL_IDEN": "0147_5", "PANEL_MAIN": "E Coverack Porthoustock Porthallow and the Manacles", "PANEL_GENE": null, "PANEL_MULT": "No", "PANEL_SPEC": null, "PANEL_SP_1": null, "PUBLICAT_1": 0.0, "PUBLICAT_2": null, "PUBLICAT_3": null, "PUBLICAT_4": null, "PUBLICAT_5": null, "GBENC_CELL": null, "GBENC_EDIT": null, "GBENC_FILE": null, "GBENC_ISSU": null, "GBENC_NAVP": null, "GBENC_UPDA": null, "GBENC_UP_1": null, "STATUS": "ASSESS_CLOSED", "STATUS_OP": 10738, "STATUS_DAT": "2019-12-09T00:00:00", "GEO_ID": 1836967, "SHAPE_AREA": 0.0, "SHAPE_LEN": 0.0 }, "geometry": { "type": "Polygon", "coordinates": [ [ [ -5.10093341380005, 50.015903238784944 ], [ -5.10097163548582, 50.082596057131354 ], [ -5.021094347213847, 50.082612150472755 ], [ -5.021059143029561, 50.015920337960182 ], [ -5.10093341380005, 50.015903238784944 ] ] ] } },
{ "type": "Feature", "properties": { "SDOC_ID": 2306841, "SDOC_NAME": "5608_17_1 A Approaches to Barry and Cardiff", "SOURCE_NAM": "RSDRA2021000290262", "SDT_ID": 1950, "SDT_NAME": "UKHO Chart - Panel", "DATUM": "D_WGS_1984", "CRS_ID": 432627, "CRS_PARAMS": "PROJCS[\"WGS84_Transverse_Mercator\",GEOGCS[\"GCS_WGS_1984\",DATUM[\"D_WGS_1984\",SPHEROID[\"WGS_1984\",6378137.0,298.257223563]],PRIMEM[\"Greenwich\",0.0],UNIT[\"Degree\",0.0174532925199433]],PROJECTION[\"Transverse_Mercator\"],PARAMETER[\"False_Easting\",0.0],PARAMETE", "PUBLICATIO": "2021-10-28T00:00:00", "RECEIPTDAT": "2021-10-13T00:00:00", "UKHOVERSIO": "Current Version", "PRODUCEDBY": "UK Hydrographic Office", "PRODUCED_1": null, "PRODUCED_2": null, "IPROWNER1": "UK Hydrographic Office", "PROTECTIVE": "UNCLASSIFIED", "AUTHORITAT": "Yes", "SUBJECTMAT": null, "SUBJECTM_1": null, "SUBJECTM_2": null, "SUPPLIEDBY": null, "SUPPLIED_1": null, "SUPPLIED_2": null, "SUPPLIED_3": null, "SUPPLIED_4": null, "SCALE": 25000.0, "DEPTHUNITS": "Metres / Metres & Decimals", "SPATIALREF": 0.0, "VALIDATED": "Yes", "CHART_PREF": null, "CHART_NUMB": 0.0, "CHART_SUFF": null, "CHART_TYPE": null, "CHART_CORR": 0.0, "CHART_CO_1": 0.0, "CHART_REVI": null, "CHART_CANC": null, "CHART_INTN": 0.0, "CHART_MAIN": null, "CHART_GENE": null, "CHART_SPEC": null, "CHART_SP_1": null, "PANEL_CHAR": null, "PANEL_CH_1": 5608.0, "PANEL_CH_2": "_17", "PANEL_IDEN": "5608_17_1", "PANEL_MAIN": "A Approaches to Barry and Cardiff", "PANEL_GENE": null, "PANEL_MULT": "No", "PANEL_SPEC": null, "PANEL_SP_1": null, "PUBLICAT_1": 0.0, "PUBLICAT_2": null, "PUBLICAT_3": null, "PUBLICAT_4": null, "PUBLICAT_5": null, "GBENC_CELL": null, "GBENC_EDIT": null, "GBENC_FILE": null, "GBENC_ISSU": null, "GBENC_NAVP": null, "GBENC_UPDA": null, "GBENC_UP_1": null, "STATUS": "ASSESS_CLOSED", "STATUS_OP": 27614, "STATUS_DAT": "2021-10-22T00:00:00", "GEO_ID": 2287065, "SHAPE_AREA": 0.0, "SHAPE_LEN": 0.0 }, "geometry": { "type": "Polygon", "coordinates": [ [ [ -3.188339368336358, 51.45334540333937 ], [ -3.088351438342386, 51.453335345000994 ], [ -3.088331321665663, 51.369669080667876 ], [ -3.230003017501502, 51.369681150673898 ], [ -3.230003017501502, 51.368475155904235 ], [ -3.233336350834833, 51.368471132568914 ], [ -3.233332327499511, 51.369688191510761 ], [ -3.290498893582793, 51.369670086501714 ], [ -3.290506940253465, 51.404135988734652 ], [ -3.188346409173192, 51.404139006236164 ], [ -3.188339368336358, 51.45334540333937 ] ] ] } },
{ "type": "Feature", "properties": { "SDOC_ID": 2315866, "SDOC_NAME": "5603_6_3 C Coverack", "SOURCE_NAM": "RSDRA2021000318707", "SDT_ID": 1950, "SDT_NAME": "UKHO Chart - Panel", "DATUM": "D_WGS_1984", "CRS_ID": 432627, "CRS_PARAMS": "PROJCS[\"WGS84_Transverse_Mercator\",GEOGCS[\"GCS_WGS_1984\",DATUM[\"D_WGS_1984\",SPHEROID[\"WGS_1984\",6378137.0,298.257223563]],PRIMEM[\"Greenwich\",0.0],UNIT[\"Degree\",0.0174532925199433]],PROJECTION[\"Transverse_Mercator\"],PARAMETER[\"False_Easting\",0.0],PARAMETE", "PUBLICATIO": "2021-11-25T00:00:00", "RECEIPTDAT": "2021-11-12T00:00:00", "UKHOVERSIO": "Current Version", "PRODUCEDBY": "UK Hydrographic Office", "PRODUCED_1": null, "PRODUCED_2": null, "IPROWNER1": "UK Hydrographic Office", "PROTECTIVE": "UNCLASSIFIED", "AUTHORITAT": "Yes", "SUBJECTMAT": null, "SUBJECTM_1": null, "SUBJECTM_2": null, "SUPPLIEDBY": null, "SUPPLIED_1": null, "SUPPLIED_2": null, "SUPPLIED_3": null, "SUPPLIED_4": null, "SCALE": 15000.0, "DEPTHUNITS": "Metres / Metres & Decimals", "SPATIALREF": 0.0, "VALIDATED": "Yes", "CHART_PREF": null, "CHART_NUMB": 0.0, "CHART_SUFF": null, "CHART_TYPE": null, "CHART_CORR": 0.0, "CHART_CO_1": 0.0, "CHART_REVI": null, "CHART_CANC": null, "CHART_INTN": 0.0, "CHART_MAIN": null, "CHART_GENE": null, "CHART_SPEC": null, "CHART_SP_1": null, "PANEL_CHAR": null, "PANEL_CH_1": 5603.0, "PANEL_CH_2": "_6", "PANEL_IDEN": "5603_6_3", "PANEL_MAIN": "C Coverack", "PANEL_GENE": null, "PANEL_MULT": "No", "PANEL_SPEC": null, "PANEL_SP_1": null, "PUBLICAT_1": 0.0, "PUBLICAT_2": null, "PUBLICAT_3": null, "PUBLICAT_4": null, "PUBLICAT_5": null, "GBENC_CELL": null, "GBENC_EDIT": null, "GBENC_FILE": null, "GBENC_ISSU": null, "GBENC_NAVP": null, "GBENC_UPDA": null, "GBENC_UP_1": null, "STATUS": "ASSESS_CLOSED", "STATUS_OP": 27614, "STATUS_DAT": "2021-11-22T00:00:00", "GEO_ID": 2296090, "SHAPE_AREA": 0.0, "SHAPE_LEN": 0.0 }, "geometry": { "type": "Polygon", "coordinates": [ [ [ -5.081524844095753, 50.030493864413586 ], [ -5.081527861597266, 50.018996177831411 ], [ -5.099993964996969, 50.018996177831411 ], [ -5.099995976664644, 50.030493864413586 ], [ -5.081524844095753, 50.030493864413586 ] ] ] } },
{ "type": "Feature", "properties": { "SDOC_ID": 2433074, "SDOC_NAME": "5603_3_3 C Runnel Stone", "SOURCE_NAM": "RSDRA2023000058417", "SDT_ID": 1950, "SDT_NAME": "UKHO Chart - Panel", "DATUM": "D_WGS_1984", "CRS_ID": 432627, "CRS_PARAMS": "PROJCS[\"WGS84_Transverse_Mercator\",GEOGCS[\"GCS_WGS_1984\",DATUM[\"D_WGS_1984\",SPHEROID[\"WGS_1984\",6378137.0,298.257223563]],PRIMEM[\"Greenwich\",0.0],UNIT[\"Degree\",0.0174532925199433]],PROJECTION[\"Transverse_Mercator\"],PARAMETER[\"False_Easting\",0.0],PARAMETE", "PUBLICATIO": "2021-11-25T00:00:00", "RECEIPTDAT": "2023-02-28T00:00:00", "UKHOVERSIO": "Current Version", "PRODUCEDBY": "UK Hydrographic Office", "PRODUCED_1": null, "PRODUCED_2": null, "IPROWNER1": "UK Hydrographic Office", "PROTECTIVE": "UNCLASSIFIED", "AUTHORITAT": "Yes", "SUBJECTMAT": null, "SUBJECTM_1": null, "SUBJECTM_2": null, "SUPPLIEDBY": null, "SUPPLIED_1": null, "SUPPLIED_2": null, "SUPPLIED_3": null, "SUPPLIED_4": null, "SCALE": 15000.0, "DEPTHUNITS": "Metres / Metres & Decimals", "SPATIALREF": 0.0, "VALIDATED": "Yes", "CHART_PREF": null, "CHART_NUMB": 0.0, "CHART_SUFF": null, "CHART_TYPE": null, "CHART_CORR": 0.0, "CHART_CO_1": 0.0, "CHART_REVI": null, "CHART_CANC": null, "CHART_INTN": 0.0, "CHART_MAIN": null, "CHART_GENE": null, "CHART_SPEC": null, "CHART_SP_1": null, "PANEL_CHAR": null, "PANEL_CH_1": 5603.0, "PANEL_CH_2": "_3", "PANEL_IDEN": "5603_3_3", "PANEL_MAIN": "C Runnel Stone", "PANEL_GENE": null, "PANEL_MULT": "No", "PANEL_SPEC": null, "PANEL_SP_1": null, "PUBLICAT_1": 0.0, "PUBLICAT_2": null, "PUBLICAT_3": null, "PUBLICAT_4": null, "PUBLICAT_5": null, "GBENC_CELL": null, "GBENC_EDIT": null, "GBENC_FILE": null, "GBENC_ISSU": null, "GBENC_NAVP": null, "GBENC_UPDA": null, "GBENC_UP_1": null, "STATUS": "ASSESS_CLOSED", "STATUS_OP": 418, "STATUS_DAT": "2023-02-28T00:00:00", "GEO_ID": 2296000, "SHAPE_AREA": 0.0, "SHAPE_LEN": 0.0 }, "geometry": { "type": "Polygon", "coordinates": [ [ [ -5.666661637497498, 50.037492456246241 ], [ -5.666666666666657, 50.018673305169983 ], [ -5.681659625829809, 50.018673305169983 ], [ -5.681662643331322, 50.037491450412404 ], [ -5.666661637497498, 50.037492456246241 ] ] ] } },
{ "type": "Feature", "properties": { "SDOC_ID": 2517299, "SDOC_NAME": "2345_2 B Mousehole Harbour", "SOURCE_NAM": "RSDRA2024000025473", "SDT_ID": 1950, "SDT_NAME": "UKHO Chart - Panel", "DATUM": "D_WGS_1984", "CRS_ID": 432627, "CRS_PARAMS": "PROJCS[\"WGS84_Transverse_Mercator\",GEOGCS[\"GCS_WGS_1984\",DATUM[\"D_WGS_1984\",SPHEROID[\"WGS_1984\",6378137.0,298.257223563]],PRIMEM[\"Greenwich\",0.0],UNIT[\"Degree\",0.0174532925199433]],PROJECTION[\"Transverse_Mercator\"],PARAMETER[\"False_Easting\",500000.0],PAR", "PUBLICATIO": "2017-07-13T00:00:00", "RECEIPTDAT": "2024-01-29T00:00:00", "UKHOVERSIO": "Current Version", "PRODUCEDBY": "UK Hydrographic Office", "PRODUCED_1": null, "PRODUCED_2": null, "IPROWNER1": "UK Hydrographic Office", "PROTECTIVE": "UNCLASSIFIED", "AUTHORITAT": "Yes", "SUBJECTMAT": null, "SUBJECTM_1": null, "SUBJECTM_2": null, "SUPPLIEDBY": null, "SUPPLIED_1": null, "SUPPLIED_2": null, "SUPPLIED_3": null, "SUPPLIED_4": null, "SCALE": 5000.0, "DEPTHUNITS": "Metres / Metres & Decimals", "SPATIALREF": 0.0, "VALIDATED": "Yes", "CHART_PREF": null, "CHART_NUMB": 0.0, "CHART_SUFF": null, "CHART_TYPE": null, "CHART_CORR": 0.0, "CHART_CO_1": 0.0, "CHART_REVI": null, "CHART_CANC": null, "CHART_INTN": 0.0, "CHART_MAIN": null, "CHART_GENE": null, "CHART_SPEC": null, "CHART_SP_1": null, "PANEL_CHAR": null, "PANEL_CH_1": 2345.0, "PANEL_CH_2": null, "PANEL_IDEN": "2345_2", "PANEL_MAIN": "B Mousehole Harbour", "PANEL_GENE": null, "PANEL_MULT": "No", "PANEL_SPEC": null, "PANEL_SP_1": null, "PUBLICAT_1": 0.0, "PUBLICAT_2": null, "PUBLICAT_3": null, "PUBLICAT_4": null, "PUBLICAT_5": null, "GBENC_CELL": null, "GBENC_EDIT": null, "GBENC_FILE": null, "GBENC_ISSU": null, "GBENC_NAVP": null, "GBENC_UPDA": null, "GBENC_UP_1": null, "STATUS": "ASSESS_CLOSED", "STATUS_OP": 29636, "STATUS_DAT": "2024-01-29T00:00:00", "GEO_ID": 1878850, "SHAPE_AREA": 0.0, "SHAPE_LEN": 0.0 }, "geometry": { "type": "Polygon", "coordinates": [ [ [ -5.539669080667863, 50.078913699456848 ], [ -5.539669080667863, 50.084767652383817 ], [ -5.531769261717955, 50.084767652383817 ], [ -5.531769261717955, 50.078914705290686 ], [ -5.539669080667863, 50.078913699456848 ] ] ] } },
{ "type": "Feature", "properties": { "SDOC_ID": 2517300, "SDOC_NAME": "2345_3 C Newlyn Harbour", "SOURCE_NAM": "RSDRA2024000025474", "SDT_ID": 1950, "SDT_NAME": "UKHO Chart - Panel", "DATUM": "D_WGS_1984", "CRS_ID": 432627, "CRS_PARAMS": "PROJCS[\"WGS84_Transverse_Mercator\",GEOGCS[\"GCS_WGS_1984\",DATUM[\"D_WGS_1984\",SPHEROID[\"WGS_1984\",6378137.0,298.257223563]],PRIMEM[\"Greenwich\",0.0],UNIT[\"Degree\",0.0174532925199433]],PROJECTION[\"Transverse_Mercator\"],PARAMETER[\"False_Easting\",500000.0],PAR", "PUBLICATIO": "2017-07-13T00:00:00", "RECEIPTDAT": "2024-01-29T00:00:00", "UKHOVERSIO": "Current Version", "PRODUCEDBY": "UK Hydrographic Office", "PRODUCED_1": null, "PRODUCED_2": null, "IPROWNER1": "UK Hydrographic Office", "PROTECTIVE": "UNCLASSIFIED", "AUTHORITAT": "Yes", "SUBJECTMAT": null, "SUBJECTM_1": null, "SUBJECTM_2": null, "SUPPLIEDBY": null, "SUPPLIED_1": null, "SUPPLIED_2": null, "SUPPLIED_3": null, "SUPPLIED_4": null, "SCALE": 5000.0, "DEPTHUNITS": "Metres / Metres & Decimals", "SPATIALREF": 0.0, "VALIDATED": "Yes", "CHART_PREF": null, "CHART_NUMB": 0.0, "CHART_SUFF": null, "CHART_TYPE": null, "CHART_CORR": 0.0, "CHART_CO_1": 0.0, "CHART_REVI": null, "CHART_CANC": null, "CHART_INTN": 0.0, "CHART_MAIN": null, "CHART_GENE": null, "CHART_SPEC": null, "CHART_SP_1": null, "PANEL_CHAR": null, "PANEL_CH_1": 2345.0, "PANEL_CH_2": null, "PANEL_IDEN": "2345_3", "PANEL_MAIN": "C Newlyn Harbour", "PANEL_GENE": null, "PANEL_MULT": "No", "PANEL_SPEC": null, "PANEL_SP_1": null, "PUBLICAT_1": 0.0, "PUBLICAT_2": null, "PUBLICAT_3": null, "PUBLICAT_4": null, "PUBLICAT_5": null, "GBENC_CELL": null, "GBENC_EDIT": null, "GBENC_FILE": null, "GBENC_ISSU": null, "GBENC_NAVP": null, "GBENC_UPDA": null, "GBENC_UP_1": null, "STATUS": "ASSESS_CLOSED", "STATUS_OP": 29636, "STATUS_DAT": "2024-01-29T00:00:00", "GEO_ID": 1878851, "SHAPE_AREA": 0.0, "SHAPE_LEN": 0.0 }, "geometry": { "type": "Polygon", "coordinates": [ [ [ -5.550068396700851, 50.100913297123327 ], [ -5.550068396700851, 50.106758197545759 ], [ -5.542167571917133, 50.106758197545759 ], [ -5.542164554415621, 50.100913297123327 ], [ -5.550068396700851, 50.100913297123327 ] ] ] } },
{ "type": "Feature", "properties": { "SDOC_ID": 2517301, "SDOC_NAME": "2345_4 D Penzance Harbour", "SOURCE_NAM": "RSDRA2024000025475", "SDT_ID": 1950, "SDT_NAME": "UKHO Chart - Panel", "DATUM": "D_WGS_1984", "CRS_ID": 432627, "CRS_PARAMS": "PROJCS[\"WGS84_Transverse_Mercator\",GEOGCS[\"GCS_WGS_1984\",DATUM[\"D_WGS_1984\",SPHEROID[\"WGS_1984\",6378137.0,298.257223563]],PRIMEM[\"Greenwich\",0.0],UNIT[\"Degree\",0.0174532925199433]],PROJECTION[\"Transverse_Mercator\"],PARAMETER[\"False_Easting\",500000.0],PAR", "PUBLICATIO": "2017-07-13T00:00:00", "RECEIPTDAT": "2024-01-29T00:00:00", "UKHOVERSIO": "Current Version", "PRODUCEDBY": "UK Hydrographic Office", "PRODUCED_1": null, "PRODUCED_2": null, "IPROWNER1": "UK Hydrographic Office", "PROTECTIVE": "UNCLASSIFIED", "AUTHORITAT": "Yes", "SUBJECTMAT": null, "SUBJECTM_1": null, "SUBJECTM_2": null, "SUPPLIEDBY": null, "SUPPLIED_1": null, "SUPPLIED_2": null, "SUPPLIED_3": null, "SUPPLIED_4": null, "SCALE": 5000.0, "DEPTHUNITS": "Metres / Metres & Decimals", "SPATIALREF": 0.0, "VALIDATED": "Yes", "CHART_PREF": null, "CHART_NUMB": 0.0, "CHART_SUFF": null, "CHART_TYPE": null, "CHART_CORR": 0.0, "CHART_CO_1": 0.0, "CHART_REVI": null, "CHART_CANC": null, "CHART_INTN": 0.0, "CHART_MAIN": null, "CHART_GENE": null, "CHART_SPEC": null, "CHART_SP_1": null, "PANEL_CHAR": null, "PANEL_CH_1": 2345.0, "PANEL_CH_2": null, "PANEL_IDEN": "2345_4", "PANEL_MAIN": "D Penzance Harbour", "PANEL_GENE": null, "PANEL_MULT": "No", "PANEL_SPEC": null, "PANEL_SP_1": null, "PUBLICAT_1": 0.0, "PUBLICAT_2": null, "PUBLICAT_3": null, "PUBLICAT_4": null, "PUBLICAT_5": null, "GBENC_CELL": null, "GBENC_EDIT": null, "GBENC_FILE": null, "GBENC_ISSU": null, "GBENC_NAVP": null, "GBENC_UPDA": null, "GBENC_UP_1": null, "STATUS": "ASSESS_CLOSED", "STATUS_OP": 29636, "STATUS_DAT": "2024-01-29T00:00:00", "GEO_ID": 1878852, "SHAPE_AREA": 0.0, "SHAPE_LEN": 0.0 }, "geometry": { "type": "Polygon", "coordinates": [ [ [ -5.534314021323667, 50.11558841279421 ], [ -5.534311003822182, 50.121434319050479 ], [ -5.527670488835241, 50.121435324884317 ], [ -5.527668477167566, 50.115589418628048 ], [ -5.534314021323667, 50.11558841279421 ] ] ] } },
{ "type": "Feature", "properties": { "SDOC_ID": 2517664, "SDOC_NAME": "5603_7_3 C Newlyn", "SOURCE_NAM": "RSDRA2024000025871", "SDT_ID": 1950, "SDT_NAME": "UKHO Chart - Panel", "DATUM": "D_WGS_1984", "CRS_ID": 432627, "CRS_PARAMS": "PROJCS[\"WGS84_Transverse_Mercator\",GEOGCS[\"GCS_WGS_1984\",DATUM[\"D_WGS_1984\",SPHEROID[\"WGS_1984\",6378137.0,298.257223563]],PRIMEM[\"Greenwich\",0.0],UNIT[\"Degree\",0.0174532925199433]],PROJECTION[\"Transverse_Mercator\"],PARAMETER[\"False_Easting\",0.0],PARAMETE", "PUBLICATIO": "2021-11-25T00:00:00", "RECEIPTDAT": "2024-01-30T00:00:00", "UKHOVERSIO": "Current Version", "PRODUCEDBY": "UK Hydrographic Office", "PRODUCED_1": null, "PRODUCED_2": null, "IPROWNER1": "UK Hydrographic Office", "PROTECTIVE": "UNCLASSIFIED", "AUTHORITAT": "Yes", "SUBJECTMAT": null, "SUBJECTM_1": null, "SUBJECTM_2": null, "SUPPLIEDBY": null, "SUPPLIED_1": null, "SUPPLIED_2": null, "SUPPLIED_3": null, "SUPPLIED_4": null, "SCALE": 5000.0, "DEPTHUNITS": "Metres / Metres & Decimals", "SPATIALREF": 0.0, "VALIDATED": "Yes", "CHART_PREF": null, "CHART_NUMB": 0.0, "CHART_SUFF": null, "CHART_TYPE": null, "CHART_CORR": 0.0, "CHART_CO_1": 0.0, "CHART_REVI": null, "CHART_CANC": null, "CHART_INTN": 0.0, "CHART_MAIN": null, "CHART_GENE": null, "CHART_SPEC": null, "CHART_SP_1": null, "PANEL_CHAR": null, "PANEL_CH_1": 5603.0, "PANEL_CH_2": "_7", "PANEL_IDEN": "5603_7_3", "PANEL_MAIN": "C Newlyn", "PANEL_GENE": null, "PANEL_MULT": "No", "PANEL_SPEC": null, "PANEL_SP_1": null, "PUBLICAT_1": 0.0, "PUBLICAT_2": null, "PUBLICAT_3": null, "PUBLICAT_4": null, "PUBLICAT_5": null, "GBENC_CELL": null, "GBENC_EDIT": null, "GBENC_FILE": null, "GBENC_ISSU": null, "GBENC_NAVP": null, "GBENC_UPDA": null, "GBENC_UP_1": null, "STATUS": "ASSESS_CLOSED", "STATUS_OP": 3512, "STATUS_DAT": "2024-01-30T00:00:00", "GEO_ID": 2296138, "SHAPE_AREA": 0.0, "SHAPE_LEN": 0.0 }, "geometry": { "type": "Polygon", "coordinates": [ [ [ -5.542108227720774, 50.106502715751361 ], [ -5.542109233554612, 50.102506537919936 ], [ -5.542807282236964, 50.102506537919936 ], [ -5.542807282236964, 50.10128947897806 ], [ -5.549996982498499, 50.10128947897806 ], [ -5.549996982498499, 50.106502715751361 ], [ -5.542108227720774, 50.106502715751361 ] ] ] } },
{ "type": "Feature", "properties": { "SDOC_ID": 2540063, "SDOC_NAME": "5602_18_3 C Looe", "SOURCE_NAM": "RSDRA2024000114236", "SDT_ID": 1950, "SDT_NAME": "UKHO Chart - Panel", "DATUM": "D_WGS_1984", "CRS_ID": 432627, "CRS_PARAMS": "PROJCS[\"WGS84_Transverse_Mercator\",GEOGCS[\"GCS_WGS_1984\",DATUM[\"D_WGS_1984\",SPHEROID[\"WGS_1984\",6378137.0,298.257223563]],PRIMEM[\"Greenwich\",0.0],UNIT[\"Degree\",0.0174532925199433]],PROJECTION[\"Transverse_Mercator\"],PARAMETER[\"False_Easting\",0.0],PARAMETE", "PUBLICATIO": "2023-11-30T00:00:00", "RECEIPTDAT": "2024-04-23T00:00:00", "UKHOVERSIO": "Current Version", "PRODUCEDBY": "UK Hydrographic Office", "PRODUCED_1": null, "PRODUCED_2": null, "IPROWNER1": "UK Hydrographic Office", "PROTECTIVE": "UNCLASSIFIED", "AUTHORITAT": "Yes", "SUBJECTMAT": null, "SUBJECTM_1": null, "SUBJECTM_2": null, "SUPPLIEDBY": null, "SUPPLIED_1": null, "SUPPLIED_2": null, "SUPPLIED_3": null, "SUPPLIED_4": null, "SCALE": 15000.0, "DEPTHUNITS": "Metres / Metres & Decimals", "SPATIALREF": 0.0, "VALIDATED": "Yes", "CHART_PREF": null, "CHART_NUMB": 0.0, "CHART_SUFF": null, "CHART_TYPE": null, "CHART_CORR": 0.0, "CHART_CO_1": 0.0, "CHART_REVI": null, "CHART_CANC": null, "CHART_INTN": 0.0, "CHART_MAIN": null, "CHART_GENE": null, "CHART_SPEC": null, "CHART_SP_1": null, "PANEL_CHAR": null, "PANEL_CH_1": 5602.0, "PANEL_CH_2": "_18", "PANEL_IDEN": "5602_18_3", "PANEL_MAIN": "C Looe", "PANEL_GENE": null, "PANEL_MULT": "No", "PANEL_SPEC": null, "PANEL_SP_1": null, "PUBLICAT_1": 0.0, "PUBLICAT_2": null, "PUBLICAT_3": null, "PUBLICAT_4": null, "PUBLICAT_5": null, "GBENC_CELL": null, "GBENC_EDIT": null, "GBENC_FILE": null, "GBENC_ISSU": null, "GBENC_NAVP": null, "GBENC_UPDA": null, "GBENC_UP_1": null, "STATUS": "ASSESS_CLOSED", "STATUS_OP": 20300, "STATUS_DAT": "2024-04-23T00:00:00", "GEO_ID": 2520267, "SHAPE_AREA": 0.0, "SHAPE_LEN": 0.0 }, "geometry": { "type": "Polygon", "coordinates": [ [ [ -4.457167571917125, 50.343302152484398 ], [ -4.457167571917125, 50.357240997787159 ], [ -4.447434117883716, 50.357240997787159 ], [ -4.442603097968203, 50.353306175819768 ], [ -4.442600080466718, 50.343303158318236 ], [ -4.457167571917125, 50.343302152484398 ] ] ] } },
{ "type": "Feature", "properties": { "SDOC_ID": 2578528, "SDOC_NAME": "1182_0 Barry and Cardiff Roads with Approaches", "SOURCE_NAM": "RSDRA2024000262622", "SDT_ID": 1950, "SDT_NAME": "UKHO Chart - Panel", "DATUM": "European Terrestrial Reference System 1989", "CRS_ID": 500650, "CRS_PARAMS": "PROJCS[\"ETRS 89 / TM Projection\",GEOGCS[\"ETRS89\",DATUM[\"European Terrestrial Reference System 1989\",SPHEROID[\"GRS_1980\",6378137.0,298.257222101]],PRIMEM[\"Greenwich\",0.0],UNIT[\"Degree\",0.0174532925199433]],PROJECTION[\"Transverse_Mercator\"],PARAMETER[\"Fals", "PUBLICATIO": "2019-05-23T00:00:00", "RECEIPTDAT": "2024-09-17T00:00:00", "UKHOVERSIO": "Current Version", "PRODUCEDBY": "UK Hydrographic Office", "PRODUCED_1": "RT1W", "PRODUCED_2": null, "IPROWNER1": "UK Hydrographic Office", "PROTECTIVE": "UNCLASSIFIED", "AUTHORITAT": "Yes", "SUBJECTMAT": null, "SUBJECTM_1": null, "SUBJECTM_2": null, "SUPPLIEDBY": null, "SUPPLIED_1": null, "SUPPLIED_2": null, "SUPPLIED_3": null, "SUPPLIED_4": null, "SCALE": 25000.0, "DEPTHUNITS": "Metres / Metres & Decimals", "SPATIALREF": 0.0, "VALIDATED": "Yes", "CHART_PREF": null, "CHART_NUMB": 0.0, "CHART_SUFF": null, "CHART_TYPE": null, "CHART_CORR": 0.0, "CHART_CO_1": 0.0, "CHART_REVI": null, "CHART_CANC": null, "CHART_INTN": 0.0, "CHART_MAIN": null, "CHART_GENE": null, "CHART_SPEC": null, "CHART_SP_1": null, "PANEL_CHAR": null, "PANEL_CH_1": 1182.0, "PANEL_CH_2": null, "PANEL_IDEN": "1182_0", "PANEL_MAIN": "Barry and Cardiff Roads with Approaches", "PANEL_GENE": "South Wales", "PANEL_MULT": "No", "PANEL_SPEC": null, "PANEL_SP_1": null, "PUBLICAT_1": 0.0, "PUBLICAT_2": null, "PUBLICAT_3": null, "PUBLICAT_4": null, "PUBLICAT_5": null, "GBENC_CELL": null, "GBENC_EDIT": null, "GBENC_FILE": null, "GBENC_ISSU": null, "GBENC_NAVP": null, "GBENC_UPDA": null, "GBENC_UP_1": null, "STATUS": "ASSESS_CLOSED", "STATUS_OP": 29636, "STATUS_DAT": "2024-09-17T00:00:00", "GEO_ID": 2058910, "SHAPE_AREA": 0.0, "SHAPE_LEN": 0.0 }, "geometry": { "type": "Polygon", "coordinates": [ [ [ -3.30960269563468, 51.332147455240403 ], [ -3.309591631462496, 51.487218869442756 ], [ -3.083724602695639, 51.487214846107435 ], [ -3.083716556024939, 51.332138402735865 ], [ -3.30960269563468, 51.332147455240403 ] ] ] } },
{ "type": "Feature", "properties": { "SDOC_ID": 2610698, "SDOC_NAME": "1169_0 Approaches to Porthcawl", "SOURCE_NAM": "RSDRA2025000014990", "SDT_ID": 1950, "SDT_NAME": "UKHO Chart - Panel", "DATUM": "D_ETRS_1989", "CRS_ID": 502121, "CRS_PARAMS": "PROJCS[\"ETRS89_TM\",GEOGCS[\"ETRS89\",DATUM[\"D_ETRS_1989\",SPHEROID[\"GRS_1980\",6378137.0,298.257222101]],PRIMEM[\"Greenwich\",0.0],UNIT[\"Degree\",0.0174532925199433]],PROJECTION[\"Transverse_Mercator\"],PARAMETER[\"False_Easting\",0.0],PARAMETER[\"False_Northing\",0.", "PUBLICATIO": "2021-02-11T00:00:00", "RECEIPTDAT": "2025-01-11T00:00:00", "UKHOVERSIO": "Current Version", "PRODUCEDBY": "UK Hydrographic Office", "PRODUCED_1": null, "PRODUCED_2": null, "IPROWNER1": "UK Hydrographic Office", "PROTECTIVE": "UNCLASSIFIED", "AUTHORITAT": "Yes", "SUBJECTMAT": null, "SUBJECTM_1": null, "SUBJECTM_2": null, "SUPPLIEDBY": null, "SUPPLIED_1": null, "SUPPLIED_2": null, "SUPPLIED_3": null, "SUPPLIED_4": null, "SCALE": 25000.0, "DEPTHUNITS": "Metres / Metres & Decimals", "SPATIALREF": 0.0, "VALIDATED": "Yes", "CHART_PREF": null, "CHART_NUMB": 0.0, "CHART_SUFF": null, "CHART_TYPE": null, "CHART_CORR": 0.0, "CHART_CO_1": 0.0, "CHART_REVI": null, "CHART_CANC": null, "CHART_INTN": 0.0, "CHART_MAIN": null, "CHART_GENE": null, "CHART_SPEC": null, "CHART_SP_1": null, "PANEL_CHAR": null, "PANEL_CH_1": 1169.0, "PANEL_CH_2": null, "PANEL_IDEN": "1169_0", "PANEL_MAIN": "Approaches to Porthcawl", "PANEL_GENE": "South Wales", "PANEL_MULT": "No", "PANEL_SPEC": null, "PANEL_SP_1": null, "PUBLICAT_1": 0.0, "PUBLICAT_2": null, "PUBLICAT_3": null, "PUBLICAT_4": null, "PUBLICAT_5": null, "GBENC_CELL": null, "GBENC_EDIT": null, "GBENC_FILE": null, "GBENC_ISSU": null, "GBENC_NAVP": null, "GBENC_UPDA": null, "GBENC_UP_1": null, "STATUS": "ASSESS_CLOSED", "STATUS_OP": 8094, "STATUS_DAT": "2025-01-11T00:00:00", "GEO_ID": 2221801, "SHAPE_AREA": 0.0, "SHAPE_LEN": 0.0 }, "geometry": { "type": "Polygon", "coordinates": [ [ [ -3.964333132166558, 51.37549989941661 ], [ -3.964333132166558, 51.51716656608329 ], [ -3.551166767250038, 51.51716656608329 ], [ -3.551166767250038, 51.37549989941661 ], [ -3.964333132166558, 51.37549989941661 ] ] ] } },
{ "type": "Feature", "properties": { "SDOC_ID": 2611058, "SDOC_NAME": "5602_17_1 A Hamoaze", "SOURCE_NAM": "RSDRA2025000015358", "SDT_ID": 1950, "SDT_NAME": "UKHO Chart - Panel", "DATUM": "D_WGS_1984", "CRS_ID": 432627, "CRS_PARAMS": "PROJCS[\"WGS84_Transverse_Mercator\",GEOGCS[\"GCS_WGS_1984\",DATUM[\"D_WGS_1984\",SPHEROID[\"WGS_1984\",6378137.0,298.257223563]],PRIMEM[\"Greenwich\",0.0],UNIT[\"Degree\",0.0174532925199433]],PROJECTION[\"Transverse_Mercator\"],PARAMETER[\"False_Easting\",0.0],PARAMETE", "PUBLICATIO": "2023-05-11T00:00:00", "RECEIPTDAT": "2025-01-14T00:00:00", "UKHOVERSIO": "Current Version", "PRODUCEDBY": "UK Hydrographic Office", "PRODUCED_1": null, "PRODUCED_2": null, "IPROWNER1": "UK Hydrographic Office", "PROTECTIVE": "UNCLASSIFIED", "AUTHORITAT": "Yes", "SUBJECTMAT": null, "SUBJECTM_1": null, "SUBJECTM_2": null, "SUPPLIEDBY": null, "SUPPLIED_1": null, "SUPPLIED_2": null, "SUPPLIED_3": null, "SUPPLIED_4": null, "SCALE": 12500.0, "DEPTHUNITS": "Metres / Metres & Decimals", "SPATIALREF": 0.0, "VALIDATED": "Yes", "CHART_PREF": null, "CHART_NUMB": 0.0, "CHART_SUFF": null, "CHART_TYPE": null, "CHART_CORR": 0.0, "CHART_CO_1": 0.0, "CHART_REVI": null, "CHART_CANC": null, "CHART_INTN": 0.0, "CHART_MAIN": null, "CHART_GENE": null, "CHART_SPEC": null, "CHART_SP_1": null, "PANEL_CHAR": null, "PANEL_CH_1": 5602.0, "PANEL_CH_2": "_17", "PANEL_IDEN": "5602_17_1", "PANEL_MAIN": "A Hamoaze", "PANEL_GENE": null, "PANEL_MULT": "No", "PANEL_SPEC": null, "PANEL_SP_1": null, "PUBLICAT_1": 0.0, "PUBLICAT_2": null, "PUBLICAT_3": null, "PUBLICAT_4": null, "PUBLICAT_5": null, "GBENC_CELL": null, "GBENC_EDIT": null, "GBENC_FILE": null, "GBENC_ISSU": null, "GBENC_NAVP": null, "GBENC_UPDA": null, "GBENC_UP_1": null, "STATUS": "ASSESS_CLOSED", "STATUS_OP": 19592, "STATUS_DAT": "2025-01-14T00:00:00", "GEO_ID": 2429227, "SHAPE_AREA": 0.0, "SHAPE_LEN": 0.0 }, "geometry": { "type": "Polygon", "coordinates": [ [ [ -4.233021524844105, 50.373336350834848 ], [ -4.277212834439752, 50.37333534500101 ], [ -4.277205793602889, 50.389581573124133 ], [ -4.277213840273589, 50.398614966807486 ], [ -4.178321263327291, 50.398614966807486 ], [ -4.178322269161129, 50.356818547575926 ], [ -4.233020519010267, 50.356820559243602 ], [ -4.23299839066587, 50.365168980084491 ], [ -4.233021524844105, 50.373336350834848 ] ] ] } },
{ "type": "Feature", "properties": { "SDOC_ID": 2669464, "SDOC_NAME": "5602_7_2 B River Fowey Mixtow to Saint Winnow", "SOURCE_NAM": "RSDRA2025000357690", "SDT_ID": 1950, "SDT_NAME": "UKHO Chart - Panel", "DATUM": "D_WGS_1984", "CRS_ID": 432627, "CRS_PARAMS": "PROJCS[\"WGS84_Transverse_Mercator\",GEOGCS[\"GCS_WGS_1984\",DATUM[\"D_WGS_1984\",SPHEROID[\"WGS_1984\",6378137.0,298.257223563]],PRIMEM[\"Greenwich\",0.0],UNIT[\"Degree\",0.0174532925199433]],PROJECTION[\"Transverse_Mercator\"],PARAMETER[\"False_Easting\",0.0],PARAMETE", "PUBLICATIO": "2023-02-16T00:00:00", "RECEIPTDAT": "2025-07-11T00:00:00", "UKHOVERSIO": "Current Version", "PRODUCEDBY": "UK Hydrographic Office", "PRODUCED_1": null, "PRODUCED_2": null, "IPROWNER1": "UK Hydrographic Office", "PROTECTIVE": "UNCLASSIFIED", "AUTHORITAT": "Yes", "SUBJECTMAT": null, "SUBJECTM_1": null, "SUBJECTM_2": null, "SUPPLIEDBY": null, "SUPPLIED_1": null, "SUPPLIED_2": null, "SUPPLIED_3": null, "SUPPLIED_4": null, "SCALE": 15000.0, "DEPTHUNITS": "Metres / Metres & Decimals", "SPATIALREF": 0.0, "VALIDATED": "Yes", "CHART_PREF": null, "CHART_NUMB": 0.0, "CHART_SUFF": null, "CHART_TYPE": null, "CHART_CORR": 0.0, "CHART_CO_1": 0.0, "CHART_REVI": null, "CHART_CANC": null, "CHART_INTN": 0.0, "CHART_MAIN": null, "CHART_GENE": null, "CHART_SPEC": null, "CHART_SP_1": null, "PANEL_CHAR": null, "PANEL_CH_1": 5602.0, "PANEL_CH_2": "_7", "PANEL_IDEN": "5602_7_2", "PANEL_MAIN": "B River Fowey Mixtow to Saint Winnow", "PANEL_GENE": null, "PANEL_MULT": "No", "PANEL_SPEC": null, "PANEL_SP_1": null, "PUBLICAT_1": 0.0, "PUBLICAT_2": null, "PUBLICAT_3": null, "PUBLICAT_4": null, "PUBLICAT_5": null, "GBENC_CELL": null, "GBENC_EDIT": null, "GBENC_FILE": null, "GBENC_ISSU": null, "GBENC_NAVP": null, "GBENC_UPDA": null, "GBENC_UP_1": null, "STATUS": "ASSESS_CLOSED", "STATUS_OP": 19592, "STATUS_DAT": "2025-07-11T00:00:00", "GEO_ID": 2407677, "SHAPE_AREA": 0.0, "SHAPE_LEN": 0.0 }, "geometry": { "type": "Polygon", "coordinates": [ [ [ -4.658659223496272, 50.385062361697834 ], [ -4.61610541138603, 50.385064373365509 ], [ -4.616103399718355, 50.348156306578147 ], [ -4.62422047877692, 50.348157312411985 ], [ -4.624223496278404, 50.344160128746722 ], [ -4.638457050895198, 50.34416113458056 ], [ -4.638459062562873, 50.346020921343808 ], [ -4.643254878294101, 50.358345403339371 ], [ -4.649094749547373, 50.373343391671682 ], [ -4.658666264333135, 50.37333936833636 ], [ -4.658659223496272, 50.385062361697834 ] ] ] } },
{ "type": "Feature", "properties": { "SDOC_ID": 2670022, "SDOC_NAME": "5603_10_0 Saint Agnes to Saint Mary's Pool", "SOURCE_NAM": "RSDRA2025000358297", "SDT_ID": 1950, "SDT_NAME": "UKHO Chart - Panel", "DATUM": "D_WGS_1984", "CRS_ID": 432627, "CRS_PARAMS": "PROJCS[\"WGS84_Transverse_Mercator\",GEOGCS[\"GCS_WGS_1984\",DATUM[\"D_WGS_1984\",SPHEROID[\"WGS_1984\",6378137.0,298.257223563]],PRIMEM[\"Greenwich\",0.0],UNIT[\"Degree\",0.0174532925199433]],PROJECTION[\"Transverse_Mercator\"],PARAMETER[\"False_Easting\",0.0],PARAMETE", "PUBLICATIO": "2021-11-25T00:00:00", "RECEIPTDAT": "2025-07-15T00:00:00", "UKHOVERSIO": "Current Version", "PRODUCEDBY": "UK Hydrographic Office", "PRODUCED_1": null, "PRODUCED_2": null, "IPROWNER1": "UK Hydrographic Office", "PROTECTIVE": "UNCLASSIFIED", "AUTHORITAT": "Yes", "SUBJECTMAT": null, "SUBJECTM_1": null, "SUBJECTM_2": null, "SUPPLIEDBY": null, "SUPPLIED_1": null, "SUPPLIED_2": null, "SUPPLIED_3": null, "SUPPLIED_4": null, "SCALE": 12500.0, "DEPTHUNITS": "Metres / Metres & Decimals", "SPATIALREF": 0.0, "VALIDATED": "Yes", "CHART_PREF": null, "CHART_NUMB": 0.0, "CHART_SUFF": null, "CHART_TYPE": null, "CHART_CORR": 0.0, "CHART_CO_1": 0.0, "CHART_REVI": null, "CHART_CANC": null, "CHART_INTN": 0.0, "CHART_MAIN": null, "CHART_GENE": null, "CHART_SPEC": null, "CHART_SP_1": null, "PANEL_CHAR": null, "PANEL_CH_1": 5603.0, "PANEL_CH_2": "_10", "PANEL_IDEN": "5603_10_0", "PANEL_MAIN": "Saint Agnes to Saint Mary's Pool", "PANEL_GENE": null, "PANEL_MULT": "No", "PANEL_SPEC": null, "PANEL_SP_1": null, "PUBLICAT_1": 0.0, "PUBLICAT_2": null, "PUBLICAT_3": null, "PUBLICAT_4": null, "PUBLICAT_5": null, "GBENC_CELL": null, "GBENC_EDIT": null, "GBENC_FILE": null, "GBENC_ISSU": null, "GBENC_NAVP": null, "GBENC_UPDA": null, "GBENC_UP_1": null, "STATUS": "ASSESS_CLOSED", "STATUS_OP": 3512, "STATUS_DAT": "2025-07-15T00:00:00", "GEO_ID": 2296196, "SHAPE_AREA": 0.0, "SHAPE_LEN": 0.0 }, "geometry": { "type": "Polygon", "coordinates": [ [ [ -6.266335747334551, 49.920736270368138 ], [ -6.266333735666876, 49.878937839468932 ], [ -6.364235566284464, 49.878937839468932 ], [ -6.364235566284464, 49.920737276201976 ], [ -6.266335747334551, 49.920736270368138 ] ] ] } },
{ "type": "Feature", "properties": { "SDOC_ID": 2682547, "SDOC_NAME": "0018_0 Falmouth Inner Harbour including Penryn", "SOURCE_NAM": "RSDRA2025000424438", "SDT_ID": 1950, "SDT_NAME": "UKHO Chart - Panel", "DATUM": "D_WGS_1984", "CRS_ID": 432627, "CRS_PARAMS": "PROJCS[\"WGS84_Transverse_Mercator\",GEOGCS[\"GCS_WGS_1984\",DATUM[\"D_WGS_1984\",SPHEROID[\"WGS_1984\",6378137.0,298.257223563]],PRIMEM[\"Greenwich\",0.0],UNIT[\"Degree\",0.0174532925199433]],PROJECTION[\"Transverse_Mercator\"],PARAMETER[\"False_Easting\",0.0],PARAMETE", "PUBLICATIO": "2025-02-13T00:00:00", "RECEIPTDAT": "2025-08-27T00:00:00", "UKHOVERSIO": "Current Version", "PRODUCEDBY": "UK Hydrographic Office", "PRODUCED_1": null, "PRODUCED_2": null, "IPROWNER1": "UK Hydrographic Office", "PROTECTIVE": "UNCLASSIFIED", "AUTHORITAT": "Yes", "SUBJECTMAT": null, "SUBJECTM_1": null, "SUBJECTM_2": null, "SUPPLIEDBY": null, "SUPPLIED_1": null, "SUPPLIED_2": null, "SUPPLIED_3": null, "SUPPLIED_4": null, "SCALE": 5000.0, "DEPTHUNITS": "Metres / Metres & Decimals", "SPATIALREF": 0.0, "VALIDATED": "Yes", "CHART_PREF": null, "CHART_NUMB": 0.0, "CHART_SUFF": null, "CHART_TYPE": null, "CHART_CORR": 0.0, "CHART_CO_1": 0.0, "CHART_REVI": null, "CHART_CANC": null, "CHART_INTN": 0.0, "CHART_MAIN": null, "CHART_GENE": null, "CHART_SPEC": null, "CHART_SP_1": null, "PANEL_CHAR": null, "PANEL_CH_1": 18.0, "PANEL_CH_2": null, "PANEL_IDEN": "0018_0", "PANEL_MAIN": "Falmouth Inner Harbour including Penryn", "PANEL_GENE": "England - South Coast", "PANEL_MULT": "No", "PANEL_SPEC": null, "PANEL_SP_1": null, "PUBLICAT_1": 0.0, "PUBLICAT_2": null, "PUBLICAT_3": null, "PUBLICAT_4": null, "PUBLICAT_5": null, "GBENC_CELL": null, "GBENC_EDIT": null, "GBENC_FILE": null, "GBENC_ISSU": null, "GBENC_NAVP": null, "GBENC_UPDA": null, "GBENC_UP_1": null, "STATUS": "ASSESS_CLOSED", "STATUS_OP": 3512, "STATUS_DAT": "2025-08-27T00:00:00", "GEO_ID": 2600037, "SHAPE_AREA": 0.0, "SHAPE_LEN": 0.0 }, "geometry": { "type": "Polygon", "coordinates": [ [ [ -5.104167169583576, 50.143333333333345 ], [ -5.104168175417414, 50.172550794608725 ], [ -5.038499295916324, 50.172550794608725 ], [ -5.038500301750162, 50.143333333333345 ], [ -5.104167169583576, 50.143333333333345 ] ] ] } },
{ "type": "Feature", "properties": { "SDOC_ID": 2682551, "SDOC_NAME": "0032_2 B Continuation of Tresillian River", "SOURCE_NAM": "RSDRA2025000424442", "SDT_ID": 1950, "SDT_NAME": "UKHO Chart - Panel", "DATUM": "D_WGS_1984", "CRS_ID": 432627, "CRS_PARAMS": "PROJCS[\"WGS84_Transverse_Mercator\",GEOGCS[\"GCS_WGS_1984\",DATUM[\"D_WGS_1984\",SPHEROID[\"WGS_1984\",6378137.0,298.257223563]],PRIMEM[\"Greenwich\",0.0],UNIT[\"Degree\",0.0174532925199433]],PROJECTION[\"Transverse_Mercator\"],PARAMETER[\"False_Easting\",0.0],PARAMETE", "PUBLICATIO": "2025-03-27T00:00:00", "RECEIPTDAT": "2025-08-27T00:00:00", "UKHOVERSIO": "Current Version", "PRODUCEDBY": "UK Hydrographic Office", "PRODUCED_1": null, "PRODUCED_2": null, "IPROWNER1": "UK Hydrographic Office", "PROTECTIVE": "UNCLASSIFIED", "AUTHORITAT": "Yes", "SUBJECTMAT": null, "SUBJECTM_1": null, "SUBJECTM_2": null, "SUPPLIEDBY": null, "SUPPLIED_1": null, "SUPPLIED_2": null, "SUPPLIED_3": null, "SUPPLIED_4": null, "SCALE": 20000.0, "DEPTHUNITS": "Metres / Metres & Decimals", "SPATIALREF": 0.0, "VALIDATED": "Yes", "CHART_PREF": null, "CHART_NUMB": 0.0, "CHART_SUFF": null, "CHART_TYPE": null, "CHART_CORR": 0.0, "CHART_CO_1": 0.0, "CHART_REVI": null, "CHART_CANC": null, "CHART_INTN": 0.0, "CHART_MAIN": null, "CHART_GENE": null, "CHART_SPEC": null, "CHART_SP_1": null, "PANEL_CHAR": null, "PANEL_CH_1": 32.0, "PANEL_CH_2": null, "PANEL_IDEN": "0032_2", "PANEL_MAIN": "B Continuation of Tresillian River", "PANEL_GENE": null, "PANEL_MULT": "No", "PANEL_SPEC": null, "PANEL_SP_1": null, "PUBLICAT_1": 0.0, "PUBLICAT_2": null, "PUBLICAT_3": null, "PUBLICAT_4": null, "PUBLICAT_5": null, "GBENC_CELL": null, "GBENC_EDIT": null, "GBENC_FILE": null, "GBENC_ISSU": null, "GBENC_NAVP": null, "GBENC_UPDA": null, "GBENC_UP_1": null, "STATUS": "ASSESS_CLOSED", "STATUS_OP": 3512, "STATUS_DAT": "2025-08-27T00:00:00", "GEO_ID": 2613963, "SHAPE_AREA": 0.0, "SHAPE_LEN": 0.0 }, "geometry": { "type": "Polygon", "coordinates": [ [ [ -5.016055119694215, 50.280565278615967 ], [ -4.988023536511776, 50.280567290283642 ], [ -4.988026554013288, 50.26079662039831 ], [ -5.01605713136189, 50.260794608730635 ], [ -5.016055119694215, 50.280565278615967 ] ] ] } },
{ "type": "Feature", "properties": { "SDOC_ID": 2682855, "SDOC_NAME": "5602_3_4 D Continuation of Carnon River", "SOURCE_NAM": "RSDRA2025000424753", "SDT_ID": 1950, "SDT_NAME": "UKHO Chart - Panel", "DATUM": "D_WGS_1984", "CRS_ID": 432627, "CRS_PARAMS": "PROJCS[\"WGS84_Transverse_Mercator\",GEOGCS[\"GCS_WGS_1984\",DATUM[\"D_WGS_1984\",SPHEROID[\"WGS_1984\",6378137.0,298.257223563]],PRIMEM[\"Greenwich\",0.0],UNIT[\"Degree\",0.0174532925199433]],PROJECTION[\"Transverse_Mercator\"],PARAMETER[\"False_Easting\",0.0],PARAMETE", "PUBLICATIO": "2025-06-26T00:00:00", "RECEIPTDAT": "2025-08-27T00:00:00", "UKHOVERSIO": "Current Version", "PRODUCEDBY": "UK Hydrographic Office", "PRODUCED_1": null, "PRODUCED_2": null, "IPROWNER1": "UK Hydrographic Office", "PROTECTIVE": "UNCLASSIFIED", "AUTHORITAT": "Yes", "SUBJECTMAT": null, "SUBJECTM_1": null, "SUBJECTM_2": null, "SUPPLIEDBY": null, "SUPPLIED_1": null, "SUPPLIED_2": null, "SUPPLIED_3": null, "SUPPLIED_4": null, "SCALE": 12500.0, "DEPTHUNITS": "Metres / Metres & Decimals", "SPATIALREF": 0.0, "VALIDATED": "Yes", "CHART_PREF": null, "CHART_NUMB": 0.0, "CHART_SUFF": null, "CHART_TYPE": null, "CHART_CORR": 0.0, "CHART_CO_1": 0.0, "CHART_REVI": null, "CHART_CANC": null, "CHART_INTN": 0.0, "CHART_MAIN": null, "CHART_GENE": null, "CHART_SPEC": null, "CHART_SP_1": null, "PANEL_CHAR": null, "PANEL_CH_1": 5602.0, "PANEL_CH_2": "_3", "PANEL_IDEN": "5602_3_4", "PANEL_MAIN": "D Continuation of Carnon River", "PANEL_GENE": null, "PANEL_MULT": "No", "PANEL_SPEC": null, "PANEL_SP_1": null, "PUBLICAT_1": 0.0, "PUBLICAT_2": null, "PUBLICAT_3": null, "PUBLICAT_4": null, "PUBLICAT_5": null, "GBENC_CELL": null, "GBENC_EDIT": null, "GBENC_FILE": null, "GBENC_ISSU": null, "GBENC_NAVP": null, "GBENC_UPDA": null, "GBENC_UP_1": null, "STATUS": "ASSESS_CLOSED", "STATUS_OP": 3512, "STATUS_DAT": "2025-08-27T00:00:00", "GEO_ID": 2643039, "SHAPE_AREA": 0.0, "SHAPE_LEN": 0.0 }, "geometry": { "type": "Polygon", "coordinates": [ [ [ -5.098328304164141, 50.211667672500511 ], [ -5.081669684168162, 50.211666666666673 ], [ -5.07832830416416, 50.208329309997993 ], [ -5.078326292496484, 50.205835847917911 ], [ -5.098330315831817, 50.205836853751748 ], [ -5.098328304164141, 50.211667672500511 ] ] ] } },
{ "type": "Feature", "properties": { "SDOC_ID": 2703589, "SDOC_NAME": "1160_4 D Watchet", "SOURCE_NAM": "RSDRA2025000526274", "SDT_ID": 1950, "SDT_NAME": "UKHO Chart - Panel", "DATUM": "D_WGS_1984", "CRS_ID": 432627, "CRS_PARAMS": "PROJCS[\"WGS84_Transverse_Mercator\",GEOGCS[\"GCS_WGS_1984\",DATUM[\"D_WGS_1984\",SPHEROID[\"WGS_1984\",6378137.0,298.257223563]],PRIMEM[\"Greenwich\",0.0],UNIT[\"Degree\",0.0174532925199433]],PROJECTION[\"Transverse_Mercator\"],PARAMETER[\"False_Easting\",0.0],PARAMETE", "PUBLICATIO": "2025-11-13T00:00:00", "RECEIPTDAT": "2025-11-03T00:00:00", "UKHOVERSIO": "Current Version", "PRODUCEDBY": "UK Hydrographic Office", "PRODUCED_1": "RT1W", "PRODUCED_2": null, "IPROWNER1": "UK Hydrographic Office", "PROTECTIVE": "UNCLASSIFIED", "AUTHORITAT": "Yes", "SUBJECTMAT": null, "SUBJECTM_1": null, "SUBJECTM_2": null, "SUPPLIEDBY": null, "SUPPLIED_1": null, "SUPPLIED_2": null, "SUPPLIED_3": null, "SUPPLIED_4": null, "SCALE": 20000.0, "DEPTHUNITS": "Metres / Metres & Decimals", "SPATIALREF": 0.0, "VALIDATED": "Yes", "CHART_PREF": null, "CHART_NUMB": 0.0, "CHART_SUFF": null, "CHART_TYPE": null, "CHART_CORR": 0.0, "CHART_CO_1": 0.0, "CHART_REVI": null, "CHART_CANC": null, "CHART_INTN": 0.0, "CHART_MAIN": null, "CHART_GENE": null, "CHART_SPEC": null, "CHART_SP_1": null, "PANEL_CHAR": null, "PANEL_CH_1": 1160.0, "PANEL_CH_2": null, "PANEL_IDEN": "1160_4", "PANEL_MAIN": "D Watchet", "PANEL_GENE": null, "PANEL_MULT": "No", "PANEL_SPEC": null, "PANEL_SP_1": null, "PUBLICAT_1": 0.0, "PUBLICAT_2": null, "PUBLICAT_3": null, "PUBLICAT_4": null, "PUBLICAT_5": null, "GBENC_CELL": null, "GBENC_EDIT": null, "GBENC_FILE": null, "GBENC_ISSU": null, "GBENC_NAVP": null, "GBENC_UPDA": null, "GBENC_UP_1": null, "STATUS": "ASSESS_CLOSED", "STATUS_OP": 10738, "STATUS_DAT": "2025-11-03T00:00:00", "GEO_ID": 2683713, "SHAPE_AREA": 0.0, "SHAPE_LEN": 0.0 }, "geometry": { "type": "Polygon", "coordinates": [ [ [ -3.355982699658028, 51.221259303962995 ], [ -3.327340575336962, 51.221251257292295 ], [ -3.299998994166174, 51.221263327298317 ], [ -3.300002011667686, 51.198325286662651 ], [ -3.300006035003008, 51.171675719171191 ], [ -3.326661637497494, 51.171663649165168 ], [ -3.355997787165563, 51.171676725005028 ], [ -3.355988734661025, 51.197897807282231 ], [ -3.355982699658028, 51.221259303962995 ] ] ] } },
{ "type": "Feature", "properties": { "SDOC_ID": 2707726, "SDOC_NAME": "5608_21_2 B", "SOURCE_NAM": "RSDRA2025000545007", "SDT_ID": 1950, "SDT_NAME": "UKHO Chart - Panel", "DATUM": "D_WGS_1984", "CRS_ID": 432627, "CRS_PARAMS": "PROJCS[\"WGS84_Transverse_Mercator\",GEOGCS[\"GCS_WGS_1984\",DATUM[\"D_WGS_1984\",SPHEROID[\"WGS_1984\",6378137.0,298.257223563]],PRIMEM[\"Greenwich\",0.0],UNIT[\"Degree\",0.0174532925199433]],PROJECTION[\"Transverse_Mercator\"],PARAMETER[\"False_Easting\",0.0],PARAMETE", "PUBLICATIO": "2024-11-14T00:00:00", "RECEIPTDAT": "2025-11-14T00:00:00", "UKHOVERSIO": "Current Version", "PRODUCEDBY": "UK Hydrographic Office", "PRODUCED_1": null, "PRODUCED_2": null, "IPROWNER1": "UK Hydrographic Office", "PROTECTIVE": "UNCLASSIFIED", "AUTHORITAT": "Yes", "SUBJECTMAT": null, "SUBJECTM_1": null, "SUBJECTM_2": null, "SUPPLIEDBY": null, "SUPPLIED_1": null, "SUPPLIED_2": null, "SUPPLIED_3": null, "SUPPLIED_4": null, "SCALE": 25000.0, "DEPTHUNITS": "Metres / Metres & Decimals", "SPATIALREF": 0.0, "VALIDATED": "Yes", "CHART_PREF": null, "CHART_NUMB": 0.0, "CHART_SUFF": null, "CHART_TYPE": null, "CHART_CORR": 0.0, "CHART_CO_1": 0.0, "CHART_REVI": null, "CHART_CANC": null, "CHART_INTN": 0.0, "CHART_MAIN": null, "CHART_GENE": null, "CHART_SPEC": null, "CHART_SP_1": null, "PANEL_CHAR": null, "PANEL_CH_1": 5608.0, "PANEL_CH_2": "_21", "PANEL_IDEN": "5608_21_2", "PANEL_MAIN": "B", "PANEL_GENE": null, "PANEL_MULT": "No", "PANEL_SPEC": null, "PANEL_SP_1": null, "PUBLICAT_1": 0.0, "PUBLICAT_2": null, "PUBLICAT_3": null, "PUBLICAT_4": null, "PUBLICAT_5": null, "GBENC_CELL": null, "GBENC_EDIT": null, "GBENC_FILE": null, "GBENC_ISSU": null, "GBENC_NAVP": null, "GBENC_UPDA": null, "GBENC_UP_1": null, "STATUS": "ASSESS_CLOSED", "STATUS_OP": 20300, "STATUS_DAT": "2025-11-14T00:00:00", "GEO_ID": 2572162, "SHAPE_AREA": 0.0, "SHAPE_LEN": 0.0 }, "geometry": { "type": "Polygon", "coordinates": [ [ [ -2.512539730436544, 51.738667270166957 ], [ -2.4769925568296, 51.73867833433917 ], [ -2.477004626835651, 51.672361697847521 ], [ -2.618664252665468, 51.672360692013683 ], [ -2.61866324683163, 51.675639710319842 ], [ -2.512539730436544, 51.738667270166957 ] ] ] } },
{ "type": "Feature", "properties": { "SDOC_ID": 2718514, "SDOC_NAME": "5608_8_4 D Porlock", "SOURCE_NAM": "RSDRA2025000594395", "SDT_ID": 1950, "SDT_NAME": "UKHO Chart - Panel", "DATUM": "D_WGS_1984", "CRS_ID": 432627, "CRS_PARAMS": "PROJCS[\"WGS84_Transverse_Mercator\",GEOGCS[\"GCS_WGS_1984\",DATUM[\"D_WGS_1984\",SPHEROID[\"WGS_1984\",6378137.0,298.257223563]],PRIMEM[\"Greenwich\",0.0],UNIT[\"Degree\",0.0174532925199433]],PROJECTION[\"Transverse_Mercator\"],PARAMETER[\"False_Easting\",0.0],PARAMETE", "PUBLICATIO": "2026-01-08T00:00:00", "RECEIPTDAT": "2025-12-21T00:00:00", "UKHOVERSIO": "Current Version", "PRODUCEDBY": "UK Hydrographic Office", "PRODUCED_1": null, "PRODUCED_2": null, "IPROWNER1": "UK Hydrographic Office", "PROTECTIVE": "UNCLASSIFIED", "AUTHORITAT": "Yes", "SUBJECTMAT": null, "SUBJECTM_1": null, "SUBJECTM_2": null, "SUPPLIEDBY": null, "SUPPLIED_1": null, "SUPPLIED_2": null, "SUPPLIED_3": null, "SUPPLIED_4": null, "SCALE": 20000.0, "DEPTHUNITS": "Metres / Metres & Decimals", "SPATIALREF": 0.0, "VALIDATED": "Yes", "CHART_PREF": null, "CHART_NUMB": 0.0, "CHART_SUFF": null, "CHART_TYPE": null, "CHART_CORR": 0.0, "CHART_CO_1": 0.0, "CHART_REVI": null, "CHART_CANC": null, "CHART_INTN": 0.0, "CHART_MAIN": null, "CHART_GENE": null, "CHART_SPEC": null, "CHART_SP_1": null, "PANEL_CHAR": null, "PANEL_CH_1": 5608.0, "PANEL_CH_2": "_8", "PANEL_IDEN": "5608_8_4", "PANEL_MAIN": "D Porlock", "PANEL_GENE": null, "PANEL_MULT": "No", "PANEL_SPEC": null, "PANEL_SP_1": null, "PUBLICAT_1": 0.0, "PUBLICAT_2": null, "PUBLICAT_3": null, "PUBLICAT_4": null, "PUBLICAT_5": null, "GBENC_CELL": null, "GBENC_EDIT": null, "GBENC_FILE": null, "GBENC_ISSU": null, "GBENC_NAVP": null, "GBENC_UPDA": null, "GBENC_UP_1": null, "STATUS": "ASSESS_CLOSED", "STATUS_OP": 29636, "STATUS_DAT": "2025-12-21T00:00:00", "GEO_ID": 2698638, "SHAPE_AREA": 0.0, "SHAPE_LEN": 0.0 }, "geometry": { "type": "Polygon", "coordinates": [ [ [ -3.636633474150074, 51.21517903842286 ], [ -3.636631462482399, 51.241328706497683 ], [ -3.579667069000209, 51.241332729833033 ], [ -3.579667069000209, 51.233334339167158 ], [ -3.578085898209622, 51.233334339167158 ], [ -3.578107020720182, 51.23000402333534 ], [ -3.579667069000209, 51.23000402333534 ], [ -3.579667069000209, 51.215178032589023 ], [ -3.636633474150074, 51.21517903842286 ] ] ] } },
{ "type": "Feature", "properties": { "SDOC_ID": 2718516, "SDOC_NAME": "5608_8_6 F Watchet", "SOURCE_NAM": "RSDRA2025000594397", "SDT_ID": 1950, "SDT_NAME": "UKHO Chart - Panel", "DATUM": "D_WGS_1984", "CRS_ID": 432627, "CRS_PARAMS": "PROJCS[\"WGS84_Transverse_Mercator\",GEOGCS[\"GCS_WGS_1984\",DATUM[\"D_WGS_1984\",SPHEROID[\"WGS_1984\",6378137.0,298.257223563]],PRIMEM[\"Greenwich\",0.0],UNIT[\"Degree\",0.0174532925199433]],PROJECTION[\"Transverse_Mercator\"],PARAMETER[\"False_Easting\",0.0],PARAMETE", "PUBLICATIO": "2026-01-08T00:00:00", "RECEIPTDAT": "2025-12-21T00:00:00", "UKHOVERSIO": "Current Version", "PRODUCEDBY": "UK Hydrographic Office", "PRODUCED_1": null, "PRODUCED_2": null, "IPROWNER1": "UK Hydrographic Office", "PROTECTIVE": "UNCLASSIFIED", "AUTHORITAT": "Yes", "SUBJECTMAT": null, "SUBJECTM_1": null, "SUBJECTM_2": null, "SUPPLIEDBY": null, "SUPPLIED_1": null, "SUPPLIED_2": null, "SUPPLIED_3": null, "SUPPLIED_4": null, "SCALE": 20000.0, "DEPTHUNITS": "Metres / Metres & Decimals", "SPATIALREF": 0.0, "VALIDATED": "Yes", "CHART_PREF": null, "CHART_NUMB": 0.0, "CHART_SUFF": null, "CHART_TYPE": null, "CHART_CORR": 0.0, "CHART_CO_1": 0.0, "CHART_REVI": null, "CHART_CANC": null, "CHART_INTN": 0.0, "CHART_MAIN": null, "CHART_GENE": null, "CHART_SPEC": null, "CHART_SP_1": null, "PANEL_CHAR": null, "PANEL_CH_1": 5608.0, "PANEL_CH_2": "_8", "PANEL_IDEN": "5608_8_6", "PANEL_MAIN": "F Watchet", "PANEL_GENE": null, "PANEL_MULT": "No", "PANEL_SPEC": null, "PANEL_SP_1": null, "PUBLICAT_1": 0.0, "PUBLICAT_2": null, "PUBLICAT_3": null, "PUBLICAT_4": null, "PUBLICAT_5": null, "GBENC_CELL": null, "GBENC_EDIT": null, "GBENC_FILE": null, "GBENC_ISSU": null, "GBENC_NAVP": null, "GBENC_UPDA": null, "GBENC_UP_1": null, "STATUS": "ASSESS_CLOSED", "STATUS_OP": 29636, "STATUS_DAT": "2025-12-21T00:00:00", "GEO_ID": 2698640, "SHAPE_AREA": 0.0, "SHAPE_LEN": 0.0 }, "geometry": { "type": "Polygon", "coordinates": [ [ [ -3.352496479581561, 51.175398310199142 ], [ -3.352488432910889, 51.206312613156314 ], [ -3.300166968416818, 51.206310601488639 ], [ -3.300166968416818, 51.175402333534493 ], [ -3.352496479581561, 51.175398310199142 ] ] ] } },
{ "type": "Feature", "properties": { "SDOC_ID": 2718591, "SDOC_NAME": "5608_5_1 A Barnstaple and Bideford", "SOURCE_NAM": "RSDRA2025000594472", "SDT_ID": 1950, "SDT_NAME": "UKHO Chart - Panel", "DATUM": "D_WGS_1984", "CRS_ID": 432627, "CRS_PARAMS": "PROJCS[\"WGS84_Transverse_Mercator\",GEOGCS[\"GCS_WGS_1984\",DATUM[\"D_WGS_1984\",SPHEROID[\"WGS_1984\",6378137.0,298.257223563]],PRIMEM[\"Greenwich\",0.0],UNIT[\"Degree\",0.0174532925199433]],PROJECTION[\"Transverse_Mercator\"],PARAMETER[\"False_Easting\",0.0],PARAMETE", "PUBLICATIO": "2026-01-08T00:00:00", "RECEIPTDAT": "2025-12-21T00:00:00", "UKHOVERSIO": "Current Version", "PRODUCEDBY": "UK Hydrographic Office", "PRODUCED_1": null, "PRODUCED_2": null, "IPROWNER1": "UK Hydrographic Office", "PROTECTIVE": "UNCLASSIFIED", "AUTHORITAT": "Yes", "SUBJECTMAT": null, "SUBJECTM_1": null, "SUBJECTM_2": null, "SUPPLIEDBY": null, "SUPPLIED_1": null, "SUPPLIED_2": null, "SUPPLIED_3": null, "SUPPLIED_4": null, "SCALE": 25000.0, "DEPTHUNITS": "Metres / Metres & Decimals", "SPATIALREF": 0.0, "VALIDATED": "Yes", "CHART_PREF": null, "CHART_NUMB": 0.0, "CHART_SUFF": null, "CHART_TYPE": null, "CHART_CORR": 0.0, "CHART_CO_1": 0.0, "CHART_REVI": null, "CHART_CANC": null, "CHART_INTN": 0.0, "CHART_MAIN": null, "CHART_GENE": null, "CHART_SPEC": null, "CHART_SP_1": null, "PANEL_CHAR": null, "PANEL_CH_1": 5608.0, "PANEL_CH_2": "_5", "PANEL_IDEN": "5608_5_1", "PANEL_MAIN": "A Barnstaple and Bideford", "PANEL_GENE": null, "PANEL_MULT": "No", "PANEL_SPEC": null, "PANEL_SP_1": null, "PUBLICAT_1": 0.0, "PUBLICAT_2": null, "PUBLICAT_3": null, "PUBLICAT_4": null, "PUBLICAT_5": null, "GBENC_CELL": null, "GBENC_EDIT": null, "GBENC_FILE": null, "GBENC_ISSU": null, "GBENC_NAVP": null, "GBENC_UPDA": null, "GBENC_UP_1": null, "STATUS": "ASSESS_CLOSED", "STATUS_OP": 29636, "STATUS_DAT": "2025-12-21T00:00:00", "GEO_ID": 2698715, "SHAPE_AREA": 0.0, "SHAPE_LEN": 0.0 }, "geometry": { "type": "Polygon", "coordinates": [ [ [ -4.267349627841469, 51.096673707503527 ], [ -4.155120700060337, 51.096672701669689 ], [ -4.155119694226528, 51.097903842285262 ], [ -4.151672701669696, 51.097892778113049 ], [ -4.151670690002021, 51.096668678334339 ], [ -4.066671695835851, 51.096667672500502 ], [ -4.066672701669688, 51.076606316636486 ], [ -4.122862603097957, 51.076497686582172 ], [ -4.122864614765632, 51.048951921142617 ], [ -4.173578756789368, 51.048955944477967 ], [ -4.185663850331935, 51.035478776906047 ], [ -4.185655803661234, 51.012997384832033 ], [ -4.267329511164746, 51.012992355662846 ], [ -4.267349627841469, 51.096673707503527 ] ] ] } },
{ "type": "Feature", "properties": { "SDOC_ID": 2730924, "SDOC_NAME": "1613_1 Eddystone Rocks", "SOURCE_NAM": "RSDRA2026000044719", "SDT_ID": 1950, "SDT_NAME": "UKHO Chart - Panel", "DATUM": "D_WGS_1984", "CRS_ID": 432627, "CRS_PARAMS": "PROJCS[\"WGS84_Transverse_Mercator\",GEOGCS[\"GCS_WGS_1984\",DATUM[\"D_WGS_1984\",SPHEROID[\"WGS_1984\",6378137.0,298.257223563]],PRIMEM[\"Greenwich\",0.0],UNIT[\"Degree\",0.0174532925199433]],PROJECTION[\"Transverse_Mercator\"],PARAMETER[\"False_Easting\",0.0],PARAMETE", "PUBLICATIO": "2023-11-16T00:00:00", "RECEIPTDAT": "2026-02-04T00:00:00", "UKHOVERSIO": "Current Version", "PRODUCEDBY": "UK Hydrographic Office", "PRODUCED_1": null, "PRODUCED_2": null, "IPROWNER1": "UK Hydrographic Office", "PROTECTIVE": "UNCLASSIFIED", "AUTHORITAT": "Yes", "SUBJECTMAT": null, "SUBJECTM_1": null, "SUBJECTM_2": null, "SUPPLIEDBY": null, "SUPPLIED_1": null, "SUPPLIED_2": null, "SUPPLIED_3": null, "SUPPLIED_4": null, "SCALE": 7500.0, "DEPTHUNITS": "Metres / Metres & Decimals", "SPATIALREF": 0.0, "VALIDATED": "Yes", "CHART_PREF": null, "CHART_NUMB": 0.0, "CHART_SUFF": null, "CHART_TYPE": null, "CHART_CORR": 0.0, "CHART_CO_1": 0.0, "CHART_REVI": null, "CHART_CANC": null, "CHART_INTN": 0.0, "CHART_MAIN": null, "CHART_GENE": null, "CHART_SPEC": null, "CHART_SP_1": null, "PANEL_CHAR": null, "PANEL_CH_1": 1613.0, "PANEL_CH_2": null, "PANEL_IDEN": "1613_1", "PANEL_MAIN": "Eddystone Rocks", "PANEL_GENE": null, "PANEL_MULT": "No", "PANEL_SPEC": null, "PANEL_SP_1": null, "PUBLICAT_1": 0.0, "PUBLICAT_2": null, "PUBLICAT_3": null, "PUBLICAT_4": null, "PUBLICAT_5": null, "GBENC_CELL": null, "GBENC_EDIT": null, "GBENC_FILE": null, "GBENC_ISSU": null, "GBENC_NAVP": null, "GBENC_UPDA": null, "GBENC_UP_1": null, "STATUS": "ASSESS_CLOSED", "STATUS_OP": 8233, "STATUS_DAT": "2026-02-04T00:00:00", "GEO_ID": 2474656, "SHAPE_AREA": 0.0, "SHAPE_LEN": 0.0 }, "geometry": { "type": "Polygon", "coordinates": [ [ [ -4.274962784148045, 50.175591430295725 ], [ -4.274962784148045, 50.186723999195323 ], [ -4.256588211627445, 50.186723999195323 ], [ -4.256588211627445, 50.175592436129563 ], [ -4.274962784148045, 50.175591430295725 ] ] ] } },
{ "type": "Feature", "properties": { "SDOC_ID": 2739161, "SDOC_NAME": "0028_0 Salcombe Harbour", "SOURCE_NAM": "RSDRA2026000083225", "SDT_ID": 1950, "SDT_NAME": "UKHO Chart - Panel", "DATUM": "D_WGS_1984", "CRS_ID": 432627, "CRS_PARAMS": "PROJCS[\"WGS84_Transverse_Mercator\",GEOGCS[\"GCS_WGS_1984\",DATUM[\"D_WGS_1984\",SPHEROID[\"WGS_1984\",6378137.0,298.257223563]],PRIMEM[\"Greenwich\",0.0],UNIT[\"Degree\",0.0174532925199433]],PROJECTION[\"Transverse_Mercator\"],PARAMETER[\"False_Easting\",0.0],PARAMETE", "PUBLICATIO": "2023-02-16T00:00:00", "RECEIPTDAT": "2026-03-03T00:00:00", "UKHOVERSIO": "Current Version", "PRODUCEDBY": "UK Hydrographic Office", "PRODUCED_1": null, "PRODUCED_2": null, "IPROWNER1": "UK Hydrographic Office", "PROTECTIVE": "UNCLASSIFIED", "AUTHORITAT": "Yes", "SUBJECTMAT": null, "SUBJECTM_1": null, "SUBJECTM_2": null, "SUPPLIEDBY": null, "SUPPLIED_1": null, "SUPPLIED_2": null, "SUPPLIED_3": null, "SUPPLIED_4": null, "SCALE": 12500.0, "DEPTHUNITS": "Metres / Metres & Decimals", "SPATIALREF": 0.0, "VALIDATED": "Yes", "CHART_PREF": null, "CHART_NUMB": 0.0, "CHART_SUFF": null, "CHART_TYPE": null, "CHART_CORR": 0.0, "CHART_CO_1": 0.0, "CHART_REVI": null, "CHART_CANC": null, "CHART_INTN": 0.0, "CHART_MAIN": null, "CHART_GENE": null, "CHART_SPEC": null, "CHART_SP_1": null, "PANEL_CHAR": null, "PANEL_CH_1": 28.0, "PANEL_CH_2": null, "PANEL_IDEN": "0028_0", "PANEL_MAIN": "Salcombe Harbour", "PANEL_GENE": "England - South Coast", "PANEL_MULT": "No", "PANEL_SPEC": null, "PANEL_SP_1": null, "PUBLICAT_1": 0.0, "PUBLICAT_2": null, "PUBLICAT_3": null, "PUBLICAT_4": null, "PUBLICAT_5": null, "GBENC_CELL": null, "GBENC_EDIT": null, "GBENC_FILE": null, "GBENC_ISSU": null, "GBENC_NAVP": null, "GBENC_UPDA": null, "GBENC_UP_1": null, "STATUS": "ASSESS_CLOSED", "STATUS_OP": 29636, "STATUS_DAT": "2026-03-03T00:00:00", "GEO_ID": 2472343, "SHAPE_AREA": 0.0, "SHAPE_LEN": 0.0 }, "geometry": { "type": "Polygon", "coordinates": [ [ [ -3.817834439750555, 50.183929792798239 ], [ -3.817844498088903, 50.2940454636894 ], [ -3.707605109635892, 50.294044457855563 ], [ -3.70759806879903, 50.183928786964401 ], [ -3.817834439750555, 50.183929792798239 ] ] ] } },
{ "type": "Feature", "properties": { "SDOC_ID": 2739162, "SDOC_NAME": "0028_1 Salcombe", "SOURCE_NAM": "RSDRA2026000083226", "SDT_ID": 1950, "SDT_NAME": "UKHO Chart - Panel", "DATUM": "D_WGS_1984", "CRS_ID": 432627, "CRS_PARAMS": "PROJCS[\"WGS84_Transverse_Mercator\",GEOGCS[\"GCS_WGS_1984\",DATUM[\"D_WGS_1984\",SPHEROID[\"WGS_1984\",6378137.0,298.257223563]],PRIMEM[\"Greenwich\",0.0],UNIT[\"Degree\",0.0174532925199433]],PROJECTION[\"Transverse_Mercator\"],PARAMETER[\"False_Easting\",0.0],PARAMETE", "PUBLICATIO": "2023-02-16T00:00:00", "RECEIPTDAT": "2026-03-03T00:00:00", "UKHOVERSIO": "Current Version", "PRODUCEDBY": "UK Hydrographic Office", "PRODUCED_1": null, "PRODUCED_2": null, "IPROWNER1": "UK Hydrographic Office", "PROTECTIVE": "UNCLASSIFIED", "AUTHORITAT": "Yes", "SUBJECTMAT": null, "SUBJECTM_1": null, "SUBJECTM_2": null, "SUPPLIEDBY": null, "SUPPLIED_1": null, "SUPPLIED_2": null, "SUPPLIED_3": null, "SUPPLIED_4": null, "SCALE": 5000.0, "DEPTHUNITS": "Metres / Metres & Decimals", "SPATIALREF": 0.0, "VALIDATED": "Yes", "CHART_PREF": null, "CHART_NUMB": 0.0, "CHART_SUFF": null, "CHART_TYPE": null, "CHART_CORR": 0.0, "CHART_CO_1": 0.0, "CHART_REVI": null, "CHART_CANC": null, "CHART_INTN": 0.0, "CHART_MAIN": null, "CHART_GENE": null, "CHART_SPEC": null, "CHART_SP_1": null, "PANEL_CHAR": null, "PANEL_CH_1": 28.0, "PANEL_CH_2": null, "PANEL_IDEN": "0028_1", "PANEL_MAIN": "Salcombe", "PANEL_GENE": null, "PANEL_MULT": "No", "PANEL_SPEC": null, "PANEL_SP_1": null, "PUBLICAT_1": 0.0, "PUBLICAT_2": null, "PUBLICAT_3": null, "PUBLICAT_4": null, "PUBLICAT_5": null, "GBENC_CELL": null, "GBENC_EDIT": null, "GBENC_FILE": null, "GBENC_ISSU": null, "GBENC_NAVP": null, "GBENC_UPDA": null, "GBENC_UP_1": null, "STATUS": "ASSESS_CLOSED", "STATUS_OP": 29636, "STATUS_DAT": "2026-03-03T00:00:00", "GEO_ID": 2472344, "SHAPE_AREA": 0.0, "SHAPE_LEN": 0.0 }, "geometry": { "type": "Polygon", "coordinates": [ [ [ -3.769839066586201, 50.231421243210633 ], [ -3.769834037417013, 50.244635888151265 ], [ -3.755085495876074, 50.244634882317428 ], [ -3.755086501709911, 50.236320659826987 ], [ -3.763694427680548, 50.231421243210633 ], [ -3.769839066586201, 50.231421243210633 ] ] ] } },
{ "type": "Feature", "properties": { "SDOC_ID": 2740462, "SDOC_NAME": "5608_16_2 B Continuation to Avonmouth", "SOURCE_NAM": "RSDRA2026000087811", "SDT_ID": 1950, "SDT_NAME": "UKHO Chart - Panel", "DATUM": "D_WGS_1984", "CRS_ID": 432627, "CRS_PARAMS": "PROJCS[\"WGS84_Transverse_Mercator\",GEOGCS[\"GCS_WGS_1984\",DATUM[\"D_WGS_1984\",SPHEROID[\"WGS_1984\",6378137.0,298.257223563]],PRIMEM[\"Greenwich\",0.0],UNIT[\"Degree\",0.0174532925199433]],PROJECTION[\"Transverse_Mercator\"],PARAMETER[\"False_Easting\",0.0],PARAMETE", "PUBLICATIO": "2024-11-14T00:00:00", "RECEIPTDAT": "2026-03-06T00:00:00", "UKHOVERSIO": "Current Version", "PRODUCEDBY": "UK Hydrographic Office", "PRODUCED_1": null, "PRODUCED_2": null, "IPROWNER1": "UK Hydrographic Office", "PROTECTIVE": "UNCLASSIFIED", "AUTHORITAT": "Yes", "SUBJECTMAT": null, "SUBJECTM_1": null, "SUBJECTM_2": null, "SUPPLIEDBY": null, "SUPPLIED_1": null, "SUPPLIED_2": null, "SUPPLIED_3": null, "SUPPLIED_4": null, "SCALE": 40000.0, "DEPTHUNITS": "Metres / Metres & Decimals", "SPATIALREF": 0.0, "VALIDATED": "Yes", "CHART_PREF": null, "CHART_NUMB": 0.0, "CHART_SUFF": null, "CHART_TYPE": null, "CHART_CORR": 0.0, "CHART_CO_1": 0.0, "CHART_REVI": null, "CHART_CANC": null, "CHART_INTN": 0.0, "CHART_MAIN": null, "CHART_GENE": null, "CHART_SPEC": null, "CHART_SP_1": null, "PANEL_CHAR": null, "PANEL_CH_1": 5608.0, "PANEL_CH_2": "_16", "PANEL_IDEN": "5608_16_2", "PANEL_MAIN": "B Continuation to Avonmouth", "PANEL_GENE": null, "PANEL_MULT": "No", "PANEL_SPEC": null, "PANEL_SP_1": null, "PUBLICAT_1": 0.0, "PUBLICAT_2": null, "PUBLICAT_3": null, "PUBLICAT_4": null, "PUBLICAT_5": null, "GBENC_CELL": null, "GBENC_EDIT": null, "GBENC_FILE": null, "GBENC_ISSU": null, "GBENC_NAVP": null, "GBENC_UPDA": null, "GBENC_UP_1": null, "STATUS": "ASSESS_CLOSED", "STATUS_OP": 29636, "STATUS_DAT": "2026-03-06T00:00:00", "GEO_ID": 2579990, "SHAPE_AREA": 0.0, "SHAPE_LEN": 0.0 }, "geometry": { "type": "Polygon", "coordinates": [ [ [ -2.794995976664666, 51.525004023335356 ], [ -2.758341380004026, 51.560325890162943 ], [ -2.699997988332314, 51.560314825990758 ], [ -2.700019110842902, 51.483340374170183 ], [ -2.794988935827803, 51.48333333333332 ], [ -2.794995976664666, 51.525004023335356 ] ] ] } },
{ "type": "Feature", "properties": { "SDOC_ID": 2743726, "SDOC_NAME": "2253_1 A River Dart Continuation to Blackness Point", "SOURCE_NAM": "RSDRA2026000105582", "SDT_ID": 1950, "SDT_NAME": "UKHO Chart - Panel", "DATUM": "D_WGS_1984", "CRS_ID": 432627, "CRS_PARAMS": "PROJCS[\"WGS84_Transverse_Mercator\",GEOGCS[\"GCS_WGS_1984\",DATUM[\"D_WGS_1984\",SPHEROID[\"WGS_1984\",6378137.0,298.257223563]],PRIMEM[\"Greenwich\",0.0],UNIT[\"Degree\",0.0174532925199433]],PROJECTION[\"Transverse_Mercator\"],PARAMETER[\"False_Easting\",0.0],PARAMETE", "PUBLICATIO": "2022-09-29T00:00:00", "RECEIPTDAT": "2026-03-18T00:00:00", "UKHOVERSIO": "Current Version", "PRODUCEDBY": "UK Hydrographic Office", "PRODUCED_1": "RT1E", "PRODUCED_2": null, "IPROWNER1": "UK Hydrographic Office", "PROTECTIVE": "UNCLASSIFIED", "AUTHORITAT": "Yes", "SUBJECTMAT": null, "SUBJECTM_1": null, "SUBJECTM_2": null, "SUPPLIEDBY": null, "SUPPLIED_1": null, "SUPPLIED_2": null, "SUPPLIED_3": null, "SUPPLIED_4": null, "SCALE": 6250.0, "DEPTHUNITS": "Metres / Metres & Decimals", "SPATIALREF": 0.0, "VALIDATED": "Yes", "CHART_PREF": null, "CHART_NUMB": 0.0, "CHART_SUFF": null, "CHART_TYPE": null, "CHART_CORR": 0.0, "CHART_CO_1": 0.0, "CHART_REVI": null, "CHART_CANC": null, "CHART_INTN": 0.0, "CHART_MAIN": null, "CHART_GENE": null, "CHART_SPEC": null, "CHART_SP_1": null, "PANEL_CHAR": null, "PANEL_CH_1": 2253.0, "PANEL_CH_2": null, "PANEL_IDEN": "2253_1", "PANEL_MAIN": "A River Dart Continuation to Blackness Point", "PANEL_GENE": null, "PANEL_MULT": "No", "PANEL_SPEC": null, "PANEL_SP_1": null, "PUBLICAT_1": 0.0, "PUBLICAT_2": null, "PUBLICAT_3": null, "PUBLICAT_4": null, "PUBLICAT_5": null, "GBENC_CELL": null, "GBENC_EDIT": null, "GBENC_FILE": null, "GBENC_ISSU": null, "GBENC_NAVP": null, "GBENC_UPDA": null, "GBENC_UP_1": null, "STATUS": "ASSESS_CLOSED", "STATUS_OP": 19592, "STATUS_DAT": "2026-03-18T00:00:00", "GEO_ID": 2373079, "SHAPE_AREA": 0.0, "SHAPE_LEN": 0.0 }, "geometry": { "type": "Polygon", "coordinates": [ [ [ -3.581996580164969, 50.373906658620001 ], [ -3.611191913095951, 50.384855159927582 ], [ -3.611190907262113, 50.395155904244632 ], [ -3.574528263930802, 50.395155904244632 ], [ -3.574528263930802, 50.373906658620001 ], [ -3.581996580164969, 50.373906658620001 ] ] ] } },
{ "type": "Feature", "properties": { "SDOC_ID": 2743769, "SDOC_NAME": "5602_9_1 Dartmouth", "SOURCE_NAM": "RSDRA2026000105625", "SDT_ID": 1950, "SDT_NAME": "UKHO Chart - Panel", "DATUM": "D_WGS_1984", "CRS_ID": 432627, "CRS_PARAMS": "PROJCS[\"WGS84_Transverse_Mercator\",GEOGCS[\"GCS_WGS_1984\",DATUM[\"D_WGS_1984\",SPHEROID[\"WGS_1984\",6378137.0,298.257223563]],PRIMEM[\"Greenwich\",0.0],UNIT[\"Degree\",0.0174532925199433]],PROJECTION[\"Transverse_Mercator\"],PARAMETER[\"False_Easting\",0.0],PARAMETE", "PUBLICATIO": "2023-11-30T00:00:00", "RECEIPTDAT": "2026-03-18T00:00:00", "UKHOVERSIO": "Current Version", "PRODUCEDBY": "UK Hydrographic Office", "PRODUCED_1": null, "PRODUCED_2": null, "IPROWNER1": "UK Hydrographic Office", "PROTECTIVE": "UNCLASSIFIED", "AUTHORITAT": "Yes", "SUBJECTMAT": null, "SUBJECTM_1": null, "SUBJECTM_2": null, "SUPPLIEDBY": null, "SUPPLIED_1": null, "SUPPLIED_2": null, "SUPPLIED_3": null, "SUPPLIED_4": null, "SCALE": 6250.0, "DEPTHUNITS": "Metres / Metres & Decimals", "SPATIALREF": 0.0, "VALIDATED": "Yes", "CHART_PREF": null, "CHART_NUMB": 0.0, "CHART_SUFF": null, "CHART_TYPE": null, "CHART_CORR": 0.0, "CHART_CO_1": 0.0, "CHART_REVI": null, "CHART_CANC": null, "CHART_INTN": 0.0, "CHART_MAIN": null, "CHART_GENE": null, "CHART_SPEC": null, "CHART_SP_1": null, "PANEL_CHAR": null, "PANEL_CH_1": 5602.0, "PANEL_CH_2": "_9", "PANEL_IDEN": "5602_9_1", "PANEL_MAIN": "Dartmouth", "PANEL_GENE": null, "PANEL_MULT": "No", "PANEL_SPEC": null, "PANEL_SP_1": null, "PUBLICAT_1": 0.0, "PUBLICAT_2": null, "PUBLICAT_3": null, "PUBLICAT_4": null, "PUBLICAT_5": null, "GBENC_CELL": null, "GBENC_EDIT": null, "GBENC_FILE": null, "GBENC_ISSU": null, "GBENC_NAVP": null, "GBENC_UPDA": null, "GBENC_UP_1": null, "STATUS": "ASSESS_CLOSED", "STATUS_OP": 19592, "STATUS_DAT": "2026-03-18T00:00:00", "GEO_ID": 2482694, "SHAPE_AREA": 0.0, "SHAPE_LEN": 0.0 }, "geometry": { "type": "Polygon", "coordinates": [ [ [ -3.583320257493455, 50.341145644739498 ], [ -3.583320257493455, 50.365280627640317 ], [ -3.573822168577749, 50.365284650975667 ], [ -3.573829209414612, 50.361684771675726 ], [ -3.567700663850331, 50.354035405351027 ], [ -3.567691611345793, 50.350002011667669 ], [ -3.559485013075829, 50.350007040836857 ], [ -3.559490042245017, 50.341144638905661 ], [ -3.56166566083283, 50.341145644739498 ], [ -3.561663649165155, 50.340851941259302 ], [ -3.566666666666663, 50.340850935425465 ], [ -3.566664654998988, 50.341144638905661 ], [ -3.583320257493455, 50.341145644739498 ] ] ] } },
{ "type": "Feature", "properties": { "SDOC_ID": 2743770, "SDOC_NAME": "5602_9_2 B Higher Noss Point to Blackness Point", "SOURCE_NAM": "RSDRA2026000105626", "SDT_ID": 1950, "SDT_NAME": "UKHO Chart - Panel", "DATUM": "D_WGS_1984", "CRS_ID": 432612, "CRS_PARAMS": "PROJCS[\"WGS84_Mercator\",GEOGCS[\"GCS_WGS_1984\",DATUM[\"D_WGS_1984\",SPHEROID[\"WGS_1984\",6378137.0,298.257223563]],PRIMEM[\"Greenwich\",0.0],UNIT[\"Degree\",0.0174532925199433]],PROJECTION[\"Mercator\"],PARAMETER[\"False_Easting\",0.0],PARAMETER[\"False_Northing\",0.0", "PUBLICATIO": "2023-11-30T00:00:00", "RECEIPTDAT": "2026-03-18T00:00:00", "UKHOVERSIO": "Current Version", "PRODUCEDBY": "UK Hydrographic Office", "PRODUCED_1": null, "PRODUCED_2": null, "IPROWNER1": "UK Hydrographic Office", "PROTECTIVE": "UNCLASSIFIED", "AUTHORITAT": "Yes", "SUBJECTMAT": null, "SUBJECTM_1": null, "SUBJECTM_2": null, "SUPPLIEDBY": null, "SUPPLIED_1": null, "SUPPLIED_2": null, "SUPPLIED_3": null, "SUPPLIED_4": null, "SCALE": 6250.0, "DEPTHUNITS": "Metres / Metres & Decimals", "SPATIALREF": 0.0, "VALIDATED": "Yes", "CHART_PREF": null, "CHART_NUMB": 0.0, "CHART_SUFF": null, "CHART_TYPE": null, "CHART_CORR": 0.0, "CHART_CO_1": 0.0, "CHART_REVI": null, "CHART_CANC": null, "CHART_INTN": 0.0, "CHART_MAIN": null, "CHART_GENE": null, "CHART_SPEC": null, "CHART_SP_1": null, "PANEL_CHAR": null, "PANEL_CH_1": 5602.0, "PANEL_CH_2": "_9", "PANEL_IDEN": "5602_9_2", "PANEL_MAIN": "B Higher Noss Point to Blackness Point", "PANEL_GENE": null, "PANEL_MULT": "No", "PANEL_SPEC": null, "PANEL_SP_1": null, "PUBLICAT_1": 0.0, "PUBLICAT_2": null, "PUBLICAT_3": null, "PUBLICAT_4": null, "PUBLICAT_5": null, "GBENC_CELL": null, "GBENC_EDIT": null, "GBENC_FILE": null, "GBENC_ISSU": null, "GBENC_NAVP": null, "GBENC_UPDA": null, "GBENC_UP_1": null, "STATUS": "ASSESS_CLOSED", "STATUS_OP": 19592, "STATUS_DAT": "2026-03-18T00:00:00", "GEO_ID": 2482696, "SHAPE_AREA": 0.0, "SHAPE_LEN": 0.0 }, "geometry": { "type": "Polygon", "coordinates": [ [ [ -3.58404244618788, 50.364284852142418 ], [ -3.584047475357067, 50.37383524441762 ], [ -3.592232951116472, 50.373834238583783 ], [ -3.592227921947284, 50.377194729430698 ], [ -3.598401730034197, 50.38489841078254 ], [ -3.598403741701873, 50.388813116073237 ], [ -3.608908670287661, 50.388810098571724 ], [ -3.608904646952311, 50.394998994166173 ], [ -3.575002011667664, 50.395001005833848 ], [ -3.575, 50.393333333333345 ], [ -3.574522228927776, 50.393334339167183 ], [ -3.574528263930802, 50.39166666666668 ], [ -3.575002011667664, 50.391667672500489 ], [ -3.575, 50.364285857976256 ], [ -3.58404244618788, 50.364284852142418 ] ] ] } },
{ "type": "Feature", "properties": { "SDOC_ID": 2750483, "SDOC_NAME": "1168_3 C River Camel  Padstow to Wadebridge", "SOURCE_NAM": "RSDRA2026000138710", "SDT_ID": 1950, "SDT_NAME": "UKHO Chart - Panel", "DATUM": "European Terrestrial Reference System 1989", "CRS_ID": 500650, "CRS_PARAMS": "PROJCS[\"ETRS 89 / TM Projection\",GEOGCS[\"ETRS89\",DATUM[\"European Terrestrial Reference System 1989\",SPHEROID[\"GRS_1980\",6378137.0,298.257222101]],PRIMEM[\"Greenwich\",0.0],UNIT[\"Degree\",0.0174532925199433]],PROJECTION[\"Transverse_Mercator\"],PARAMETER[\"Fals", "PUBLICATIO": "2021-06-17T00:00:00", "RECEIPTDAT": "2026-04-10T00:00:00", "UKHOVERSIO": "Current Version", "PRODUCEDBY": "UK Hydrographic Office", "PRODUCED_1": null, "PRODUCED_2": null, "IPROWNER1": "UK Hydrographic Office", "PROTECTIVE": "UNCLASSIFIED", "AUTHORITAT": "Yes", "SUBJECTMAT": null, "SUBJECTM_1": null, "SUBJECTM_2": null, "SUPPLIEDBY": null, "SUPPLIED_1": null, "SUPPLIED_2": null, "SUPPLIED_3": null, "SUPPLIED_4": null, "SCALE": 35000.0, "DEPTHUNITS": "Metres / Metres & Decimals", "SPATIALREF": 0.0, "VALIDATED": "Yes", "CHART_PREF": null, "CHART_NUMB": 0.0, "CHART_SUFF": null, "CHART_TYPE": null, "CHART_CORR": 0.0, "CHART_CO_1": 0.0, "CHART_REVI": null, "CHART_CANC": null, "CHART_INTN": 0.0, "CHART_MAIN": null, "CHART_GENE": null, "CHART_SPEC": null, "CHART_SP_1": null, "PANEL_CHAR": null, "PANEL_CH_1": 1168.0, "PANEL_CH_2": null, "PANEL_IDEN": "1168_3", "PANEL_MAIN": "C River Camel  Padstow to Wadebridge", "PANEL_GENE": null, "PANEL_MULT": "No", "PANEL_SPEC": null, "PANEL_SP_1": null, "PUBLICAT_1": 0.0, "PUBLICAT_2": null, "PUBLICAT_3": null, "PUBLICAT_4": null, "PUBLICAT_5": null, "GBENC_CELL": null, "GBENC_EDIT": null, "GBENC_FILE": null, "GBENC_ISSU": null, "GBENC_NAVP": null, "GBENC_UPDA": null, "GBENC_UP_1": null, "STATUS": "ASSESS_CLOSED", "STATUS_OP": 29636, "STATUS_DAT": "2026-04-10T00:00:00", "GEO_ID": 2254247, "SHAPE_AREA": 0.0, "SHAPE_LEN": 0.0 }, "geometry": { "type": "Polygon", "coordinates": [ [ [ -4.941166767250053, 50.5 ], [ -4.941178837256075, 50.555997787165552 ], [ -4.830258499295923, 50.556011868839278 ], [ -4.830283645141833, 50.499990947495462 ], [ -4.941166767250053, 50.5 ] ] ] } },
{ "type": "Feature", "properties": { "SDOC_ID": 2750484, "SDOC_NAME": "1168_4 D Saint Ives Bay", "SOURCE_NAM": "RSDRA2026000138711", "SDT_ID": 1950, "SDT_NAME": "UKHO Chart - Panel", "DATUM": "D_WGS_1984", "CRS_ID": 432627, "CRS_PARAMS": "PROJCS[\"WGS84_Transverse_Mercator\",GEOGCS[\"GCS_WGS_1984\",DATUM[\"D_WGS_1984\",SPHEROID[\"WGS_1984\",6378137.0,298.257223563]],PRIMEM[\"Greenwich\",0.0],UNIT[\"Degree\",0.0174532925199433]],PROJECTION[\"Transverse_Mercator\"],PARAMETER[\"False_Easting\",0.0],PARAMETE", "PUBLICATIO": "2021-06-17T00:00:00", "RECEIPTDAT": "2026-04-10T00:00:00", "UKHOVERSIO": "Current Version", "PRODUCEDBY": "UK Hydrographic Office", "PRODUCED_1": null, "PRODUCED_2": null, "IPROWNER1": "UK Hydrographic Office", "PROTECTIVE": "UNCLASSIFIED", "AUTHORITAT": "Yes", "SUBJECTMAT": null, "SUBJECTM_1": null, "SUBJECTM_2": null, "SUPPLIEDBY": null, "SUPPLIED_1": null, "SUPPLIED_2": null, "SUPPLIED_3": null, "SUPPLIED_4": null, "SCALE": 25000.0, "DEPTHUNITS": "Metres / Metres & Decimals", "SPATIALREF": 0.0, "VALIDATED": "Yes", "CHART_PREF": null, "CHART_NUMB": 0.0, "CHART_SUFF": null, "CHART_TYPE": null, "CHART_CORR": 0.0, "CHART_CO_1": 0.0, "CHART_REVI": null, "CHART_CANC": null, "CHART_INTN": 0.0, "CHART_MAIN": null, "CHART_GENE": null, "CHART_SPEC": null, "CHART_SP_1": null, "PANEL_CHAR": null, "PANEL_CH_1": 1168.0, "PANEL_CH_2": null, "PANEL_IDEN": "1168_4", "PANEL_MAIN": "D Saint Ives Bay", "PANEL_GENE": null, "PANEL_MULT": "No", "PANEL_SPEC": null, "PANEL_SP_1": null, "PUBLICAT_1": 0.0, "PUBLICAT_2": null, "PUBLICAT_3": null, "PUBLICAT_4": null, "PUBLICAT_5": null, "GBENC_CELL": null, "GBENC_EDIT": null, "GBENC_FILE": null, "GBENC_ISSU": null, "GBENC_NAVP": null, "GBENC_UPDA": null, "GBENC_UP_1": null, "STATUS": "ASSESS_CLOSED", "STATUS_OP": 29636, "STATUS_DAT": "2026-04-10T00:00:00", "GEO_ID": 2254248, "SHAPE_AREA": 0.0, "SHAPE_LEN": 0.0 }, "geometry": { "type": "Polygon", "coordinates": [ [ [ -5.542653389660018, 50.173867431100376 ], [ -5.542695634681138, 50.277240997787175 ], [ -5.325530074431697, 50.27724300945485 ], [ -5.325478776906067, 50.229505129752567 ], [ -5.387684570508952, 50.229510158921755 ], [ -5.38764735465702, 50.173844296922141 ], [ -5.542653389660018, 50.173867431100376 ] ] ] } },
{ "type": "Feature", "properties": { "SDOC_ID": 2750549, "SDOC_NAME": "5603_4_2 B Saint Ives", "SOURCE_NAM": "RSDRA2026000138776", "SDT_ID": 1950, "SDT_NAME": "UKHO Chart - Panel", "DATUM": "D_WGS_1984", "CRS_ID": 432627, "CRS_PARAMS": "PROJCS[\"WGS84_Transverse_Mercator\",GEOGCS[\"GCS_WGS_1984\",DATUM[\"D_WGS_1984\",SPHEROID[\"WGS_1984\",6378137.0,298.257223563]],PRIMEM[\"Greenwich\",0.0],UNIT[\"Degree\",0.0174532925199433]],PROJECTION[\"Transverse_Mercator\"],PARAMETER[\"False_Easting\",0.0],PARAMETE", "PUBLICATIO": "2021-11-25T00:00:00", "RECEIPTDAT": "2026-04-10T00:00:00", "UKHOVERSIO": "Current Version", "PRODUCEDBY": "UK Hydrographic Office", "PRODUCED_1": null, "PRODUCED_2": null, "IPROWNER1": "UK Hydrographic Office", "PROTECTIVE": "UNCLASSIFIED", "AUTHORITAT": "Yes", "SUBJECTMAT": null, "SUBJECTM_1": null, "SUBJECTM_2": null, "SUPPLIEDBY": null, "SUPPLIED_1": null, "SUPPLIED_2": null, "SUPPLIED_3": null, "SUPPLIED_4": null, "SCALE": 25000.0, "DEPTHUNITS": "Metres / Metres & Decimals", "SPATIALREF": 0.0, "VALIDATED": "Yes", "CHART_PREF": null, "CHART_NUMB": 0.0, "CHART_SUFF": null, "CHART_TYPE": null, "CHART_CORR": 0.0, "CHART_CO_1": 0.0, "CHART_REVI": null, "CHART_CANC": null, "CHART_INTN": 0.0, "CHART_MAIN": null, "CHART_GENE": null, "CHART_SPEC": null, "CHART_SP_1": null, "PANEL_CHAR": null, "PANEL_CH_1": 5603.0, "PANEL_CH_2": "_4", "PANEL_IDEN": "5603_4_2", "PANEL_MAIN": "B Saint Ives", "PANEL_GENE": null, "PANEL_MULT": "No", "PANEL_SPEC": null, "PANEL_SP_1": null, "PUBLICAT_1": 0.0, "PUBLICAT_2": null, "PUBLICAT_3": null, "PUBLICAT_4": null, "PUBLICAT_5": null, "GBENC_CELL": null, "GBENC_EDIT": null, "GBENC_FILE": null, "GBENC_ISSU": null, "GBENC_NAVP": null, "GBENC_UPDA": null, "GBENC_UP_1": null, "STATUS": "ASSESS_CLOSED", "STATUS_OP": 29636, "STATUS_DAT": "2026-04-10T00:00:00", "GEO_ID": 2296070, "SHAPE_AREA": 0.0, "SHAPE_LEN": 0.0 }, "geometry": { "type": "Polygon", "coordinates": [ [ [ -5.419693220679932, 50.224987929993972 ], [ -5.419692214846094, 50.183657211828603 ], [ -5.48581070207203, 50.183657211828603 ], [ -5.485808690404355, 50.216666666666669 ], [ -5.487708710521019, 50.216665660832831 ], [ -5.487706698853344, 50.218328304164146 ], [ -5.485807684570517, 50.218329309997984 ], [ -5.485811707905867, 50.224987929993972 ], [ -5.419693220679932, 50.224987929993972 ] ] ] } },
{ "type": "Feature", "properties": { "SDOC_ID": 2761525, "SDOC_NAME": "1161_0 Swansea Bay", "SOURCE_NAM": "RSDRA2026000191289", "SDT_ID": 1950, "SDT_NAME": "UKHO Chart - Panel", "DATUM": "D_WGS_1984", "CRS_ID": 432627, "CRS_PARAMS": "PROJCS[\"WGS84_Transverse_Mercator\",GEOGCS[\"GCS_WGS_1984\",DATUM[\"D_WGS_1984\",SPHEROID[\"WGS_1984\",6378137.0,298.257223563]],PRIMEM[\"Greenwich\",0.0],UNIT[\"Degree\",0.0174532925199433]],PROJECTION[\"Transverse_Mercator\"],PARAMETER[\"False_Easting\",0.0],PARAMETE", "PUBLICATIO": "2019-01-24T00:00:00", "RECEIPTDAT": "2026-05-19T00:00:00", "UKHOVERSIO": "Current Version", "PRODUCEDBY": "UK Hydrographic Office", "PRODUCED_1": null, "PRODUCED_2": null, "IPROWNER1": "UK Hydrographic Office", "PROTECTIVE": "UNCLASSIFIED", "AUTHORITAT": "Yes", "SUBJECTMAT": null, "SUBJECTM_1": null, "SUBJECTM_2": null, "SUPPLIEDBY": null, "SUPPLIED_1": null, "SUPPLIED_2": null, "SUPPLIED_3": null, "SUPPLIED_4": null, "SCALE": 25000.0, "DEPTHUNITS": "Metres / Metres & Decimals", "SPATIALREF": 0.0, "VALIDATED": "Yes", "CHART_PREF": null, "CHART_NUMB": 0.0, "CHART_SUFF": null, "CHART_TYPE": null, "CHART_CORR": 0.0, "CHART_CO_1": 0.0, "CHART_REVI": null, "CHART_CANC": null, "CHART_INTN": 0.0, "CHART_MAIN": null, "CHART_GENE": null, "CHART_SPEC": null, "CHART_SP_1": null, "PANEL_CHAR": null, "PANEL_CH_1": 1161.0, "PANEL_CH_2": null, "PANEL_IDEN": "1161_0", "PANEL_MAIN": "Swansea Bay", "PANEL_GENE": null, "PANEL_MULT": "No", "PANEL_SPEC": null, "PANEL_SP_1": null, "PUBLICAT_1": 0.0, "PUBLICAT_2": null, "PUBLICAT_3": null, "PUBLICAT_4": null, "PUBLICAT_5": null, "GBENC_CELL": null, "GBENC_EDIT": null, "GBENC_FILE": null, "GBENC_ISSU": null, "GBENC_NAVP": null, "GBENC_UPDA": null, "GBENC_UP_1": null, "STATUS": "ASSESS_CLOSED", "STATUS_OP": 3512, "STATUS_DAT": "2026-05-19T00:00:00", "GEO_ID": 2028821, "SHAPE_AREA": 0.0, "SHAPE_LEN": 0.0 }, "geometry": { "type": "Polygon", "coordinates": [ [ [ -4.051218064775696, 51.489964795815723 ], [ -4.051220076443371, 51.633752766043045 ], [ -3.68405250452625, 51.633734661033998 ], [ -3.684033393683364, 51.489978877489449 ], [ -4.051218064775696, 51.489964795815723 ] ] ] } },
{ "type": "Feature", "properties": { "SDOC_ID": 2765149, "SDOC_NAME": "0031_1 A Charlestown Harbour", "SOURCE_NAM": "RSDRA2026000212290", "SDT_ID": 1950, "SDT_NAME": "UKHO Chart - Panel", "DATUM": "D_WGS_1984", "CRS_ID": 432627, "CRS_PARAMS": "PROJCS[\"WGS84_Transverse_Mercator\",GEOGCS[\"GCS_WGS_1984\",DATUM[\"D_WGS_1984\",SPHEROID[\"WGS_1984\",6378137.0,298.257223563]],PRIMEM[\"Greenwich\",0.0],UNIT[\"Degree\",0.0174532925199433]],PROJECTION[\"Transverse_Mercator\"],PARAMETER[\"False_Easting\",0.0],PARAMETE", "PUBLICATIO": "2026-06-11T00:00:00", "RECEIPTDAT": "2026-06-01T00:00:00", "UKHOVERSIO": "Current Version", "PRODUCEDBY": "UK Hydrographic Office", "PRODUCED_1": null, "PRODUCED_2": null, "IPROWNER1": "UK Hydrographic Office", "PROTECTIVE": "UNCLASSIFIED", "AUTHORITAT": "Yes", "SUBJECTMAT": null, "SUBJECTM_1": null, "SUBJECTM_2": null, "SUPPLIEDBY": null, "SUPPLIED_1": null, "SUPPLIED_2": null, "SUPPLIED_3": null, "SUPPLIED_4": null, "SCALE": 5000.0, "DEPTHUNITS": "Metres / Metres & Decimals", "SPATIALREF": 0.0, "VALIDATED": "Yes", "CHART_PREF": null, "CHART_NUMB": 0.0, "CHART_SUFF": null, "CHART_TYPE": null, "CHART_CORR": 0.0, "CHART_CO_1": 0.0, "CHART_REVI": null, "CHART_CANC": null, "CHART_INTN": 0.0, "CHART_MAIN": null, "CHART_GENE": null, "CHART_SPEC": null, "CHART_SP_1": null, "PANEL_CHAR": null, "PANEL_CH_1": 31.0, "PANEL_CH_2": null, "PANEL_IDEN": "0031_1", "PANEL_MAIN": "A Charlestown Harbour", "PANEL_GENE": null, "PANEL_MULT": "No", "PANEL_SPEC": null, "PANEL_SP_1": null, "PUBLICAT_1": 0.0, "PUBLICAT_2": null, "PUBLICAT_3": null, "PUBLICAT_4": null, "PUBLICAT_5": null, "GBENC_CELL": null, "GBENC_EDIT": null, "GBENC_FILE": null, "GBENC_ISSU": null, "GBENC_NAVP": null, "GBENC_UPDA": null, "GBENC_UP_1": null, "STATUS": "ASSESS_CLOSED", "STATUS_OP": 22743, "STATUS_DAT": "2026-06-01T00:00:00", "GEO_ID": 2745231, "SHAPE_AREA": 0.0, "SHAPE_LEN": 0.0 }, "geometry": { "type": "Polygon", "coordinates": [ [ [ -4.761832629249653, 50.323899617783155 ], [ -4.761832629249653, 50.334782739891381 ], [ -4.742450211225105, 50.334782739891381 ], [ -4.742450211225105, 50.323899617783155 ], [ -4.761832629249653, 50.323899617783155 ] ] ] } },
{ "type": "Feature", "properties": { "SDOC_ID": 2769307, "SDOC_NAME": "5602_19_4 D Cotehele Quay to Calstock", "SOURCE_NAM": "RSDRA2026000231682", "SDT_ID": 1950, "SDT_NAME": "UKHO Chart - Panel", "DATUM": "D_WGS_1984", "CRS_ID": 432627, "CRS_PARAMS": "PROJCS[\"WGS84_Transverse_Mercator\",GEOGCS[\"GCS_WGS_1984\",DATUM[\"D_WGS_1984\",SPHEROID[\"WGS_1984\",6378137.0,298.257223563]],PRIMEM[\"Greenwich\",0.0],UNIT[\"Degree\",0.0174532925199433]],PROJECTION[\"Transverse_Mercator\"],PARAMETER[\"False_Easting\",0.0],PARAMETE", "PUBLICATIO": "2023-05-11T00:00:00", "RECEIPTDAT": "2026-06-15T00:00:00", "UKHOVERSIO": "Current Version", "PRODUCEDBY": "UK Hydrographic Office", "PRODUCED_1": null, "PRODUCED_2": null, "IPROWNER1": "UK Hydrographic Office", "PROTECTIVE": "UNCLASSIFIED", "AUTHORITAT": "Yes", "SUBJECTMAT": null, "SUBJECTM_1": null, "SUBJECTM_2": null, "SUPPLIEDBY": null, "SUPPLIED_1": null, "SUPPLIED_2": null, "SUPPLIED_3": null, "SUPPLIED_4": null, "SCALE": 12500.0, "DEPTHUNITS": "Metres / Metres & Decimals", "SPATIALREF": 0.0, "VALIDATED": "Yes", "CHART_PREF": null, "CHART_NUMB": 0.0, "CHART_SUFF": null, "CHART_TYPE": null, "CHART_CORR": 0.0, "CHART_CO_1": 0.0, "CHART_REVI": null, "CHART_CANC": null, "CHART_INTN": 0.0, "CHART_MAIN": null, "CHART_GENE": null, "CHART_SPEC": null, "CHART_SP_1": null, "PANEL_CHAR": null, "PANEL_CH_1": 5602.0, "PANEL_CH_2": "_19", "PANEL_IDEN": "5602_19_4", "PANEL_MAIN": "D Cotehele Quay to Calstock", "PANEL_GENE": null, "PANEL_MULT": "No", "PANEL_SPEC": null, "PANEL_SP_1": null, "PUBLICAT_1": 0.0, "PUBLICAT_2": null, "PUBLICAT_3": null, "PUBLICAT_4": null, "PUBLICAT_5": null, "GBENC_CELL": null, "GBENC_EDIT": null, "GBENC_FILE": null, "GBENC_ISSU": null, "GBENC_NAVP": null, "GBENC_UPDA": null, "GBENC_UP_1": null, "STATUS": "ASSESS_CLOSED", "STATUS_OP": 3512, "STATUS_DAT": "2026-06-15T00:00:00", "GEO_ID": 2429226, "SHAPE_AREA": 0.0, "SHAPE_LEN": 0.0 }, "geometry": { "type": "Polygon", "coordinates": [ [ [ -4.225337960168986, 50.490004023335331 ], [ -4.225339971836661, 50.499557433112045 ], [ -4.203338362502507, 50.499558438945883 ], [ -4.203333333333347, 50.49 ], [ -4.225337960168986, 50.490004023335331 ] ] ] } },
{ "type": "Feature", "properties": { "SDOC_ID": 2775224, "SDOC_NAME": "5608_19_2 B Sea Mills Creek to Cumberland Basin", "SOURCE_NAM": "RSDRA2026000267057", "SDT_ID": 1950, "SDT_NAME": "UKHO Chart - Panel", "DATUM": "D_WGS_1984", "CRS_ID": 432627, "CRS_PARAMS": "PROJCS[\"WGS84_Transverse_Mercator\",GEOGCS[\"GCS_WGS_1984\",DATUM[\"D_WGS_1984\",SPHEROID[\"WGS_1984\",6378137.0,298.257223563]],PRIMEM[\"Greenwich\",0.0],UNIT[\"Degree\",0.0174532925199433]],PROJECTION[\"Transverse_Mercator\"],PARAMETER[\"False_Easting\",0.0],PARAMETE", "PUBLICATIO": "2026-07-09T00:00:00", "RECEIPTDAT": "2026-07-01T00:00:00", "UKHOVERSIO": "Current Version", "PRODUCEDBY": "UK Hydrographic Office", "PRODUCED_1": null, "PRODUCED_2": null, "IPROWNER1": "UK Hydrographic Office", "PROTECTIVE": "UNCLASSIFIED", "AUTHORITAT": "Yes", "SUBJECTMAT": null, "SUBJECTM_1": null, "SUBJECTM_2": null, "SUPPLIEDBY": null, "SUPPLIED_1": null, "SUPPLIED_2": null, "SUPPLIED_3": null, "SUPPLIED_4": null, "SCALE": 10000.0, "DEPTHUNITS": "Metres / Metres & Decimals", "SPATIALREF": 0.0, "VALIDATED": "Yes", "CHART_PREF": null, "CHART_NUMB": 0.0, "CHART_SUFF": null, "CHART_TYPE": null, "CHART_CORR": 0.0, "CHART_CO_1": 0.0, "CHART_REVI": null, "CHART_CANC": null, "CHART_INTN": 0.0, "CHART_MAIN": null, "CHART_GENE": null, "CHART_SPEC": null, "CHART_SP_1": null, "PANEL_CHAR": null, "PANEL_CH_1": 5608.0, "PANEL_CH_2": "_19", "PANEL_IDEN": "5608_19_2", "PANEL_MAIN": "B Sea Mills Creek to Cumberland Basin", "PANEL_GENE": null, "PANEL_MULT": "No", "PANEL_SPEC": null, "PANEL_SP_1": null, "PUBLICAT_1": 0.0, "PUBLICAT_2": null, "PUBLICAT_3": null, "PUBLICAT_4": null, "PUBLICAT_5": null, "GBENC_CELL": null, "GBENC_EDIT": null, "GBENC_FILE": null, "GBENC_ISSU": null, "GBENC_NAVP": null, "GBENC_UPDA": null, "GBENC_UP_1": null, "STATUS": "ASSESS_CLOSED", "STATUS_OP": 26334, "STATUS_DAT": "2026-07-01T00:00:00", "GEO_ID": 2755306, "SHAPE_AREA": 0.0, "SHAPE_LEN": 0.0 }, "geometry": { "type": "Polygon", "coordinates": [ [ [ -2.622532689599666, 51.447667471333745 ], [ -2.634460873063773, 51.447668477167582 ], [ -2.63445785556226, 51.466666666666669 ], [ -2.658066787366721, 51.466667672500506 ], [ -2.658066787366721, 51.481117481392062 ], [ -2.622532689599666, 51.481117481392062 ], [ -2.622532689599666, 51.447667471333745 ] ] ] } },
{ "type": "Feature", "properties": { "SDOC_ID": 2775258, "SDOC_NAME": "5608_20_0 King Road and River Avon to the Avonmouth Bridge", "SOURCE_NAM": "RSDRA2026000267218", "SDT_ID": 1950, "SDT_NAME": "UKHO Chart - Panel", "DATUM": "D_WGS_1984", "CRS_ID": 432627, "CRS_PARAMS": "PROJCS[\"WGS84_Transverse_Mercator\",GEOGCS[\"GCS_WGS_1984\",DATUM[\"D_WGS_1984\",SPHEROID[\"WGS_1984\",6378137.0,298.257223563]],PRIMEM[\"Greenwich\",0.0],UNIT[\"Degree\",0.0174532925199433]],PROJECTION[\"Transverse_Mercator\"],PARAMETER[\"False_Easting\",0.0],PARAMETE", "PUBLICATIO": "2026-07-09T00:00:00", "RECEIPTDAT": "2026-07-01T00:00:00", "UKHOVERSIO": "Current Version", "PRODUCEDBY": "UK Hydrographic Office", "PRODUCED_1": null, "PRODUCED_2": null, "IPROWNER1": "UK Hydrographic Office", "PROTECTIVE": "UNCLASSIFIED", "AUTHORITAT": "Yes", "SUBJECTMAT": null, "SUBJECTM_1": null, "SUBJECTM_2": null, "SUPPLIEDBY": null, "SUPPLIED_1": null, "SUPPLIED_2": null, "SUPPLIED_3": null, "SUPPLIED_4": null, "SCALE": 10000.0, "DEPTHUNITS": "Metres / Metres & Decimals", "SPATIALREF": 0.0, "VALIDATED": "Yes", "CHART_PREF": null, "CHART_NUMB": 0.0, "CHART_SUFF": null, "CHART_TYPE": null, "CHART_CORR": 0.0, "CHART_CO_1": 0.0, "CHART_REVI": null, "CHART_CANC": null, "CHART_INTN": 0.0, "CHART_MAIN": null, "CHART_GENE": null, "CHART_SPEC": null, "CHART_SP_1": null, "PANEL_CHAR": null, "PANEL_CH_1": 5608.0, "PANEL_CH_2": "_20", "PANEL_IDEN": "5608_20_0", "PANEL_MAIN": "King Road and River Avon to the Avonmouth Bridge", "PANEL_GENE": null, "PANEL_MULT": "No", "PANEL_SPEC": null, "PANEL_SP_1": null, "PUBLICAT_1": 0.0, "PUBLICAT_2": null, "PUBLICAT_3": null, "PUBLICAT_4": null, "PUBLICAT_5": null, "GBENC_CELL": null, "GBENC_EDIT": null, "GBENC_FILE": null, "GBENC_ISSU": null, "GBENC_NAVP": null, "GBENC_UPDA": null, "GBENC_UP_1": null, "STATUS": "ASSESS_CLOSED", "STATUS_OP": 26334, "STATUS_DAT": "2026-07-01T00:00:00", "GEO_ID": 2755340, "SHAPE_AREA": 0.0, "SHAPE_LEN": 0.0 }, "geometry": { "type": "Polygon", "coordinates": [ [ [ -2.771383021524855, 51.486024944679144 ], [ -2.771383021524855, 51.519449808891579 ], [ -2.690332930999801, 51.519449808891579 ], [ -2.690332930999801, 51.486022933011469 ], [ -2.771383021524855, 51.486024944679144 ] ] ] } },
{ "type": "Feature", "properties": { "SDOC_ID": 2781353, "SDOC_NAME": "5608_15_0 Flat Holm to East Usk", "SOURCE_NAM": "RSDRA2026000296214", "SDT_ID": 1950, "SDT_NAME": "UKHO Chart - Panel", "DATUM": "D_WGS_1984", "CRS_ID": 432627, "CRS_PARAMS": "PROJCS[\"WGS84_Transverse_Mercator\",GEOGCS[\"GCS_WGS_1984\",DATUM[\"D_WGS_1984\",SPHEROID[\"WGS_1984\",6378137.0,298.257223563]],PRIMEM[\"Greenwich\",0.0],UNIT[\"Degree\",0.0174532925199433]],PROJECTION[\"Transverse_Mercator\"],PARAMETER[\"False_Easting\",0.0],PARAMETE", "PUBLICATIO": "2024-11-14T00:00:00", "RECEIPTDAT": "2026-07-21T00:00:00", "UKHOVERSIO": "Current Version", "PRODUCEDBY": "UK Hydrographic Office", "PRODUCED_1": null, "PRODUCED_2": null, "IPROWNER1": "UK Hydrographic Office", "PROTECTIVE": "UNCLASSIFIED", "AUTHORITAT": "Yes", "SUBJECTMAT": null, "SUBJECTM_1": null, "SUBJECTM_2": null, "SUPPLIEDBY": null, "SUPPLIED_1": null, "SUPPLIED_2": null, "SUPPLIED_3": null, "SUPPLIED_4": null, "SCALE": 40000.0, "DEPTHUNITS": "Metres / Metres & Decimals", "SPATIALREF": 0.0, "VALIDATED": "Yes", "CHART_PREF": null, "CHART_NUMB": 0.0, "CHART_SUFF": null, "CHART_TYPE": null, "CHART_CORR": 0.0, "CHART_CO_1": 0.0, "CHART_REVI": null, "CHART_CANC": null, "CHART_INTN": 0.0, "CHART_MAIN": null, "CHART_GENE": null, "CHART_SPEC": null, "CHART_SP_1": null, "PANEL_CHAR": null, "PANEL_CH_1": 5608.0, "PANEL_CH_2": "_15", "PANEL_IDEN": "5608_15_0", "PANEL_MAIN": "Flat Holm to East Usk", "PANEL_GENE": null, "PANEL_MULT": "No", "PANEL_SPEC": null, "PANEL_SP_1": null, "PUBLICAT_1": 0.0, "PUBLICAT_2": null, "PUBLICAT_3": null, "PUBLICAT_4": null, "PUBLICAT_5": null, "GBENC_CELL": null, "GBENC_EDIT": null, "GBENC_FILE": null, "GBENC_ISSU": null, "GBENC_NAVP": null, "GBENC_UPDA": null, "GBENC_UP_1": null, "STATUS": "ASSESS_CLOSED", "STATUS_OP": 20300, "STATUS_DAT": "2026-07-21T00:00:00", "GEO_ID": 2572111, "SHAPE_AREA": 0.0, "SHAPE_LEN": 0.0 }, "geometry": { "type": "Polygon", "coordinates": [ [ [ -3.18, 51.343667270166975 ], [ -3.18, 51.54 ], [ -2.958333333333343, 51.54 ], [ -2.958333333333343, 51.343667270166975 ], [ -3.18, 51.343667270166975 ] ] ] } },
{ "type": "Feature", "properties": { "SDOC_ID": 2134166, "SDOC_NAME": "0147_4 D East and West Looe Rivers", "SOURCE_NAM": "RSDRA2019000295183", "SDT_ID": 1950, "SDT_NAME": "UKHO Chart - Panel", "DATUM": "D_WGS_1984", "CRS_ID": 432627, "CRS_PARAMS": "PROJCS[\"WGS84_Transverse_Mercator\",GEOGCS[\"GCS_WGS_1984\",DATUM[\"D_WGS_1984\",SPHEROID[\"WGS_1984\",6378137.0,298.257223563]],PRIMEM[\"Greenwich\",0.0],UNIT[\"Degree\",0.0174532925199433]],PROJECTION[\"Transverse_Mercator\"],PARAMETER[\"False_Easting\",500000.0],PAR", "PUBLICATIO": "2017-02-09T00:00:00", "RECEIPTDAT": "2019-12-09T00:00:00", "UKHOVERSIO": "Current Version", "PRODUCEDBY": "UK Hydrographic Office", "PRODUCED_1": null, "PRODUCED_2": null, "IPROWNER1": "UK Hydrographic Office", "PROTECTIVE": "UNCLASSIFIED", "AUTHORITAT": "Yes", "SUBJECTMAT": null, "SUBJECTM_1": null, "SUBJECTM_2": null, "SUPPLIEDBY": null, "SUPPLIED_1": null, "SUPPLIED_2": null, "SUPPLIED_3": null, "SUPPLIED_4": null, "SCALE": 12500.0, "DEPTHUNITS": "Metres / Metres & Decimals", "SPATIALREF": 0.0, "VALIDATED": "Yes", "CHART_PREF": null, "CHART_NUMB": 0.0, "CHART_SUFF": null, "CHART_TYPE": null, "CHART_CORR": 0.0, "CHART_CO_1": 0.0, "CHART_REVI": null, "CHART_CANC": null, "CHART_INTN": 0.0, "CHART_MAIN": null, "CHART_GENE": null, "CHART_SPEC": null, "CHART_SP_1": null, "PANEL_CHAR": null, "PANEL_CH_1": 147.0, "PANEL_CH_2": null, "PANEL_IDEN": "0147_4", "PANEL_MAIN": "D East and West Looe Rivers", "PANEL_GENE": null, "PANEL_MULT": "No", "PANEL_SPEC": null, "PANEL_SP_1": null, "PUBLICAT_1": 0.0, "PUBLICAT_2": null, "PUBLICAT_3": null, "PUBLICAT_4": null, "PUBLICAT_5": null, "GBENC_CELL": null, "GBENC_EDIT": null, "GBENC_FILE": null, "GBENC_ISSU": null, "GBENC_NAVP": null, "GBENC_UPDA": null, "GBENC_UP_1": null, "STATUS": "ASSESS_CLOSED", "STATUS_OP": 10738, "STATUS_DAT": "2019-12-09T00:00:00", "GEO_ID": 1836966, "SHAPE_AREA": 0.0, "SHAPE_LEN": 0.0 }, "geometry": { "type": "Polygon", "coordinates": [ [ [ -4.487782136391075, 50.35473244819957 ], [ -4.487774089720375, 50.374170187085099 ], [ -4.444359283846296, 50.374173204586612 ], [ -4.444356266344812, 50.354733454033408 ], [ -4.487782136391075, 50.35473244819957 ] ] ] } },
{ "type": "Feature", "properties": { "SDOC_ID": 2306580, "SDOC_NAME": "5608_11_0 Porthcawl to Nash Point", "SOURCE_NAM": "RSDRA2021000289962", "SDT_ID": 1950, "SDT_NAME": "UKHO Chart - Panel", "DATUM": "D_WGS_1984", "CRS_ID": 432627, "CRS_PARAMS": "PROJCS[\"WGS84_Transverse_Mercator\",GEOGCS[\"GCS_WGS_1984\",DATUM[\"D_WGS_1984\",SPHEROID[\"WGS_1984\",6378137.0,298.257223563]],PRIMEM[\"Greenwich\",0.0],UNIT[\"Degree\",0.0174532925199433]],PROJECTION[\"Transverse_Mercator\"],PARAMETER[\"False_Easting\",0.0],PARAMETE", "PUBLICATIO": "2021-10-28T00:00:00", "RECEIPTDAT": "2021-10-13T00:00:00", "UKHOVERSIO": "Current Version", "PRODUCEDBY": "UK Hydrographic Office", "PRODUCED_1": null, "PRODUCED_2": null, "IPROWNER1": "UK Hydrographic Office", "PROTECTIVE": "UNCLASSIFIED", "AUTHORITAT": "Yes", "SUBJECTMAT": null, "SUBJECTM_1": null, "SUBJECTM_2": null, "SUPPLIEDBY": null, "SUPPLIED_1": null, "SUPPLIED_2": null, "SUPPLIED_3": null, "SUPPLIED_4": null, "SCALE": 25000.0, "DEPTHUNITS": "Metres / Metres & Decimals", "SPATIALREF": 0.0, "VALIDATED": "Yes", "CHART_PREF": null, "CHART_NUMB": 0.0, "CHART_SUFF": null, "CHART_TYPE": null, "CHART_CORR": 0.0, "CHART_CO_1": 0.0, "CHART_REVI": null, "CHART_CANC": null, "CHART_INTN": 0.0, "CHART_MAIN": null, "CHART_GENE": null, "CHART_SPEC": null, "CHART_SP_1": null, "PANEL_CHAR": null, "PANEL_CH_1": 5608.0, "PANEL_CH_2": "_11", "PANEL_IDEN": "5608_11_0", "PANEL_MAIN": "Porthcawl to Nash Point", "PANEL_GENE": null, "PANEL_MULT": "No", "PANEL_SPEC": null, "PANEL_SP_1": null, "PUBLICAT_1": 0.0, "PUBLICAT_2": null, "PUBLICAT_3": null, "PUBLICAT_4": null, "PUBLICAT_5": null, "GBENC_CELL": null, "GBENC_EDIT": null, "GBENC_FILE": null, "GBENC_ISSU": null, "GBENC_NAVP": null, "GBENC_UPDA": null, "GBENC_UP_1": null, "STATUS": "ASSESS_CLOSED", "STATUS_OP": 27614, "STATUS_DAT": "2021-10-21T00:00:00", "GEO_ID": 2286804, "SHAPE_AREA": 0.0, "SHAPE_LEN": 0.0 }, "geometry": { "type": "Polygon", "coordinates": [ [ [ -3.75566686783344, 51.482002615167971 ], [ -3.553327298330316, 51.482002615167971 ], [ -3.553327298330316, 51.401665660832833 ], [ -3.551445383222699, 51.401669684168183 ], [ -3.551452424059534, 51.400005029169193 ], [ -3.553330315831829, 51.400006035003031 ], [ -3.553338362502501, 51.398336350834853 ], [ -3.755670891168791, 51.398332327499503 ], [ -3.75566686783344, 51.482002615167971 ] ] ] } },
{ "type": "Feature", "properties": { "SDOC_ID": 2433073, "SDOC_NAME": "5603_3_2 B Longships", "SOURCE_NAM": "RSDRA2023000058416", "SDT_ID": 1950, "SDT_NAME": "UKHO Chart - Panel", "DATUM": "D_WGS_1984", "CRS_ID": 432627, "CRS_PARAMS": "PROJCS[\"WGS84_Transverse_Mercator\",GEOGCS[\"GCS_WGS_1984\",DATUM[\"D_WGS_1984\",SPHEROID[\"WGS_1984\",6378137.0,298.257223563]],PRIMEM[\"Greenwich\",0.0],UNIT[\"Degree\",0.0174532925199433]],PROJECTION[\"Transverse_Mercator\"],PARAMETER[\"False_Easting\",0.0],PARAMETE", "PUBLICATIO": "2021-11-25T00:00:00", "RECEIPTDAT": "2023-02-28T00:00:00", "UKHOVERSIO": "Current Version", "PRODUCEDBY": "UK Hydrographic Office", "PRODUCED_1": null, "PRODUCED_2": null, "IPROWNER1": "UK Hydrographic Office", "PROTECTIVE": "UNCLASSIFIED", "AUTHORITAT": "Yes", "SUBJECTMAT": null, "SUBJECTM_1": null, "SUBJECTM_2": null, "SUPPLIEDBY": null, "SUPPLIED_1": null, "SUPPLIED_2": null, "SUPPLIED_3": null, "SUPPLIED_4": null, "SCALE": 15000.0, "DEPTHUNITS": "Metres / Metres & Decimals", "SPATIALREF": 0.0, "VALIDATED": "Yes", "CHART_PREF": null, "CHART_NUMB": 0.0, "CHART_SUFF": null, "CHART_TYPE": null, "CHART_CORR": 0.0, "CHART_CO_1": 0.0, "CHART_REVI": null, "CHART_CANC": null, "CHART_INTN": 0.0, "CHART_MAIN": null, "CHART_GENE": null, "CHART_SPEC": null, "CHART_SP_1": null, "PANEL_CHAR": null, "PANEL_CH_1": 5603.0, "PANEL_CH_2": "_3", "PANEL_IDEN": "5603_3_2", "PANEL_MAIN": "B Longships", "PANEL_GENE": null, "PANEL_MULT": "No", "PANEL_SPEC": null, "PANEL_SP_1": null, "PUBLICAT_1": 0.0, "PUBLICAT_2": null, "PUBLICAT_3": null, "PUBLICAT_4": null, "PUBLICAT_5": null, "GBENC_CELL": null, "GBENC_EDIT": null, "GBENC_FILE": null, "GBENC_ISSU": null, "GBENC_NAVP": null, "GBENC_UPDA": null, "GBENC_UP_1": null, "STATUS": "ASSESS_CLOSED", "STATUS_OP": 418, "STATUS_DAT": "2023-02-28T00:00:00", "GEO_ID": 2295999, "SHAPE_AREA": 0.0, "SHAPE_LEN": 0.0 }, "geometry": { "type": "Polygon", "coordinates": [ [ [ -5.713339368336364, 50.076654596660632 ], [ -5.713346409173198, 50.06167370750353 ], [ -5.749989941661624, 50.06167370750353 ], [ -5.749996982498487, 50.076656608328307 ], [ -5.713339368336364, 50.076654596660632 ] ] ] } },
{ "type": "Feature", "properties": { "SDOC_ID": 2517302, "SDOC_NAME": "2345_5 E Longships", "SOURCE_NAM": "RSDRA2024000025476", "SDT_ID": 1950, "SDT_NAME": "UKHO Chart - Panel", "DATUM": "D_WGS_1984", "CRS_ID": 432627, "CRS_PARAMS": "PROJCS[\"WGS84_Transverse_Mercator\",GEOGCS[\"GCS_WGS_1984\",DATUM[\"D_WGS_1984\",SPHEROID[\"WGS_1984\",6378137.0,298.257223563]],PRIMEM[\"Greenwich\",0.0],UNIT[\"Degree\",0.0174532925199433]],PROJECTION[\"Transverse_Mercator\"],PARAMETER[\"False_Easting\",500000.0],PAR", "PUBLICATIO": "2017-07-13T00:00:00", "RECEIPTDAT": "2024-01-29T00:00:00", "UKHOVERSIO": "Current Version", "PRODUCEDBY": "UK Hydrographic Office", "PRODUCED_1": null, "PRODUCED_2": null, "IPROWNER1": "UK Hydrographic Office", "PROTECTIVE": "UNCLASSIFIED", "AUTHORITAT": "Yes", "SUBJECTMAT": null, "SUBJECTM_1": null, "SUBJECTM_2": null, "SUPPLIEDBY": null, "SUPPLIED_1": null, "SUPPLIED_2": null, "SUPPLIED_3": null, "SUPPLIED_4": null, "SCALE": 15000.0, "DEPTHUNITS": "Metres / Metres & Decimals", "SPATIALREF": 0.0, "VALIDATED": "Yes", "CHART_PREF": null, "CHART_NUMB": 0.0, "CHART_SUFF": null, "CHART_TYPE": null, "CHART_CORR": 0.0, "CHART_CO_1": 0.0, "CHART_REVI": null, "CHART_CANC": null, "CHART_INTN": 0.0, "CHART_MAIN": null, "CHART_GENE": null, "CHART_SPEC": null, "CHART_SP_1": null, "PANEL_CHAR": null, "PANEL_CH_1": 2345.0, "PANEL_CH_2": null, "PANEL_IDEN": "2345_5", "PANEL_MAIN": "E Longships", "PANEL_GENE": null, "PANEL_MULT": "No", "PANEL_SPEC": null, "PANEL_SP_1": null, "PUBLICAT_1": 0.0, "PUBLICAT_2": null, "PUBLICAT_3": null, "PUBLICAT_4": null, "PUBLICAT_5": null, "GBENC_CELL": null, "GBENC_EDIT": null, "GBENC_FILE": null, "GBENC_ISSU": null, "GBENC_NAVP": null, "GBENC_UPDA": null, "GBENC_UP_1": null, "STATUS": "ASSESS_CLOSED", "STATUS_OP": 29636, "STATUS_DAT": "2024-01-29T00:00:00", "GEO_ID": 1878853, "SHAPE_AREA": 0.0, "SHAPE_LEN": 0.0 }, "geometry": { "type": "Polygon", "coordinates": [ [ [ -5.750136793401737, 50.05789981894992 ], [ -5.750138805069412, 50.083921746127544 ], [ -5.694324079662039, 50.083919734459869 ], [ -5.694324079662039, 50.057900824783758 ], [ -5.725887145443579, 50.057896801448408 ], [ -5.750136793401737, 50.05789981894992 ] ] ] } },
{ "type": "Feature", "properties": { "SDOC_ID": 2517303, "SDOC_NAME": "2345_6 F Runnel Stone", "SOURCE_NAM": "RSDRA2024000025477", "SDT_ID": 1950, "SDT_NAME": "UKHO Chart - Panel", "DATUM": "D_WGS_1984", "CRS_ID": 432627, "CRS_PARAMS": "PROJCS[\"WGS84_Transverse_Mercator\",GEOGCS[\"GCS_WGS_1984\",DATUM[\"D_WGS_1984\",SPHEROID[\"WGS_1984\",6378137.0,298.257223563]],PRIMEM[\"Greenwich\",0.0],UNIT[\"Degree\",0.0174532925199433]],PROJECTION[\"Transverse_Mercator\"],PARAMETER[\"False_Easting\",500000.0],PAR", "PUBLICATIO": "2017-07-13T00:00:00", "RECEIPTDAT": "2024-01-29T00:00:00", "UKHOVERSIO": "Current Version", "PRODUCEDBY": "UK Hydrographic Office", "PRODUCED_1": null, "PRODUCED_2": null, "IPROWNER1": "UK Hydrographic Office", "PROTECTIVE": "UNCLASSIFIED", "AUTHORITAT": "Yes", "SUBJECTMAT": null, "SUBJECTM_1": null, "SUBJECTM_2": null, "SUPPLIEDBY": null, "SUPPLIED_1": null, "SUPPLIED_2": null, "SUPPLIED_3": null, "SUPPLIED_4": null, "SCALE": 15000.0, "DEPTHUNITS": "Metres / Metres & Decimals", "SPATIALREF": 0.0, "VALIDATED": "Yes", "CHART_PREF": null, "CHART_NUMB": 0.0, "CHART_SUFF": null, "CHART_TYPE": null, "CHART_CORR": 0.0, "CHART_CO_1": 0.0, "CHART_REVI": null, "CHART_CANC": null, "CHART_INTN": 0.0, "CHART_MAIN": null, "CHART_GENE": null, "CHART_SPEC": null, "CHART_SP_1": null, "PANEL_CHAR": null, "PANEL_CH_1": 2345.0, "PANEL_CH_2": null, "PANEL_IDEN": "2345_6", "PANEL_MAIN": "F Runnel Stone", "PANEL_GENE": null, "PANEL_MULT": "No", "PANEL_SPEC": null, "PANEL_SP_1": null, "PUBLICAT_1": 0.0, "PUBLICAT_2": null, "PUBLICAT_3": null, "PUBLICAT_4": null, "PUBLICAT_5": null, "GBENC_CELL": null, "GBENC_EDIT": null, "GBENC_FILE": null, "GBENC_ISSU": null, "GBENC_NAVP": null, "GBENC_UPDA": null, "GBENC_UP_1": null, "STATUS": "ASSESS_CLOSED", "STATUS_OP": 29636, "STATUS_DAT": "2024-01-29T00:00:00", "GEO_ID": 1878854, "SHAPE_AREA": 0.0, "SHAPE_LEN": 0.0 }, "geometry": { "type": "Polygon", "coordinates": [ [ [ -5.6859877288272, 50.01859384429693 ], [ -5.685985717159525, 50.044616777308391 ], [ -5.637699658016487, 50.044617783142229 ], [ -5.637699658016487, 50.018592838463093 ], [ -5.666802454234556, 50.018588815127742 ], [ -5.6859877288272, 50.01859384429693 ] ] ] } },
{ "type": "Feature", "properties": { "SDOC_ID": 2517306, "SDOC_NAME": "2345_9 I Lizard Point", "SOURCE_NAM": "RSDRA2024000025480", "SDT_ID": 1950, "SDT_NAME": "UKHO Chart - Panel", "DATUM": "D_WGS_1984", "CRS_ID": 432627, "CRS_PARAMS": "PROJCS[\"WGS84_Transverse_Mercator\",GEOGCS[\"GCS_WGS_1984\",DATUM[\"D_WGS_1984\",SPHEROID[\"WGS_1984\",6378137.0,298.257223563]],PRIMEM[\"Greenwich\",0.0],UNIT[\"Degree\",0.0174532925199433]],PROJECTION[\"Transverse_Mercator\"],PARAMETER[\"False_Easting\",500000.0],PAR", "PUBLICATIO": "2017-07-13T00:00:00", "RECEIPTDAT": "2024-01-29T00:00:00", "UKHOVERSIO": "Current Version", "PRODUCEDBY": "UK Hydrographic Office", "PRODUCED_1": null, "PRODUCED_2": null, "IPROWNER1": "UK Hydrographic Office", "PROTECTIVE": "UNCLASSIFIED", "AUTHORITAT": "Yes", "SUBJECTMAT": null, "SUBJECTM_1": null, "SUBJECTM_2": null, "SUPPLIEDBY": null, "SUPPLIED_1": null, "SUPPLIED_2": null, "SUPPLIED_3": null, "SUPPLIED_4": null, "SCALE": 15000.0, "DEPTHUNITS": "Metres / Metres & Decimals", "SPATIALREF": 0.0, "VALIDATED": "Yes", "CHART_PREF": null, "CHART_NUMB": 0.0, "CHART_SUFF": null, "CHART_TYPE": null, "CHART_CORR": 0.0, "CHART_CO_1": 0.0, "CHART_REVI": null, "CHART_CANC": null, "CHART_INTN": 0.0, "CHART_MAIN": null, "CHART_GENE": null, "CHART_SPEC": null, "CHART_SP_1": null, "PANEL_CHAR": null, "PANEL_CH_1": 2345.0, "PANEL_CH_2": null, "PANEL_IDEN": "2345_9", "PANEL_MAIN": "I Lizard Point", "PANEL_GENE": null, "PANEL_MULT": "No", "PANEL_SPEC": null, "PANEL_SP_1": null, "PUBLICAT_1": 0.0, "PUBLICAT_2": null, "PUBLICAT_3": null, "PUBLICAT_4": null, "PUBLICAT_5": null, "GBENC_CELL": null, "GBENC_EDIT": null, "GBENC_FILE": null, "GBENC_ISSU": null, "GBENC_NAVP": null, "GBENC_UPDA": null, "GBENC_UP_1": null, "STATUS": "ASSESS_CLOSED", "STATUS_OP": 29636, "STATUS_DAT": "2024-01-29T00:00:00", "GEO_ID": 1878857, "SHAPE_AREA": 0.0, "SHAPE_LEN": 0.0 }, "geometry": { "type": "Polygon", "coordinates": [ [ [ -5.265642727821358, 49.937171595252465 ], [ -5.265637698652171, 49.979124924562456 ], [ -5.188973043653192, 49.979125930396293 ], [ -5.188969020317842, 49.997265137799246 ], [ -5.15938040635686, 49.997271172802243 ], [ -5.159379400523022, 49.937172601086303 ], [ -5.208440957553819, 49.937175618587816 ], [ -5.265642727821358, 49.937171595252465 ] ] ] } },
{ "type": "Feature", "properties": { "SDOC_ID": 2542696, "SDOC_NAME": "5603_5_1 A Newquay to Padstow", "SOURCE_NAM": "RSDRA2024000127504", "SDT_ID": 1950, "SDT_NAME": "UKHO Chart - Panel", "DATUM": "D_WGS_1984", "CRS_ID": 432612, "CRS_PARAMS": "PROJCS[\"WGS84_Mercator\",GEOGCS[\"GCS_WGS_1984\",DATUM[\"D_WGS_1984\",SPHEROID[\"WGS_1984\",6378137.0,298.257223563]],PRIMEM[\"Greenwich\",0.0],UNIT[\"Degree\",0.0174532925199433]],PROJECTION[\"Mercator\"],PARAMETER[\"False_Easting\",0.0],PARAMETER[\"False_Northing\",0.0", "PUBLICATIO": "2021-11-25T00:00:00", "RECEIPTDAT": "2024-05-01T00:00:00", "UKHOVERSIO": "Current Version", "PRODUCEDBY": "UK Hydrographic Office", "PRODUCED_1": null, "PRODUCED_2": null, "IPROWNER1": "UK Hydrographic Office", "PROTECTIVE": "UNCLASSIFIED", "AUTHORITAT": "Yes", "SUBJECTMAT": null, "SUBJECTM_1": null, "SUBJECTM_2": null, "SUPPLIEDBY": null, "SUPPLIED_1": null, "SUPPLIED_2": null, "SUPPLIED_3": null, "SUPPLIED_4": null, "SCALE": 75000.0, "DEPTHUNITS": "Metres / Metres & Decimals", "SPATIALREF": 0.0, "VALIDATED": "Yes", "CHART_PREF": null, "CHART_NUMB": 0.0, "CHART_SUFF": null, "CHART_TYPE": null, "CHART_CORR": 0.0, "CHART_CO_1": 0.0, "CHART_REVI": null, "CHART_CANC": null, "CHART_INTN": 0.0, "CHART_MAIN": null, "CHART_GENE": null, "CHART_SPEC": null, "CHART_SP_1": null, "PANEL_CHAR": null, "PANEL_CH_1": 5603.0, "PANEL_CH_2": "_5", "PANEL_IDEN": "5603_5_1", "PANEL_MAIN": "A Newquay to Padstow", "PANEL_GENE": null, "PANEL_MULT": "No", "PANEL_SPEC": null, "PANEL_SP_1": null, "PUBLICAT_1": 0.0, "PUBLICAT_2": null, "PUBLICAT_3": null, "PUBLICAT_4": null, "PUBLICAT_5": null, "GBENC_CELL": null, "GBENC_EDIT": null, "GBENC_FILE": null, "GBENC_ISSU": null, "GBENC_NAVP": null, "GBENC_UPDA": null, "GBENC_UP_1": null, "STATUS": "ASSESS_CLOSED", "STATUS_OP": 29637, "STATUS_DAT": "2024-05-01T00:00:00", "GEO_ID": 2296076, "SHAPE_AREA": 0.0, "SHAPE_LEN": 0.0 }, "geometry": { "type": "Polygon", "coordinates": [ [ [ -4.759757594045453, 50.640228324280827 ], [ -4.759758599879291, 50.581966405149871 ], [ -4.899868235767457, 50.581966405149871 ], [ -4.899875276604291, 50.496132568899611 ], [ -5.028412794206389, 50.496134580567286 ], [ -5.028415811707902, 50.387197746932202 ], [ -5.214231542949108, 50.387195735264527 ], [ -5.214221484610732, 50.640220277610126 ], [ -4.759757594045453, 50.640228324280827 ] ] ] } },
{ "type": "Feature", "properties": { "SDOC_ID": 2664523, "SDOC_NAME": "5608_6 Ilfracombe to Worms Head and Mumbles Head", "SOURCE_NAM": "RSDRA2025000332065", "SDT_ID": 1950, "SDT_NAME": "UKHO Chart - Panel", "DATUM": "D_WGS_1984", "CRS_ID": 432612, "CRS_PARAMS": "PROJCS[\"WGS84_Mercator\",GEOGCS[\"GCS_WGS_1984\",DATUM[\"D_WGS_1984\",SPHEROID[\"WGS_1984\",6378137.0,298.257223563]],PRIMEM[\"Greenwich\",0.0],UNIT[\"Degree\",0.0174532925199433]],PROJECTION[\"Mercator\"],PARAMETER[\"False_Easting\",0.0],PARAMETER[\"False_Northing\",0.0", "PUBLICATIO": "2025-07-03T00:00:00", "RECEIPTDAT": "2025-06-24T00:00:00", "UKHOVERSIO": "Current Version", "PRODUCEDBY": "UK Hydrographic Office", "PRODUCED_1": null, "PRODUCED_2": null, "IPROWNER1": "UK Hydrographic Office", "PROTECTIVE": "UNCLASSIFIED", "AUTHORITAT": "Yes", "SUBJECTMAT": null, "SUBJECTM_1": null, "SUBJECTM_2": null, "SUPPLIEDBY": null, "SUPPLIED_1": null, "SUPPLIED_2": null, "SUPPLIED_3": null, "SUPPLIED_4": null, "SCALE": 75000.0, "DEPTHUNITS": "Metres / Metres & Decimals", "SPATIALREF": 0.0, "VALIDATED": "Yes", "CHART_PREF": null, "CHART_NUMB": 0.0, "CHART_SUFF": null, "CHART_TYPE": null, "CHART_CORR": 0.0, "CHART_CO_1": 0.0, "CHART_REVI": null, "CHART_CANC": null, "CHART_INTN": 0.0, "CHART_MAIN": null, "CHART_GENE": null, "CHART_SPEC": null, "CHART_SP_1": null, "PANEL_CHAR": null, "PANEL_CH_1": 5608.0, "PANEL_CH_2": "_6", "PANEL_IDEN": "5608_6_0", "PANEL_MAIN": "Ilfracombe to Worms Head and Mumbles Head", "PANEL_GENE": null, "PANEL_MULT": "No", "PANEL_SPEC": null, "PANEL_SP_1": null, "PUBLICAT_1": 0.0, "PUBLICAT_2": null, "PUBLICAT_3": null, "PUBLICAT_4": null, "PUBLICAT_5": null, "GBENC_CELL": null, "GBENC_EDIT": null, "GBENC_FILE": null, "GBENC_ISSU": null, "GBENC_NAVP": null, "GBENC_UPDA": null, "GBENC_UP_1": null, "STATUS": "ASSESS_CLOSED", "STATUS_OP": 22743, "STATUS_DAT": "2025-06-24T00:00:00", "GEO_ID": 2644667, "SHAPE_AREA": 0.0, "SHAPE_LEN": 0.0 }, "geometry": { "type": "Polygon", "coordinates": [ [ [ -4.389667069000211, 51.207667471333735 ], [ -4.389667069000211, 51.516643532488445 ], [ -4.395326895996789, 51.516681754174215 ], [ -4.395339971836648, 51.533316234158121 ], [ -4.389642928988138, 51.533334339167169 ], [ -4.389667069000211, 51.572667471333745 ], [ -3.97716656608327, 51.572667471333745 ], [ -3.975188090927389, 51.573985113659234 ], [ -3.969586602293305, 51.573994166163743 ], [ -3.969593643130167, 51.550013075839871 ], [ -3.97716656608327, 51.550017099175221 ], [ -3.97716656608327, 51.207667471333735 ], [ -4.389667069000211, 51.207667471333735 ] ] ] } },
{ "type": "Feature", "properties": { "SDOC_ID": 2682550, "SDOC_NAME": "0032_1 A Continuation of Truro River", "SOURCE_NAM": "RSDRA2025000424441", "SDT_ID": 1950, "SDT_NAME": "UKHO Chart - Panel", "DATUM": "D_WGS_1984", "CRS_ID": 432627, "CRS_PARAMS": "PROJCS[\"WGS84_Transverse_Mercator\",GEOGCS[\"GCS_WGS_1984\",DATUM[\"D_WGS_1984\",SPHEROID[\"WGS_1984\",6378137.0,298.257223563]],PRIMEM[\"Greenwich\",0.0],UNIT[\"Degree\",0.0174532925199433]],PROJECTION[\"Transverse_Mercator\"],PARAMETER[\"False_Easting\",0.0],PARAMETE", "PUBLICATIO": "2025-03-27T00:00:00", "RECEIPTDAT": "2025-08-27T00:00:00", "UKHOVERSIO": "Current Version", "PRODUCEDBY": "UK Hydrographic Office", "PRODUCED_1": null, "PRODUCED_2": null, "IPROWNER1": "UK Hydrographic Office", "PROTECTIVE": "UNCLASSIFIED", "AUTHORITAT": "Yes", "SUBJECTMAT": null, "SUBJECTM_1": null, "SUBJECTM_2": null, "SUPPLIEDBY": null, "SUPPLIED_1": null, "SUPPLIED_2": null, "SUPPLIED_3": null, "SUPPLIED_4": null, "SCALE": 12500.0, "DEPTHUNITS": "Metres / Metres & Decimals", "SPATIALREF": 0.0, "VALIDATED": "Yes", "CHART_PREF": null, "CHART_NUMB": 0.0, "CHART_SUFF": null, "CHART_TYPE": null, "CHART_CORR": 0.0, "CHART_CO_1": 0.0, "CHART_REVI": null, "CHART_CANC": null, "CHART_INTN": 0.0, "CHART_MAIN": null, "CHART_GENE": null, "CHART_SPEC": null, "CHART_SP_1": null, "PANEL_CHAR": null, "PANEL_CH_1": 32.0, "PANEL_CH_2": null, "PANEL_IDEN": "0032_1", "PANEL_MAIN": "A Continuation of Truro River", "PANEL_GENE": null, "PANEL_MULT": "No", "PANEL_SPEC": null, "PANEL_SP_1": null, "PUBLICAT_1": 0.0, "PUBLICAT_2": null, "PUBLICAT_3": null, "PUBLICAT_4": null, "PUBLICAT_5": null, "GBENC_CELL": null, "GBENC_EDIT": null, "GBENC_FILE": null, "GBENC_ISSU": null, "GBENC_NAVP": null, "GBENC_UPDA": null, "GBENC_UP_1": null, "STATUS": "ASSESS_CLOSED", "STATUS_OP": 3512, "STATUS_DAT": "2025-08-27T00:00:00", "GEO_ID": 2613961, "SHAPE_AREA": 0.0, "SHAPE_LEN": 0.0 }, "geometry": { "type": "Polygon", "coordinates": [ [ [ -5.059405552202776, 50.264075638704497 ], [ -5.006048078857361, 50.264086702876682 ], [ -5.006052102192712, 50.250583383625013 ], [ -5.010278615972652, 50.247896801448405 ], [ -5.010281633474136, 50.23309193321262 ], [ -5.022568899617795, 50.233090927378811 ], [ -5.042208811104416, 50.244162140414403 ], [ -5.059412593039639, 50.244164152082078 ], [ -5.059405552202776, 50.264075638704497 ] ] ] } },
{ "type": "Feature", "properties": { "SDOC_ID": 2682852, "SDOC_NAME": "5602_3_1 A Saint Just Pool to Truro River", "SOURCE_NAM": "RSDRA2025000424750", "SDT_ID": 1950, "SDT_NAME": "UKHO Chart - Panel", "DATUM": "D_WGS_1984", "CRS_ID": 432627, "CRS_PARAMS": "PROJCS[\"WGS84_Transverse_Mercator\",GEOGCS[\"GCS_WGS_1984\",DATUM[\"D_WGS_1984\",SPHEROID[\"WGS_1984\",6378137.0,298.257223563]],PRIMEM[\"Greenwich\",0.0],UNIT[\"Degree\",0.0174532925199433]],PROJECTION[\"Transverse_Mercator\"],PARAMETER[\"False_Easting\",0.0],PARAMETE", "PUBLICATIO": "2025-06-26T00:00:00", "RECEIPTDAT": "2025-08-27T00:00:00", "UKHOVERSIO": "Current Version", "PRODUCEDBY": "UK Hydrographic Office", "PRODUCED_1": null, "PRODUCED_2": null, "IPROWNER1": "UK Hydrographic Office", "PROTECTIVE": "UNCLASSIFIED", "AUTHORITAT": "Yes", "SUBJECTMAT": null, "SUBJECTM_1": null, "SUBJECTM_2": null, "SUPPLIEDBY": null, "SUPPLIED_1": null, "SUPPLIED_2": null, "SUPPLIED_3": null, "SUPPLIED_4": null, "SCALE": 12500.0, "DEPTHUNITS": "Metres / Metres & Decimals", "SPATIALREF": 0.0, "VALIDATED": "Yes", "CHART_PREF": null, "CHART_NUMB": 0.0, "CHART_SUFF": null, "CHART_TYPE": null, "CHART_CORR": 0.0, "CHART_CO_1": 0.0, "CHART_REVI": null, "CHART_CANC": null, "CHART_INTN": 0.0, "CHART_MAIN": null, "CHART_GENE": null, "CHART_SPEC": null, "CHART_SP_1": null, "PANEL_CHAR": null, "PANEL_CH_1": 5602.0, "PANEL_CH_2": "_3", "PANEL_IDEN": "5602_3_1", "PANEL_MAIN": "A Saint Just Pool to Truro River", "PANEL_GENE": null, "PANEL_MULT": "No", "PANEL_SPEC": null, "PANEL_SP_1": null, "PUBLICAT_1": 0.0, "PUBLICAT_2": null, "PUBLICAT_3": null, "PUBLICAT_4": null, "PUBLICAT_5": null, "GBENC_CELL": null, "GBENC_EDIT": null, "GBENC_FILE": null, "GBENC_ISSU": null, "GBENC_NAVP": null, "GBENC_UPDA": null, "GBENC_UP_1": null, "STATUS": "ASSESS_CLOSED", "STATUS_OP": 3512, "STATUS_DAT": "2025-08-27T00:00:00", "GEO_ID": 2643036, "SHAPE_AREA": 0.0, "SHAPE_LEN": 0.0 }, "geometry": { "type": "Polygon", "coordinates": [ [ [ -5.081541943270963, 50.212692617179641 ], [ -5.064234560450615, 50.203261919130966 ], [ -5.047430094548389, 50.203263930798641 ], [ -5.039050492858593, 50.215253470126726 ], [ -5.039048481190918, 50.234582578957969 ], [ -5.025004023335356, 50.234587608127129 ], [ -5.025, 50.235191108428893 ], [ -5.014988935827802, 50.235189096761218 ], [ -5.014989941661639, 50.234588613960966 ], [ -5.013993160329903, 50.234588613960966 ], [ -5.013997183665253, 50.23166867833433 ], [ -5.013026554013265, 50.231669684168168 ], [ -5.013047676523826, 50.223333333333329 ], [ -5.013988131160744, 50.223334339167167 ], [ -5.013994166163741, 50.17322168577752 ], [ -5.081539931603288, 50.17322168577752 ], [ -5.081535908267966, 50.184571514785745 ], [ -5.0595473747737, 50.184574532287257 ], [ -5.059549386441347, 50.188544558438934 ], [ -5.063708509354257, 50.192978273989127 ], [ -5.081537919935613, 50.192981291490639 ], [ -5.081541943270963, 50.212692617179641 ] ] ] } },
{ "type": "Feature", "properties": { "SDOC_ID": 2703586, "SDOC_NAME": "1160_1 A Lynmouth", "SOURCE_NAM": "RSDRA2025000526271", "SDT_ID": 1950, "SDT_NAME": "UKHO Chart - Panel", "DATUM": "D_WGS_1984", "CRS_ID": 432627, "CRS_PARAMS": "PROJCS[\"WGS84_Transverse_Mercator\",GEOGCS[\"GCS_WGS_1984\",DATUM[\"D_WGS_1984\",SPHEROID[\"WGS_1984\",6378137.0,298.257223563]],PRIMEM[\"Greenwich\",0.0],UNIT[\"Degree\",0.0174532925199433]],PROJECTION[\"Transverse_Mercator\"],PARAMETER[\"False_Easting\",0.0],PARAMETE", "PUBLICATIO": "2025-11-13T00:00:00", "RECEIPTDAT": "2025-11-03T00:00:00", "UKHOVERSIO": "Current Version", "PRODUCEDBY": "UK Hydrographic Office", "PRODUCED_1": "RT1W", "PRODUCED_2": null, "IPROWNER1": "UK Hydrographic Office", "PROTECTIVE": "UNCLASSIFIED", "AUTHORITAT": "Yes", "SUBJECTMAT": null, "SUBJECTM_1": null, "SUBJECTM_2": null, "SUPPLIEDBY": null, "SUPPLIED_1": null, "SUPPLIED_2": null, "SUPPLIED_3": null, "SUPPLIED_4": null, "SCALE": 20000.0, "DEPTHUNITS": "Metres / Metres & Decimals", "SPATIALREF": 0.0, "VALIDATED": "Yes", "CHART_PREF": null, "CHART_NUMB": 0.0, "CHART_SUFF": null, "CHART_TYPE": null, "CHART_CORR": 0.0, "CHART_CO_1": 0.0, "CHART_REVI": null, "CHART_CANC": null, "CHART_INTN": 0.0, "CHART_MAIN": null, "CHART_GENE": null, "CHART_SPEC": null, "CHART_SP_1": null, "PANEL_CHAR": null, "PANEL_CH_1": 1160.0, "PANEL_CH_2": null, "PANEL_IDEN": "1160_1", "PANEL_MAIN": "A Lynmouth", "PANEL_GENE": null, "PANEL_MULT": "No", "PANEL_SPEC": null, "PANEL_SP_1": null, "PUBLICAT_1": 0.0, "PUBLICAT_2": null, "PUBLICAT_3": null, "PUBLICAT_4": null, "PUBLICAT_5": null, "GBENC_CELL": null, "GBENC_EDIT": null, "GBENC_FILE": null, "GBENC_ISSU": null, "GBENC_NAVP": null, "GBENC_UPDA": null, "GBENC_UP_1": null, "STATUS": "ASSESS_CLOSED", "STATUS_OP": 19734, "STATUS_DAT": "2025-11-03T00:00:00", "GEO_ID": 2683710, "SHAPE_AREA": 0.0, "SHAPE_LEN": 0.0 }, "geometry": { "type": "Polygon", "coordinates": [ [ [ -3.844667069000195, 51.227833433916715 ], [ -3.844667069000195, 51.262166566083295 ], [ -3.784500100583386, 51.262166566083295 ], [ -3.784500100583386, 51.227833433916715 ], [ -3.844667069000195, 51.227833433916715 ] ] ] } },
{ "type": "Feature", "properties": { "SDOC_ID": 2730977, "SDOC_NAME": "5602_6_3 C Eddystone Rocks", "SOURCE_NAM": "RSDRA2026000044774", "SDT_ID": 1950, "SDT_NAME": "UKHO Chart - Panel", "DATUM": "D_WGS_1984", "CRS_ID": 432627, "CRS_PARAMS": "PROJCS[\"WGS84_Transverse_Mercator\",GEOGCS[\"GCS_WGS_1984\",DATUM[\"D_WGS_1984\",SPHEROID[\"WGS_1984\",6378137.0,298.257223563]],PRIMEM[\"Greenwich\",0.0],UNIT[\"Degree\",0.0174532925199433]],PROJECTION[\"Transverse_Mercator\"],PARAMETER[\"False_Easting\",0.0],PARAMETE", "PUBLICATIO": "2025-07-03T00:00:00", "RECEIPTDAT": "2026-02-04T00:00:00", "UKHOVERSIO": "Current Version", "PRODUCEDBY": "UK Hydrographic Office", "PRODUCED_1": null, "PRODUCED_2": null, "IPROWNER1": "UK Hydrographic Office", "PROTECTIVE": "UNCLASSIFIED", "AUTHORITAT": "Yes", "SUBJECTMAT": null, "SUBJECTM_1": null, "SUBJECTM_2": null, "SUPPLIEDBY": null, "SUPPLIED_1": null, "SUPPLIED_2": null, "SUPPLIED_3": null, "SUPPLIED_4": null, "SCALE": 7500.0, "DEPTHUNITS": "Metres / Metres & Decimals", "SPATIALREF": 0.0, "VALIDATED": "Yes", "CHART_PREF": null, "CHART_NUMB": 0.0, "CHART_SUFF": null, "CHART_TYPE": null, "CHART_CORR": 0.0, "CHART_CO_1": 0.0, "CHART_REVI": null, "CHART_CANC": null, "CHART_INTN": 0.0, "CHART_MAIN": null, "CHART_GENE": null, "CHART_SPEC": null, "CHART_SP_1": null, "PANEL_CHAR": null, "PANEL_CH_1": 5602.0, "PANEL_CH_2": "_6", "PANEL_IDEN": "5602_6_3", "PANEL_MAIN": "C Eddystone Rocks", "PANEL_GENE": null, "PANEL_MULT": "No", "PANEL_SPEC": null, "PANEL_SP_1": null, "PUBLICAT_1": 0.0, "PUBLICAT_2": null, "PUBLICAT_3": null, "PUBLICAT_4": null, "PUBLICAT_5": null, "GBENC_CELL": null, "GBENC_EDIT": null, "GBENC_FILE": null, "GBENC_ISSU": null, "GBENC_NAVP": null, "GBENC_UPDA": null, "GBENC_UP_1": null, "STATUS": "ASSESS_CLOSED", "STATUS_OP": 8233, "STATUS_DAT": "2026-02-04T00:00:00", "GEO_ID": 2643799, "SHAPE_AREA": 0.0, "SHAPE_LEN": 0.0 }, "geometry": { "type": "Polygon", "coordinates": [ [ [ -4.274966807483395, 50.175583383625025 ], [ -4.274966807483395, 50.186733051699861 ], [ -4.256583182458257, 50.186733051699861 ], [ -4.256583182458257, 50.175583383625025 ], [ -4.274966807483395, 50.175583383625025 ] ] ] } },
{ "type": "Feature", "properties": { "SDOC_ID": 2740461, "SDOC_NAME": "5608_16_1 A Bristol Deep to King Road", "SOURCE_NAM": "RSDRA2026000087810", "SDT_ID": 1950, "SDT_NAME": "UKHO Chart - Panel", "DATUM": "D_WGS_1984", "CRS_ID": 432627, "CRS_PARAMS": "PROJCS[\"WGS84_Transverse_Mercator\",GEOGCS[\"GCS_WGS_1984\",DATUM[\"D_WGS_1984\",SPHEROID[\"WGS_1984\",6378137.0,298.257223563]],PRIMEM[\"Greenwich\",0.0],UNIT[\"Degree\",0.0174532925199433]],PROJECTION[\"Transverse_Mercator\"],PARAMETER[\"False_Easting\",0.0],PARAMETE", "PUBLICATIO": "2024-11-14T00:00:00", "RECEIPTDAT": "2026-03-06T00:00:00", "UKHOVERSIO": "Current Version", "PRODUCEDBY": "UK Hydrographic Office", "PRODUCED_1": null, "PRODUCED_2": null, "IPROWNER1": "UK Hydrographic Office", "PROTECTIVE": "UNCLASSIFIED", "AUTHORITAT": "Yes", "SUBJECTMAT": null, "SUBJECTM_1": null, "SUBJECTM_2": null, "SUPPLIEDBY": null, "SUPPLIED_1": null, "SUPPLIED_2": null, "SUPPLIED_3": null, "SUPPLIED_4": null, "SCALE": 40000.0, "DEPTHUNITS": "Metres / Metres & Decimals", "SPATIALREF": 0.0, "VALIDATED": "Yes", "CHART_PREF": null, "CHART_NUMB": 0.0, "CHART_SUFF": null, "CHART_TYPE": null, "CHART_CORR": 0.0, "CHART_CO_1": 0.0, "CHART_REVI": null, "CHART_CANC": null, "CHART_INTN": 0.0, "CHART_MAIN": null, "CHART_GENE": null, "CHART_SPEC": null, "CHART_SP_1": null, "PANEL_CHAR": null, "PANEL_CH_1": 5608.0, "PANEL_CH_2": "_16", "PANEL_IDEN": "5608_16_1", "PANEL_MAIN": "A Bristol Deep to King Road", "PANEL_GENE": null, "PANEL_MULT": "No", "PANEL_SPEC": null, "PANEL_SP_1": null, "PUBLICAT_1": 0.0, "PUBLICAT_2": null, "PUBLICAT_3": null, "PUBLICAT_4": null, "PUBLICAT_5": null, "GBENC_CELL": null, "GBENC_EDIT": null, "GBENC_FILE": null, "GBENC_ISSU": null, "GBENC_NAVP": null, "GBENC_UPDA": null, "GBENC_UP_1": null, "STATUS": "ASSESS_CLOSED", "STATUS_OP": 29636, "STATUS_DAT": "2026-03-06T00:00:00", "GEO_ID": 2579989, "SHAPE_AREA": 0.0, "SHAPE_LEN": 0.0 }, "geometry": { "type": "Polygon", "coordinates": [ [ [ -2.975, 51.35833333333332 ], [ -2.974987929993972, 51.446654596660636 ], [ -2.978239790786574, 51.446652584992961 ], [ -2.97829712331523, 51.463342385837848 ], [ -2.974980889157109, 51.463346409173198 ], [ -2.975, 51.554667069000203 ], [ -2.75333333333333, 51.554667069000203 ], [ -2.75333333333333, 51.35833333333332 ], [ -2.975, 51.35833333333332 ] ] ] } },
{ "type": "Feature", "properties": { "SDOC_ID": 2742581, "SDOC_NAME": "0154_0 Approaches to Falmouth", "SOURCE_NAM": "RSDRA2026000097419", "SDT_ID": 1950, "SDT_NAME": "UKHO Chart - Panel", "DATUM": "D_WGS_1984", "CRS_ID": 432627, "CRS_PARAMS": "PROJCS[\"WGS84_Transverse_Mercator\",GEOGCS[\"GCS_WGS_1984\",DATUM[\"D_WGS_1984\",SPHEROID[\"WGS_1984\",6378137.0,298.257223563]],PRIMEM[\"Greenwich\",0.0],UNIT[\"Degree\",0.0174532925199433]],PROJECTION[\"Transverse_Mercator\"],PARAMETER[\"False_Easting\",0.0],PARAMETE", "PUBLICATIO": "2021-01-14T00:00:00", "RECEIPTDAT": "2026-03-16T00:00:00", "UKHOVERSIO": "Current Version", "PRODUCEDBY": "UK Hydrographic Office", "PRODUCED_1": null, "PRODUCED_2": null, "IPROWNER1": "UK Hydrographic Office", "PROTECTIVE": "UNCLASSIFIED", "AUTHORITAT": "Yes", "SUBJECTMAT": null, "SUBJECTM_1": null, "SUBJECTM_2": null, "SUPPLIEDBY": null, "SUPPLIED_1": null, "SUPPLIED_2": null, "SUPPLIED_3": null, "SUPPLIED_4": null, "SCALE": 35000.0, "DEPTHUNITS": "Metres / Metres & Decimals", "SPATIALREF": 0.0, "VALIDATED": "Yes", "CHART_PREF": null, "CHART_NUMB": 0.0, "CHART_SUFF": null, "CHART_TYPE": null, "CHART_CORR": 0.0, "CHART_CO_1": 0.0, "CHART_REVI": null, "CHART_CANC": null, "CHART_INTN": 0.0, "CHART_MAIN": null, "CHART_GENE": null, "CHART_SPEC": null, "CHART_SP_1": null, "PANEL_CHAR": null, "PANEL_CH_1": 154.0, "PANEL_CH_2": null, "PANEL_IDEN": "0154_0", "PANEL_MAIN": "Approaches to Falmouth", "PANEL_GENE": null, "PANEL_MULT": "No", "PANEL_SPEC": "England - South Coast", "PANEL_SP_1": null, "PUBLICAT_1": 0.0, "PUBLICAT_2": null, "PUBLICAT_3": null, "PUBLICAT_4": null, "PUBLICAT_5": null, "GBENC_CELL": null, "GBENC_EDIT": null, "GBENC_FILE": null, "GBENC_ISSU": null, "GBENC_NAVP": null, "GBENC_UPDA": null, "GBENC_UP_1": null, "STATUS": "ASSESS_CLOSED", "STATUS_OP": 19592, "STATUS_DAT": "2026-03-16T00:00:00", "GEO_ID": 2213298, "SHAPE_AREA": 0.0, "SHAPE_LEN": 0.0 }, "geometry": { "type": "Polygon", "coordinates": [ [ [ -5.211043049688186, 50.217232951116472 ], [ -4.904082679541347, 50.21723798028566 ], [ -4.904120901227117, 49.908925769462883 ], [ -5.211058137195749, 49.908923757795208 ], [ -5.211043049688186, 50.217232951116472 ] ] ] } },
{ "type": "Feature", "properties": { "SDOC_ID": 2761592, "SDOC_NAME": "5608_7_0 Swansea Bay", "SOURCE_NAM": "RSDRA2026000191356", "SDT_ID": 1950, "SDT_NAME": "UKHO Chart - Panel", "DATUM": "D_WGS_1984", "CRS_ID": 432627, "CRS_PARAMS": "PROJCS[\"WGS84_Transverse_Mercator\",GEOGCS[\"GCS_WGS_1984\",DATUM[\"D_WGS_1984\",SPHEROID[\"WGS_1984\",6378137.0,298.257223563]],PRIMEM[\"Greenwich\",0.0],UNIT[\"Degree\",0.0174532925199433]],PROJECTION[\"Transverse_Mercator\"],PARAMETER[\"False_Easting\",0.0],PARAMETE", "PUBLICATIO": "2021-10-28T00:00:00", "RECEIPTDAT": "2026-05-19T00:00:00", "UKHOVERSIO": "Current Version", "PRODUCEDBY": "UK Hydrographic Office", "PRODUCED_1": null, "PRODUCED_2": null, "IPROWNER1": "UK Hydrographic Office", "PROTECTIVE": "UNCLASSIFIED", "AUTHORITAT": "Yes", "SUBJECTMAT": null, "SUBJECTM_1": null, "SUBJECTM_2": null, "SUPPLIEDBY": null, "SUPPLIED_1": null, "SUPPLIED_2": null, "SUPPLIED_3": null, "SUPPLIED_4": null, "SCALE": 25000.0, "DEPTHUNITS": "Metres / Metres & Decimals", "SPATIALREF": 0.0, "VALIDATED": "Yes", "CHART_PREF": null, "CHART_NUMB": 0.0, "CHART_SUFF": null, "CHART_TYPE": null, "CHART_CORR": 0.0, "CHART_CO_1": 0.0, "CHART_REVI": null, "CHART_CANC": null, "CHART_INTN": 0.0, "CHART_MAIN": null, "CHART_GENE": null, "CHART_SPEC": null, "CHART_SP_1": null, "PANEL_CHAR": null, "PANEL_CH_1": 5608.0, "PANEL_CH_2": "_7", "PANEL_IDEN": "5608_7_0", "PANEL_MAIN": "Swansea Bay", "PANEL_GENE": null, "PANEL_MULT": "No", "PANEL_SPEC": null, "PANEL_SP_1": null, "PUBLICAT_1": 0.0, "PUBLICAT_2": null, "PUBLICAT_3": null, "PUBLICAT_4": null, "PUBLICAT_5": null, "GBENC_CELL": null, "GBENC_EDIT": null, "GBENC_FILE": null, "GBENC_ISSU": null, "GBENC_NAVP": null, "GBENC_UPDA": null, "GBENC_UP_1": null, "STATUS": "ASSESS_CLOSED", "STATUS_OP": 3512, "STATUS_DAT": "2026-05-19T00:00:00", "GEO_ID": 2286645, "SHAPE_AREA": 0.0, "SHAPE_LEN": 0.0 }, "geometry": { "type": "Polygon", "coordinates": [ [ [ -3.796669684168165, 51.620835847917931 ], [ -3.796701870850939, 51.60001005833837 ], [ -3.79667169583584, 51.576676725005029 ], [ -3.794789780728223, 51.576673707503517 ], [ -3.79478676322671, 51.571671695835846 ], [ -3.796729028364524, 51.571671695835846 ], [ -3.79667169583584, 51.537167571917109 ], [ -3.999670086501709, 51.537166566083272 ], [ -3.999656004828012, 51.620826795413393 ], [ -3.796669684168165, 51.620835847917931 ] ] ] } },
{ "type": "Feature", "properties": { "SDOC_ID": 2769256, "SDOC_NAME": "0871_1 A River Tamar Cargreen to Calstock", "SOURCE_NAM": "RSDRA2026000231632", "SDT_ID": 1950, "SDT_NAME": "UKHO Chart - Panel", "DATUM": "D_WGS_1984", "CRS_ID": 432627, "CRS_PARAMS": "PROJCS[\"WGS84_Transverse_Mercator\",GEOGCS[\"GCS_WGS_1984\",DATUM[\"D_WGS_1984\",SPHEROID[\"WGS_1984\",6378137.0,298.257223563]],PRIMEM[\"Greenwich\",0.0],UNIT[\"Degree\",0.0174532925199433]],PROJECTION[\"Transverse_Mercator\"],PARAMETER[\"False_Easting\",0.0],PARAMETE", "PUBLICATIO": "2023-02-09T00:00:00", "RECEIPTDAT": "2026-06-15T00:00:00", "UKHOVERSIO": "Current Version", "PRODUCEDBY": "UK Hydrographic Office", "PRODUCED_1": null, "PRODUCED_2": null, "IPROWNER1": "UK Hydrographic Office", "PROTECTIVE": "UNCLASSIFIED", "AUTHORITAT": "Yes", "SUBJECTMAT": null, "SUBJECTM_1": null, "SUBJECTM_2": null, "SUPPLIEDBY": null, "SUPPLIED_1": null, "SUPPLIED_2": null, "SUPPLIED_3": null, "SUPPLIED_4": null, "SCALE": 12500.0, "DEPTHUNITS": "Metres / Metres & Decimals", "SPATIALREF": 0.0, "VALIDATED": "Yes", "CHART_PREF": null, "CHART_NUMB": 0.0, "CHART_SUFF": null, "CHART_TYPE": null, "CHART_CORR": 0.0, "CHART_CO_1": 0.0, "CHART_REVI": null, "CHART_CANC": null, "CHART_INTN": 0.0, "CHART_MAIN": null, "CHART_GENE": null, "CHART_SPEC": null, "CHART_SP_1": null, "PANEL_CHAR": null, "PANEL_CH_1": 871.0, "PANEL_CH_2": null, "PANEL_IDEN": "0871_1", "PANEL_MAIN": "A River Tamar Cargreen to Calstock", "PANEL_GENE": null, "PANEL_MULT": "No", "PANEL_SPEC": null, "PANEL_SP_1": null, "PUBLICAT_1": 0.0, "PUBLICAT_2": null, "PUBLICAT_3": null, "PUBLICAT_4": null, "PUBLICAT_5": null, "GBENC_CELL": null, "GBENC_EDIT": null, "GBENC_FILE": null, "GBENC_ISSU": null, "GBENC_NAVP": null, "GBENC_UPDA": null, "GBENC_UP_1": null, "STATUS": "ASSESS_CLOSED", "STATUS_OP": 3512, "STATUS_DAT": "2026-06-15T00:00:00", "GEO_ID": 2486094, "SHAPE_AREA": 0.0, "SHAPE_LEN": 0.0 }, "geometry": { "type": "Polygon", "coordinates": [ [ [ -4.254464896399128, 50.441834640917307 ], [ -4.254467913900612, 50.499556427278208 ], [ -4.196088312210833, 50.49955542144437 ], [ -4.196078253872457, 50.441833635083498 ], [ -4.254464896399128, 50.441834640917307 ] ] ] } },
{ "type": "Feature", "properties": { "SDOC_ID": 2769257, "SDOC_NAME": "0871_2 B River Tamar Calstock to Gunnislake", "SOURCE_NAM": "RSDRA2026000231633", "SDT_ID": 1950, "SDT_NAME": "UKHO Chart - Panel", "DATUM": "D_WGS_1984", "CRS_ID": 432627, "CRS_PARAMS": "PROJCS[\"WGS84_Transverse_Mercator\",GEOGCS[\"GCS_WGS_1984\",DATUM[\"D_WGS_1984\",SPHEROID[\"WGS_1984\",6378137.0,298.257223563]],PRIMEM[\"Greenwich\",0.0],UNIT[\"Degree\",0.0174532925199433]],PROJECTION[\"Transverse_Mercator\"],PARAMETER[\"False_Easting\",0.0],PARAMETE", "PUBLICATIO": "2023-02-09T00:00:00", "RECEIPTDAT": "2026-06-15T00:00:00", "UKHOVERSIO": "Current Version", "PRODUCEDBY": "UK Hydrographic Office", "PRODUCED_1": null, "PRODUCED_2": null, "IPROWNER1": "UK Hydrographic Office", "PROTECTIVE": "UNCLASSIFIED", "AUTHORITAT": "Yes", "SUBJECTMAT": null, "SUBJECTM_1": null, "SUBJECTM_2": null, "SUPPLIEDBY": null, "SUPPLIED_1": null, "SUPPLIED_2": null, "SUPPLIED_3": null, "SUPPLIED_4": null, "SCALE": 20000.0, "DEPTHUNITS": "Metres / Metres & Decimals", "SPATIALREF": 0.0, "VALIDATED": "Yes", "CHART_PREF": null, "CHART_NUMB": 0.0, "CHART_SUFF": null, "CHART_TYPE": null, "CHART_CORR": 0.0, "CHART_CO_1": 0.0, "CHART_REVI": null, "CHART_CANC": null, "CHART_INTN": 0.0, "CHART_MAIN": null, "CHART_GENE": null, "CHART_SPEC": null, "CHART_SP_1": null, "PANEL_CHAR": null, "PANEL_CH_1": 871.0, "PANEL_CH_2": null, "PANEL_IDEN": "0871_2", "PANEL_MAIN": "B River Tamar Calstock to Gunnislake", "PANEL_GENE": null, "PANEL_MULT": "No", "PANEL_SPEC": null, "PANEL_SP_1": null, "PUBLICAT_1": 0.0, "PUBLICAT_2": null, "PUBLICAT_3": null, "PUBLICAT_4": null, "PUBLICAT_5": null, "GBENC_CELL": null, "GBENC_EDIT": null, "GBENC_FILE": null, "GBENC_ISSU": null, "GBENC_NAVP": null, "GBENC_UPDA": null, "GBENC_UP_1": null, "STATUS": "ASSESS_CLOSED", "STATUS_OP": 3512, "STATUS_DAT": "2026-06-15T00:00:00", "GEO_ID": 2486095, "SHAPE_AREA": 0.0, "SHAPE_LEN": 0.0 }, "geometry": { "type": "Polygon", "coordinates": [ [ [ -4.215638704486025, 50.491053108026563 ], [ -4.215632669483, 50.532409977871652 ], [ -4.178997183665246, 50.532410983705489 ], [ -4.178989136994574, 50.491055119694238 ], [ -4.215638704486025, 50.491053108026563 ] ] ] } },
{ "type": "Feature", "properties": { "SDOC_ID": 2769258, "SDOC_NAME": "0871_3 C River Lynher", "SOURCE_NAM": "RSDRA2026000231634", "SDT_ID": 1950, "SDT_NAME": "UKHO Chart - Panel", "DATUM": "D_WGS_1984", "CRS_ID": 432627, "CRS_PARAMS": "PROJCS[\"WGS84_Transverse_Mercator\",GEOGCS[\"GCS_WGS_1984\",DATUM[\"D_WGS_1984\",SPHEROID[\"WGS_1984\",6378137.0,298.257223563]],PRIMEM[\"Greenwich\",0.0],UNIT[\"Degree\",0.0174532925199433]],PROJECTION[\"Transverse_Mercator\"],PARAMETER[\"False_Easting\",0.0],PARAMETE", "PUBLICATIO": "2023-02-09T00:00:00", "RECEIPTDAT": "2026-06-15T00:00:00", "UKHOVERSIO": "Current Version", "PRODUCEDBY": "UK Hydrographic Office", "PRODUCED_1": null, "PRODUCED_2": null, "IPROWNER1": "UK Hydrographic Office", "PROTECTIVE": "UNCLASSIFIED", "AUTHORITAT": "Yes", "SUBJECTMAT": null, "SUBJECTM_1": null, "SUBJECTM_2": null, "SUPPLIEDBY": null, "SUPPLIED_1": null, "SUPPLIED_2": null, "SUPPLIED_3": null, "SUPPLIED_4": null, "SCALE": 20000.0, "DEPTHUNITS": "Metres / Metres & Decimals", "SPATIALREF": 0.0, "VALIDATED": "Yes", "CHART_PREF": null, "CHART_NUMB": 0.0, "CHART_SUFF": null, "CHART_TYPE": null, "CHART_CORR": 0.0, "CHART_CO_1": 0.0, "CHART_REVI": null, "CHART_CANC": null, "CHART_INTN": 0.0, "CHART_MAIN": null, "CHART_GENE": null, "CHART_SPEC": null, "CHART_SP_1": null, "PANEL_CHAR": null, "PANEL_CH_1": 871.0, "PANEL_CH_2": null, "PANEL_IDEN": "0871_3", "PANEL_MAIN": "C River Lynher", "PANEL_GENE": null, "PANEL_MULT": "No", "PANEL_SPEC": null, "PANEL_SP_1": null, "PUBLICAT_1": 0.0, "PUBLICAT_2": null, "PUBLICAT_3": null, "PUBLICAT_4": null, "PUBLICAT_5": null, "GBENC_CELL": null, "GBENC_EDIT": null, "GBENC_FILE": null, "GBENC_ISSU": null, "GBENC_NAVP": null, "GBENC_UPDA": null, "GBENC_UP_1": null, "STATUS": "ASSESS_CLOSED", "STATUS_OP": 3512, "STATUS_DAT": "2026-06-15T00:00:00", "GEO_ID": 2486096, "SHAPE_AREA": 0.0, "SHAPE_LEN": 0.0 }, "geometry": { "type": "Polygon", "coordinates": [ [ [ -4.335794608730652, 50.37406859786762 ], [ -4.335776503721576, 50.417226916113464 ], [ -4.279455843894596, 50.417229933614976 ], [ -4.279451820559245, 50.425554214443764 ], [ -4.268325286662645, 50.425570307785165 ], [ -4.268314222490432, 50.374069603701457 ], [ -4.335794608730652, 50.37406859786762 ] ] ] } },
{ "type": "Feature", "properties": { "SDOC_ID": 2769304, "SDOC_NAME": "5602_19_1 A River Tamar", "SOURCE_NAM": "RSDRA2026000231679", "SDT_ID": 1950, "SDT_NAME": "UKHO Chart - Panel", "DATUM": "D_WGS_1984", "CRS_ID": 432627, "CRS_PARAMS": "PROJCS[\"WGS84_Transverse_Mercator\",GEOGCS[\"GCS_WGS_1984\",DATUM[\"D_WGS_1984\",SPHEROID[\"WGS_1984\",6378137.0,298.257223563]],PRIMEM[\"Greenwich\",0.0],UNIT[\"Degree\",0.0174532925199433]],PROJECTION[\"Transverse_Mercator\"],PARAMETER[\"False_Easting\",0.0],PARAMETE", "PUBLICATIO": "2023-05-11T00:00:00", "RECEIPTDAT": "2026-06-15T00:00:00", "UKHOVERSIO": "Current Version", "PRODUCEDBY": "UK Hydrographic Office", "PRODUCED_1": null, "PRODUCED_2": null, "IPROWNER1": "UK Hydrographic Office", "PROTECTIVE": "UNCLASSIFIED", "AUTHORITAT": "Yes", "SUBJECTMAT": null, "SUBJECTM_1": null, "SUBJECTM_2": null, "SUPPLIEDBY": null, "SUPPLIED_1": null, "SUPPLIED_2": null, "SUPPLIED_3": null, "SUPPLIED_4": null, "SCALE": 12500.0, "DEPTHUNITS": "Metres / Metres & Decimals", "SPATIALREF": 0.0, "VALIDATED": "Yes", "CHART_PREF": null, "CHART_NUMB": 0.0, "CHART_SUFF": null, "CHART_TYPE": null, "CHART_CORR": 0.0, "CHART_CO_1": 0.0, "CHART_REVI": null, "CHART_CANC": null, "CHART_INTN": 0.0, "CHART_MAIN": null, "CHART_GENE": null, "CHART_SPEC": null, "CHART_SP_1": null, "PANEL_CHAR": null, "PANEL_CH_1": 5602.0, "PANEL_CH_2": "_19", "PANEL_IDEN": "5602_19_1", "PANEL_MAIN": "A River Tamar", "PANEL_GENE": null, "PANEL_MULT": "No", "PANEL_SPEC": null, "PANEL_SP_1": null, "PUBLICAT_1": 0.0, "PUBLICAT_2": null, "PUBLICAT_3": null, "PUBLICAT_4": null, "PUBLICAT_5": null, "GBENC_CELL": null, "GBENC_EDIT": null, "GBENC_FILE": null, "GBENC_ISSU": null, "GBENC_NAVP": null, "GBENC_UPDA": null, "GBENC_UP_1": null, "STATUS": "ASSESS_CLOSED", "STATUS_OP": 3512, "STATUS_DAT": "2026-06-15T00:00:00", "GEO_ID": 2429221, "SHAPE_AREA": 0.0, "SHAPE_LEN": 0.0 }, "geometry": { "type": "Polygon", "coordinates": [ [ [ -4.217924964795827, 50.392495473747744 ], [ -4.217916918125127, 50.43430195131765 ], [ -4.182392878696447, 50.43430195131765 ], [ -4.182401931200957, 50.39250150875074 ], [ -4.217924964795827, 50.392495473747744 ] ] ] } },
{ "type": "Feature", "properties": { "SDOC_ID": 2771213, "SDOC_NAME": "1902_1 Continuation to Ernesettle Pier", "SOURCE_NAM": "RSDRA2026000242680", "SDT_ID": 1950, "SDT_NAME": "UKHO Chart - Panel", "DATUM": "D_WGS_1984", "CRS_ID": 432627, "CRS_PARAMS": "PROJCS[\"WGS84_Transverse_Mercator\",GEOGCS[\"GCS_WGS_1984\",DATUM[\"D_WGS_1984\",SPHEROID[\"WGS_1984\",6378137.0,298.257223563]],PRIMEM[\"Greenwich\",0.0],UNIT[\"Degree\",0.0174532925199433]],PROJECTION[\"Transverse_Mercator\"],PARAMETER[\"False_Easting\",0.0],PARAMETE", "PUBLICATIO": "2023-02-09T00:00:00", "RECEIPTDAT": "2026-06-19T00:00:00", "UKHOVERSIO": "Current Version", "PRODUCEDBY": "UK Hydrographic Office", "PRODUCED_1": null, "PRODUCED_2": null, "IPROWNER1": "UK Hydrographic Office", "PROTECTIVE": "UNCLASSIFIED", "AUTHORITAT": "Yes", "SUBJECTMAT": null, "SUBJECTM_1": null, "SUBJECTM_2": null, "SUPPLIEDBY": null, "SUPPLIED_1": null, "SUPPLIED_2": null, "SUPPLIED_3": null, "SUPPLIED_4": null, "SCALE": 5000.0, "DEPTHUNITS": "Metres / Metres & Decimals", "SPATIALREF": 0.0, "VALIDATED": "Yes", "CHART_PREF": null, "CHART_NUMB": 0.0, "CHART_SUFF": null, "CHART_TYPE": null, "CHART_CORR": 0.0, "CHART_CO_1": 0.0, "CHART_REVI": null, "CHART_CANC": null, "CHART_INTN": 0.0, "CHART_MAIN": null, "CHART_GENE": null, "CHART_SPEC": null, "CHART_SP_1": null, "PANEL_CHAR": null, "PANEL_CH_1": 1902.0, "PANEL_CH_2": null, "PANEL_IDEN": "1902_1", "PANEL_MAIN": "Continuation to Ernesettle Pier", "PANEL_GENE": null, "PANEL_MULT": "No", "PANEL_SPEC": null, "PANEL_SP_1": null, "PUBLICAT_1": 0.0, "PUBLICAT_2": null, "PUBLICAT_3": null, "PUBLICAT_4": null, "PUBLICAT_5": null, "GBENC_CELL": null, "GBENC_EDIT": null, "GBENC_FILE": null, "GBENC_ISSU": null, "GBENC_NAVP": null, "GBENC_UPDA": null, "GBENC_UP_1": null, "STATUS": "ASSESS_CLOSED", "STATUS_OP": 20300, "STATUS_DAT": "2026-06-19T00:00:00", "GEO_ID": 2406111, "SHAPE_AREA": 0.0, "SHAPE_LEN": 0.0 }, "geometry": { "type": "Polygon", "coordinates": [ [ [ -4.212805270569305, 50.397233956950316 ], [ -4.212804264735468, 50.412732850533104 ], [ -4.198336350834836, 50.412732850533104 ], [ -4.198334339167161, 50.397234962784154 ], [ -4.212805270569305, 50.397233956950316 ] ] ] } },
{ "type": "Feature", "properties": { "SDOC_ID": 2772787, "SDOC_NAME": "5608_4_1 A Hartland Point to Lundy and Ilfracombe", "SOURCE_NAM": "RSDRA2026000248320", "SDT_ID": 1950, "SDT_NAME": "UKHO Chart - Panel", "DATUM": "D_WGS_1984", "CRS_ID": 432612, "CRS_PARAMS": "PROJCS[\"WGS84_Mercator\",GEOGCS[\"GCS_WGS_1984\",DATUM[\"D_WGS_1984\",SPHEROID[\"WGS_1984\",6378137.0,298.257223563]],PRIMEM[\"Greenwich\",0.0],UNIT[\"Degree\",0.0174532925199433]],PROJECTION[\"Mercator\"],PARAMETER[\"False_Easting\",0.0],PARAMETER[\"False_Northing\",0.0", "PUBLICATIO": "2026-01-08T00:00:00", "RECEIPTDAT": "2026-06-23T00:00:00", "UKHOVERSIO": "Current Version", "PRODUCEDBY": "UK Hydrographic Office", "PRODUCED_1": null, "PRODUCED_2": null, "IPROWNER1": "UK Hydrographic Office", "PROTECTIVE": "UNCLASSIFIED", "AUTHORITAT": "Yes", "SUBJECTMAT": null, "SUBJECTM_1": null, "SUBJECTM_2": null, "SUPPLIEDBY": null, "SUPPLIED_1": null, "SUPPLIED_2": null, "SUPPLIED_3": null, "SUPPLIED_4": null, "SCALE": 75000.0, "DEPTHUNITS": "Metres / Metres & Decimals", "SPATIALREF": 0.0, "VALIDATED": "Yes", "CHART_PREF": null, "CHART_NUMB": 0.0, "CHART_SUFF": null, "CHART_TYPE": null, "CHART_CORR": 0.0, "CHART_CO_1": 0.0, "CHART_REVI": null, "CHART_CANC": null, "CHART_INTN": 0.0, "CHART_MAIN": null, "CHART_GENE": null, "CHART_SPEC": null, "CHART_SP_1": null, "PANEL_CHAR": null, "PANEL_CH_1": 5608.0, "PANEL_CH_2": "_4", "PANEL_IDEN": "5608_4_1", "PANEL_MAIN": "A Hartland Point to Lundy and Ilfracombe", "PANEL_GENE": null, "PANEL_MULT": "No", "PANEL_SPEC": null, "PANEL_SP_1": null, "PUBLICAT_1": 0.0, "PUBLICAT_2": null, "PUBLICAT_3": null, "PUBLICAT_4": null, "PUBLICAT_5": null, "GBENC_CELL": null, "GBENC_EDIT": null, "GBENC_FILE": null, "GBENC_ISSU": null, "GBENC_NAVP": null, "GBENC_UPDA": null, "GBENC_UP_1": null, "STATUS": "ASSESS_CLOSED", "STATUS_OP": 3512, "STATUS_DAT": "2026-06-23T00:00:00", "GEO_ID": 2698735, "SHAPE_AREA": 0.0, "SHAPE_LEN": 0.0 }, "geometry": { "type": "Polygon", "coordinates": [ [ [ -4.660337960168988, 51.243184469925581 ], [ -4.225136793401731, 51.243181452424068 ], [ -4.225168980084476, 51.247912894789778 ], [ -4.199990947495479, 51.247912894789778 ], [ -4.199980889157104, 51.243143230738269 ], [ -4.058678334339163, 51.243149265741295 ], [ -4.05860792597062, 51.186837658418824 ], [ -4.212262120297737, 51.186821565077452 ], [ -4.212209816938241, 50.993001408167373 ], [ -4.316670690002013, 50.993004425668886 ], [ -4.316651579159128, 50.988175417421047 ], [ -4.383366525849937, 50.988226714946677 ], [ -4.383358479179236, 50.99299034399516 ], [ -4.660340977670501, 50.992998390665861 ], [ -4.660334942667475, 51.149992959163143 ], [ -4.667875678937833, 51.149986924160117 ], [ -4.667899818949905, 51.200001005833826 ], [ -4.660304767652377, 51.200025145845899 ], [ -4.660337960168988, 51.243184469925581 ] ] ] } },
{ "type": "Feature", "properties": { "SDOC_ID": 2775222, "SDOC_NAME": "5608_19_1 A Avonmouth Bridge to Sea Mills Creek", "SOURCE_NAM": "RSDRA2026000267053", "SDT_ID": 1950, "SDT_NAME": "UKHO Chart - Panel", "DATUM": "D_WGS_1984", "CRS_ID": 432627, "CRS_PARAMS": "PROJCS[\"WGS84_Transverse_Mercator\",GEOGCS[\"GCS_WGS_1984\",DATUM[\"D_WGS_1984\",SPHEROID[\"WGS_1984\",6378137.0,298.257223563]],PRIMEM[\"Greenwich\",0.0],UNIT[\"Degree\",0.0174532925199433]],PROJECTION[\"Transverse_Mercator\"],PARAMETER[\"False_Easting\",0.0],PARAMETE", "PUBLICATIO": "2026-07-09T00:00:00", "RECEIPTDAT": "2026-07-01T00:00:00", "UKHOVERSIO": "Current Version", "PRODUCEDBY": "UK Hydrographic Office", "PRODUCED_1": null, "PRODUCED_2": null, "IPROWNER1": "UK Hydrographic Office", "PROTECTIVE": "UNCLASSIFIED", "AUTHORITAT": "Yes", "SUBJECTMAT": null, "SUBJECTM_1": null, "SUBJECTM_2": null, "SUPPLIEDBY": null, "SUPPLIED_1": null, "SUPPLIED_2": null, "SUPPLIED_3": null, "SUPPLIED_4": null, "SCALE": 10000.0, "DEPTHUNITS": "Metres / Metres & Decimals", "SPATIALREF": 0.0, "VALIDATED": "Yes", "CHART_PREF": null, "CHART_NUMB": 0.0, "CHART_SUFF": null, "CHART_TYPE": null, "CHART_CORR": 0.0, "CHART_CO_1": 0.0, "CHART_REVI": null, "CHART_CANC": null, "CHART_INTN": 0.0, "CHART_MAIN": null, "CHART_GENE": null, "CHART_SPEC": null, "CHART_SP_1": null, "PANEL_CHAR": null, "PANEL_CH_1": 5608.0, "PANEL_CH_2": "_19", "PANEL_IDEN": "5608_19_1", "PANEL_MAIN": "A Avonmouth Bridge to Sea Mills Creek", "PANEL_GENE": null, "PANEL_MULT": "No", "PANEL_SPEC": null, "PANEL_SP_1": null, "PUBLICAT_1": 0.0, "PUBLICAT_2": null, "PUBLICAT_3": null, "PUBLICAT_4": null, "PUBLICAT_5": null, "GBENC_CELL": null, "GBENC_EDIT": null, "GBENC_FILE": null, "GBENC_ISSU": null, "GBENC_NAVP": null, "GBENC_UPDA": null, "GBENC_UP_1": null, "STATUS": "ASSESS_CLOSED", "STATUS_OP": 26334, "STATUS_DAT": "2026-07-01T00:00:00", "GEO_ID": 2755304, "SHAPE_AREA": 0.0, "SHAPE_LEN": 0.0 }, "geometry": { "type": "Polygon", "coordinates": [ [ [ -2.649567491450426, 51.492133373566674 ], [ -2.649567491450426, 51.477699658016491 ], [ -2.693333333333328, 51.477699658016491 ], [ -2.693333333333328, 51.486666666666679 ], [ -2.694089720378201, 51.486666666666679 ], [ -2.694091732045877, 51.49 ], [ -2.693333333333328, 51.49 ], [ -2.693333333333328, 51.492133373566674 ], [ -2.649567491450426, 51.492133373566674 ] ] ] } },
{ "type": "Feature", "properties": { "SDOC_ID": 2778411, "SDOC_NAME": "1166_2 B Severn Bridge to Sharpness", "SOURCE_NAM": "RSDRA2026000278547", "SDT_ID": 1950, "SDT_NAME": "UKHO Chart - Panel", "DATUM": "D_WGS_1984", "CRS_ID": 432627, "CRS_PARAMS": "PROJCS[\"WGS84_Transverse_Mercator\",GEOGCS[\"GCS_WGS_1984\",DATUM[\"D_WGS_1984\",SPHEROID[\"WGS_1984\",6378137.0,298.257223563]],PRIMEM[\"Greenwich\",0.0],UNIT[\"Degree\",0.0174532925199433]],PROJECTION[\"Transverse_Mercator\"],PARAMETER[\"False_Easting\",0.0],PARAMETE", "PUBLICATIO": "2026-07-09T00:00:00", "RECEIPTDAT": "2026-07-14T00:00:00", "UKHOVERSIO": "Current Version", "PRODUCEDBY": "UK Hydrographic Office", "PRODUCED_1": null, "PRODUCED_2": null, "IPROWNER1": "UK Hydrographic Office", "PROTECTIVE": "UNCLASSIFIED", "AUTHORITAT": "Yes", "SUBJECTMAT": null, "SUBJECTM_1": null, "SUBJECTM_2": null, "SUPPLIEDBY": null, "SUPPLIED_1": null, "SUPPLIED_2": null, "SUPPLIED_3": null, "SUPPLIED_4": null, "SCALE": 25000.0, "DEPTHUNITS": "Metres / Metres & Decimals", "SPATIALREF": 0.0, "VALIDATED": "Yes", "CHART_PREF": null, "CHART_NUMB": 0.0, "CHART_SUFF": null, "CHART_TYPE": null, "CHART_CORR": 0.0, "CHART_CO_1": 0.0, "CHART_REVI": null, "CHART_CANC": null, "CHART_INTN": 0.0, "CHART_MAIN": null, "CHART_GENE": null, "CHART_SPEC": null, "CHART_SP_1": null, "PANEL_CHAR": null, "PANEL_CH_1": 1166.0, "PANEL_CH_2": null, "PANEL_IDEN": "1166_2", "PANEL_MAIN": "B Severn Bridge to Sharpness", "PANEL_GENE": null, "PANEL_MULT": "No", "PANEL_SPEC": null, "PANEL_SP_1": null, "PUBLICAT_1": 0.0, "PUBLICAT_2": null, "PUBLICAT_3": null, "PUBLICAT_4": null, "PUBLICAT_5": null, "GBENC_CELL": null, "GBENC_EDIT": null, "GBENC_FILE": null, "GBENC_ISSU": null, "GBENC_NAVP": null, "GBENC_UPDA": null, "GBENC_UP_1": null, "STATUS": "ASSESS_CLOSED", "STATUS_OP": 19592, "STATUS_DAT": "2026-07-14T00:00:00", "GEO_ID": 2754080, "SHAPE_AREA": 0.0, "SHAPE_LEN": 0.0 }, "geometry": { "type": "Polygon", "coordinates": [ [ [ -2.678833232749952, 51.597117280225319 ], [ -2.678833232749952, 51.690832830416412 ], [ -2.568333333333328, 51.690832830416412 ], [ -2.568333333333328, 51.738675316837657 ], [ -2.431499698249837, 51.738675316837657 ], [ -2.431499698249837, 51.671666666666653 ], [ -2.502667471333723, 51.671666666666653 ], [ -2.502667471333723, 51.652500502916922 ], [ -2.562166566083278, 51.652500502916922 ], [ -2.562166566083278, 51.597117280225319 ], [ -2.678833232749952, 51.597117280225319 ] ] ] } },
{ "type": "Feature", "properties": { "SDOC_ID": 2778813, "SDOC_NAME": "1901_1 Continuation of Cattewater", "SOURCE_NAM": "RSDRA2026000279643", "SDT_ID": 1950, "SDT_NAME": "UKHO Chart - Panel", "DATUM": "D_WGS_1984", "CRS_ID": 432627, "CRS_PARAMS": "PROJCS[\"WGS84_Transverse_Mercator\",GEOGCS[\"GCS_WGS_1984\",DATUM[\"D_WGS_1984\",SPHEROID[\"WGS_1984\",6378137.0,298.257223563]],PRIMEM[\"Greenwich\",0.0],UNIT[\"Degree\",0.0174532925199433]],PROJECTION[\"Transverse_Mercator\"],PARAMETER[\"False_Easting\",0.0],PARAMETE", "PUBLICATIO": "2026-07-23T00:00:00", "RECEIPTDAT": "2026-07-14T00:00:00", "UKHOVERSIO": "Current Version", "PRODUCEDBY": "UK Hydrographic Office", "PRODUCED_1": null, "PRODUCED_2": null, "IPROWNER1": "UK Hydrographic Office", "PROTECTIVE": "UNCLASSIFIED", "AUTHORITAT": "Yes", "SUBJECTMAT": null, "SUBJECTM_1": null, "SUBJECTM_2": null, "SUPPLIEDBY": null, "SUPPLIED_1": null, "SUPPLIED_2": null, "SUPPLIED_3": null, "SUPPLIED_4": null, "SCALE": 5000.0, "DEPTHUNITS": "Metres / Metres & Decimals", "SPATIALREF": 0.0, "VALIDATED": "Yes", "CHART_PREF": null, "CHART_NUMB": 0.0, "CHART_SUFF": null, "CHART_TYPE": null, "CHART_CORR": 0.0, "CHART_CO_1": 0.0, "CHART_REVI": null, "CHART_CANC": null, "CHART_INTN": 0.0, "CHART_MAIN": null, "CHART_GENE": null, "CHART_SPEC": null, "CHART_SP_1": null, "PANEL_CHAR": null, "PANEL_CH_1": 1901.0, "PANEL_CH_2": null, "PANEL_IDEN": "1901_1", "PANEL_MAIN": "Continuation of Cattewater", "PANEL_GENE": "England", "PANEL_MULT": "No", "PANEL_SPEC": "South Coast", "PANEL_SP_1": "Plymouth Sound", "PUBLICAT_1": 0.0, "PUBLICAT_2": null, "PUBLICAT_3": null, "PUBLICAT_4": null, "PUBLICAT_5": null, "GBENC_CELL": null, "GBENC_EDIT": null, "GBENC_FILE": null, "GBENC_ISSU": null, "GBENC_NAVP": null, "GBENC_UPDA": null, "GBENC_UP_1": null, "STATUS": "ASSESS_CLOSED", "STATUS_OP": 26334, "STATUS_DAT": "2026-07-14T00:00:00", "GEO_ID": 2758895, "SHAPE_AREA": 0.0, "SHAPE_LEN": 0.0 }, "geometry": { "type": "Polygon", "coordinates": [ [ [ -4.131999597666464, 50.356741098370549 ], [ -4.131999597666464, 50.369550392275187 ], [ -4.107393884530268, 50.369550392275187 ], [ -4.10739690203178, 50.356743110038224 ], [ -4.131999597666464, 50.356741098370549 ] ] ] } },
{ "type": "Feature", "properties": { "SDOC_ID": 2134163, "SDOC_NAME": "0147_1 A Helford River Continuation to Gweek", "SOURCE_NAM": "RSDRA2019000295180", "SDT_ID": 1950, "SDT_NAME": "UKHO Chart - Panel", "DATUM": "D_WGS_1984", "CRS_ID": 432627, "CRS_PARAMS": "PROJCS[\"WGS84_Transverse_Mercator\",GEOGCS[\"GCS_WGS_1984\",DATUM[\"D_WGS_1984\",SPHEROID[\"WGS_1984\",6378137.0,298.257223563]],PRIMEM[\"Greenwich\",0.0],UNIT[\"Degree\",0.0174532925199433]],PROJECTION[\"Transverse_Mercator\"],PARAMETER[\"False_Easting\",500000.0],PAR", "PUBLICATIO": "2017-02-09T00:00:00", "RECEIPTDAT": "2019-12-09T00:00:00", "UKHOVERSIO": "Current Version", "PRODUCEDBY": "UK Hydrographic Office", "PRODUCED_1": null, "PRODUCED_2": null, "IPROWNER1": "UK Hydrographic Office", "PROTECTIVE": "UNCLASSIFIED", "AUTHORITAT": "Yes", "SUBJECTMAT": null, "SUBJECTM_1": null, "SUBJECTM_2": null, "SUPPLIEDBY": null, "SUPPLIED_1": null, "SUPPLIED_2": null, "SUPPLIED_3": null, "SUPPLIED_4": null, "SCALE": 12500.0, "DEPTHUNITS": "Metres / Metres & Decimals", "SPATIALREF": 0.0, "VALIDATED": "Yes", "CHART_PREF": null, "CHART_NUMB": 0.0, "CHART_SUFF": null, "CHART_TYPE": null, "CHART_CORR": 0.0, "CHART_CO_1": 0.0, "CHART_REVI": null, "CHART_CANC": null, "CHART_INTN": 0.0, "CHART_MAIN": null, "CHART_GENE": null, "CHART_SPEC": null, "CHART_SP_1": null, "PANEL_CHAR": null, "PANEL_CH_1": 147.0, "PANEL_CH_2": null, "PANEL_IDEN": "0147_1", "PANEL_MAIN": "A Helford River Continuation to Gweek", "PANEL_GENE": null, "PANEL_MULT": "No", "PANEL_SPEC": null, "PANEL_SP_1": null, "PUBLICAT_1": 0.0, "PUBLICAT_2": null, "PUBLICAT_3": null, "PUBLICAT_4": null, "PUBLICAT_5": null, "GBENC_CELL": null, "GBENC_EDIT": null, "GBENC_FILE": null, "GBENC_ISSU": null, "GBENC_NAVP": null, "GBENC_UPDA": null, "GBENC_UP_1": null, "STATUS": "ASSESS_CLOSED", "STATUS_OP": 10738, "STATUS_DAT": "2019-12-09T00:00:00", "GEO_ID": 1836962, "SHAPE_AREA": 0.0, "SHAPE_LEN": 0.0 }, "geometry": { "type": "Polygon", "coordinates": [ [ [ -5.215786562059947, 50.080591430295726 ], [ -5.215794608730647, 50.102079058539516 ], [ -5.172696640514999, 50.102086099376379 ], [ -5.172697646348837, 50.080596459464886 ], [ -5.215786562059947, 50.080591430295726 ] ] ] } },
{ "type": "Feature", "properties": { "SDOC_ID": 2306842, "SDOC_NAME": "5608_17_2 B Cardiff", "SOURCE_NAM": "RSDRA2021000290263", "SDT_ID": 1950, "SDT_NAME": "UKHO Chart - Panel", "DATUM": "D_WGS_1984", "CRS_ID": 432627, "CRS_PARAMS": "PROJCS[\"WGS84_Transverse_Mercator\",GEOGCS[\"GCS_WGS_1984\",DATUM[\"D_WGS_1984\",SPHEROID[\"WGS_1984\",6378137.0,298.257223563]],PRIMEM[\"Greenwich\",0.0],UNIT[\"Degree\",0.0174532925199433]],PROJECTION[\"Transverse_Mercator\"],PARAMETER[\"False_Easting\",0.0],PARAMETE", "PUBLICATIO": "2021-10-28T00:00:00", "RECEIPTDAT": "2021-10-13T00:00:00", "UKHOVERSIO": "Current Version", "PRODUCEDBY": "UK Hydrographic Office", "PRODUCED_1": null, "PRODUCED_2": null, "IPROWNER1": "UK Hydrographic Office", "PROTECTIVE": "UNCLASSIFIED", "AUTHORITAT": "Yes", "SUBJECTMAT": null, "SUBJECTM_1": null, "SUBJECTM_2": null, "SUPPLIEDBY": null, "SUPPLIED_1": null, "SUPPLIED_2": null, "SUPPLIED_3": null, "SUPPLIED_4": null, "SCALE": 15000.0, "DEPTHUNITS": "Metres / Metres & Decimals", "SPATIALREF": 0.0, "VALIDATED": "Yes", "CHART_PREF": null, "CHART_NUMB": 0.0, "CHART_SUFF": null, "CHART_TYPE": null, "CHART_CORR": 0.0, "CHART_CO_1": 0.0, "CHART_REVI": null, "CHART_CANC": null, "CHART_INTN": 0.0, "CHART_MAIN": null, "CHART_GENE": null, "CHART_SPEC": null, "CHART_SP_1": null, "PANEL_CHAR": null, "PANEL_CH_1": 5608.0, "PANEL_CH_2": "_17", "PANEL_IDEN": "5608_17_2", "PANEL_MAIN": "B Cardiff", "PANEL_GENE": null, "PANEL_MULT": "No", "PANEL_SPEC": null, "PANEL_SP_1": null, "PUBLICAT_1": 0.0, "PUBLICAT_2": null, "PUBLICAT_3": null, "PUBLICAT_4": null, "PUBLICAT_5": null, "GBENC_CELL": null, "GBENC_EDIT": null, "GBENC_FILE": null, "GBENC_ISSU": null, "GBENC_NAVP": null, "GBENC_UPDA": null, "GBENC_UP_1": null, "STATUS": "ASSESS_CLOSED", "STATUS_OP": 27614, "STATUS_DAT": "2021-10-22T00:00:00", "GEO_ID": 2287066, "SHAPE_AREA": 0.0, "SHAPE_LEN": 0.0 }, "geometry": { "type": "Polygon", "coordinates": [ [ [ -3.199263729631866, 51.463008449004235 ], [ -3.166671695835845, 51.46300241400121 ], [ -3.16666968416817, 51.463720579360285 ], [ -3.16167169583585, 51.463716556024934 ], [ -3.161668678334337, 51.46300643733656 ], [ -3.140324884329118, 51.463003419835047 ], [ -3.14034097767049, 51.434998994166165 ], [ -3.163347415007053, 51.435004023335352 ], [ -3.163347415007053, 51.43428485214244 ], [ -3.166666666666657, 51.434287869643924 ], [ -3.166661637497498, 51.435004023335352 ], [ -3.199268758801054, 51.43500100583384 ], [ -3.199263729631866, 51.463008449004235 ] ] ] } },
{ "type": "Feature", "properties": { "SDOC_ID": 2313519, "SDOC_NAME": "5602_20_1 A Helford River", "SOURCE_NAM": "RSDRA2021000311637", "SDT_ID": 1950, "SDT_NAME": "UKHO Chart - Panel", "DATUM": "D_WGS_1984", "CRS_ID": 432627, "CRS_PARAMS": "PROJCS[\"WGS84_Transverse_Mercator\",GEOGCS[\"GCS_WGS_1984\",DATUM[\"D_WGS_1984\",SPHEROID[\"WGS_1984\",6378137.0,298.257223563]],PRIMEM[\"Greenwich\",0.0],UNIT[\"Degree\",0.0174532925199433]],PROJECTION[\"Transverse_Mercator\"],PARAMETER[\"False_Easting\",0.0],PARAMETE", "PUBLICATIO": "2021-11-18T00:00:00", "RECEIPTDAT": "2021-11-14T00:00:00", "UKHOVERSIO": "Current Version", "PRODUCEDBY": "UK Hydrographic Office", "PRODUCED_1": null, "PRODUCED_2": null, "IPROWNER1": "UK Hydrographic Office", "PROTECTIVE": "UNCLASSIFIED", "AUTHORITAT": "Yes", "SUBJECTMAT": null, "SUBJECTM_1": null, "SUBJECTM_2": null, "SUPPLIEDBY": null, "SUPPLIED_1": null, "SUPPLIED_2": null, "SUPPLIED_3": null, "SUPPLIED_4": null, "SCALE": 12500.0, "DEPTHUNITS": "Metres / Metres & Decimals", "SPATIALREF": 0.0, "VALIDATED": "Yes", "CHART_PREF": null, "CHART_NUMB": 0.0, "CHART_SUFF": null, "CHART_TYPE": null, "CHART_CORR": 0.0, "CHART_CO_1": 0.0, "CHART_REVI": null, "CHART_CANC": null, "CHART_INTN": 0.0, "CHART_MAIN": null, "CHART_GENE": null, "CHART_SPEC": null, "CHART_SP_1": null, "PANEL_CHAR": null, "PANEL_CH_1": 5602.0, "PANEL_CH_2": "_20", "PANEL_IDEN": "5602_20_1", "PANEL_MAIN": "A Helford River", "PANEL_GENE": null, "PANEL_MULT": "No", "PANEL_SPEC": null, "PANEL_SP_1": null, "PUBLICAT_1": 0.0, "PUBLICAT_2": null, "PUBLICAT_3": null, "PUBLICAT_4": null, "PUBLICAT_5": null, "GBENC_CELL": null, "GBENC_EDIT": null, "GBENC_FILE": null, "GBENC_ISSU": null, "GBENC_NAVP": null, "GBENC_UPDA": null, "GBENC_UP_1": null, "STATUS": "ASSESS_CLOSED", "STATUS_OP": 10738, "STATUS_DAT": "2021-11-14T00:00:00", "GEO_ID": 2293743, "SHAPE_AREA": 0.0, "SHAPE_LEN": 0.0 }, "geometry": { "type": "Polygon", "coordinates": [ [ [ -5.169331120498896, 50.112610138805081 ], [ -5.070346006839657, 50.112608127137406 ], [ -5.070349024341169, 50.070497887748957 ], [ -5.08445282639309, 50.070495876081281 ], [ -5.084441762220877, 50.083409776704883 ], [ -5.099554415610555, 50.083398712532698 ], [ -5.099545363106017, 50.08213639106819 ], [ -5.116926171796422, 50.082134379400514 ], [ -5.116933212633285, 50.085313820156898 ], [ -5.151529873264934, 50.085311808489251 ], [ -5.151534902434122, 50.088453027559837 ], [ -5.169334138000409, 50.088454033393674 ], [ -5.169331120498896, 50.112610138805081 ] ] ] } },
{ "type": "Feature", "properties": { "SDOC_ID": 2313520, "SDOC_NAME": "5602_20_2 B Helford River Continuation to Gweek", "SOURCE_NAM": "RSDRA2021000311638", "SDT_ID": 1950, "SDT_NAME": "UKHO Chart - Panel", "DATUM": "D_WGS_1984", "CRS_ID": 432627, "CRS_PARAMS": "PROJCS[\"WGS84_Transverse_Mercator\",GEOGCS[\"GCS_WGS_1984\",DATUM[\"D_WGS_1984\",SPHEROID[\"WGS_1984\",6378137.0,298.257223563]],PRIMEM[\"Greenwich\",0.0],UNIT[\"Degree\",0.0174532925199433]],PROJECTION[\"Transverse_Mercator\"],PARAMETER[\"False_Easting\",0.0],PARAMETE", "PUBLICATIO": "2021-11-18T00:00:00", "RECEIPTDAT": "2021-11-14T00:00:00", "UKHOVERSIO": "Current Version", "PRODUCEDBY": "UK Hydrographic Office", "PRODUCED_1": null, "PRODUCED_2": null, "IPROWNER1": "UK Hydrographic Office", "PROTECTIVE": "UNCLASSIFIED", "AUTHORITAT": "Yes", "SUBJECTMAT": null, "SUBJECTM_1": null, "SUBJECTM_2": null, "SUPPLIEDBY": null, "SUPPLIED_1": null, "SUPPLIED_2": null, "SUPPLIED_3": null, "SUPPLIED_4": null, "SCALE": 12500.0, "DEPTHUNITS": "Metres / Metres & Decimals", "SPATIALREF": 0.0, "VALIDATED": "Yes", "CHART_PREF": null, "CHART_NUMB": 0.0, "CHART_SUFF": null, "CHART_TYPE": null, "CHART_CORR": 0.0, "CHART_CO_1": 0.0, "CHART_REVI": null, "CHART_CANC": null, "CHART_INTN": 0.0, "CHART_MAIN": null, "CHART_GENE": null, "CHART_SPEC": null, "CHART_SP_1": null, "PANEL_CHAR": null, "PANEL_CH_1": 5602.0, "PANEL_CH_2": "_20", "PANEL_IDEN": "5602_20_2", "PANEL_MAIN": "B Helford River Continuation to Gweek\t\t\t\t", "PANEL_GENE": null, "PANEL_MULT": "No", "PANEL_SPEC": null, "PANEL_SP_1": null, "PUBLICAT_1": 0.0, "PUBLICAT_2": null, "PUBLICAT_3": null, "PUBLICAT_4": null, "PUBLICAT_5": null, "GBENC_CELL": null, "GBENC_EDIT": null, "GBENC_FILE": null, "GBENC_ISSU": null, "GBENC_NAVP": null, "GBENC_UPDA": null, "GBENC_UP_1": null, "STATUS": "ASSESS_CLOSED", "STATUS_OP": 10738, "STATUS_DAT": "2021-11-14T00:00:00", "GEO_ID": 2293744, "SHAPE_AREA": 0.0, "SHAPE_LEN": 0.0 }, "geometry": { "type": "Polygon", "coordinates": [ [ [ -5.211662643331323, 50.097262120297728 ], [ -5.195997787165567, 50.097264131965403 ], [ -5.195998792999404, 50.094087708710532 ], [ -5.161664654998987, 50.094086702876695 ], [ -5.161659625829799, 50.088643130154907 ], [ -5.170592436129539, 50.088644135988744 ], [ -5.170582377791192, 50.080596459464886 ], [ -5.211667672500511, 50.08059444779721 ], [ -5.211662643331323, 50.097262120297728 ] ] ] } },
{ "type": "Feature", "properties": { "SDOC_ID": 2313521, "SDOC_NAME": "5602_20_3 C Continuation of River Fal", "SOURCE_NAM": "RSDRA2021000311639", "SDT_ID": 1950, "SDT_NAME": "UKHO Chart - Panel", "DATUM": "D_WGS_1984", "CRS_ID": 432627, "CRS_PARAMS": "PROJCS[\"WGS84_Transverse_Mercator\",GEOGCS[\"GCS_WGS_1984\",DATUM[\"D_WGS_1984\",SPHEROID[\"WGS_1984\",6378137.0,298.257223563]],PRIMEM[\"Greenwich\",0.0],UNIT[\"Degree\",0.0174532925199433]],PROJECTION[\"Transverse_Mercator\"],PARAMETER[\"False_Easting\",0.0],PARAMETE", "PUBLICATIO": "2021-11-18T00:00:00", "RECEIPTDAT": "2021-11-14T00:00:00", "UKHOVERSIO": "Current Version", "PRODUCEDBY": "UK Hydrographic Office", "PRODUCED_1": null, "PRODUCED_2": null, "IPROWNER1": "UK Hydrographic Office", "PROTECTIVE": "UNCLASSIFIED", "AUTHORITAT": "Yes", "SUBJECTMAT": null, "SUBJECTM_1": null, "SUBJECTM_2": null, "SUPPLIEDBY": null, "SUPPLIED_1": null, "SUPPLIED_2": null, "SUPPLIED_3": null, "SUPPLIED_4": null, "SCALE": 20000.0, "DEPTHUNITS": "Metres / Metres & Decimals", "SPATIALREF": 0.0, "VALIDATED": "Yes", "CHART_PREF": null, "CHART_NUMB": 0.0, "CHART_SUFF": null, "CHART_TYPE": null, "CHART_CORR": 0.0, "CHART_CO_1": 0.0, "CHART_REVI": null, "CHART_CANC": null, "CHART_INTN": 0.0, "CHART_MAIN": null, "CHART_GENE": null, "CHART_SPEC": null, "CHART_SP_1": null, "PANEL_CHAR": null, "PANEL_CH_1": 5602.0, "PANEL_CH_2": "_20", "PANEL_IDEN": "5602_20_3", "PANEL_MAIN": "C Continuation of River Fal", "PANEL_GENE": null, "PANEL_MULT": "No", "PANEL_SPEC": null, "PANEL_SP_1": null, "PUBLICAT_1": 0.0, "PUBLICAT_2": null, "PUBLICAT_3": null, "PUBLICAT_4": null, "PUBLICAT_5": null, "GBENC_CELL": null, "GBENC_EDIT": null, "GBENC_FILE": null, "GBENC_ISSU": null, "GBENC_NAVP": null, "GBENC_UPDA": null, "GBENC_UP_1": null, "STATUS": "ASSESS_CLOSED", "STATUS_OP": 10738, "STATUS_DAT": "2021-11-14T00:00:00", "GEO_ID": 2293745, "SHAPE_AREA": 0.0, "SHAPE_LEN": 0.0 }, "geometry": { "type": "Polygon", "coordinates": [ [ [ -4.999989941661624, 50.238986119493063 ], [ -4.969043452021737, 50.238992154496088 ], [ -4.969040434520224, 50.240830818748748 ], [ -4.951071213035618, 50.24083383625026 ], [ -4.951064172198755, 50.222504526252266 ], [ -5.015058338362508, 50.222506537919941 ], [ -5.015045262522619, 50.228726614363296 ], [ -5.015507946087297, 50.228734661033997 ], [ -5.015485817742899, 50.229536310601475 ], [ -5.015035204184272, 50.229551398109038 ], [ -5.015039227519623, 50.233342385837858 ], [ -4.999998994166162, 50.233335345000995 ], [ -4.999989941661624, 50.238986119493063 ] ] ] } },
{ "type": "Feature", "properties": { "SDOC_ID": 2433072, "SDOC_NAME": "5603_3_1 A Penzance to Saint Ives", "SOURCE_NAM": "RSDRA2023000058415", "SDT_ID": 1950, "SDT_NAME": "UKHO Chart - Panel", "DATUM": "D_WGS_1984", "CRS_ID": 432612, "CRS_PARAMS": "PROJCS[\"WGS84_Mercator\",GEOGCS[\"GCS_WGS_1984\",DATUM[\"D_WGS_1984\",SPHEROID[\"WGS_1984\",6378137.0,298.257223563]],PRIMEM[\"Greenwich\",0.0],UNIT[\"Degree\",0.0174532925199433]],PROJECTION[\"Mercator\"],PARAMETER[\"False_Easting\",0.0],PARAMETER[\"False_Northing\",0.0", "PUBLICATIO": "2021-11-25T00:00:00", "RECEIPTDAT": "2023-02-28T00:00:00", "UKHOVERSIO": "Current Version", "PRODUCEDBY": "UK Hydrographic Office", "PRODUCED_1": null, "PRODUCED_2": null, "IPROWNER1": "UK Hydrographic Office", "PROTECTIVE": "UNCLASSIFIED", "AUTHORITAT": "Yes", "SUBJECTMAT": null, "SUBJECTM_1": null, "SUBJECTM_2": null, "SUPPLIEDBY": null, "SUPPLIED_1": null, "SUPPLIED_2": null, "SUPPLIED_3": null, "SUPPLIED_4": null, "SCALE": 75000.0, "DEPTHUNITS": "Metres / Metres & Decimals", "SPATIALREF": 0.0, "VALIDATED": "Yes", "CHART_PREF": null, "CHART_NUMB": 0.0, "CHART_SUFF": null, "CHART_TYPE": null, "CHART_CORR": 0.0, "CHART_CO_1": 0.0, "CHART_REVI": null, "CHART_CANC": null, "CHART_INTN": 0.0, "CHART_MAIN": null, "CHART_GENE": null, "CHART_SPEC": null, "CHART_SP_1": null, "PANEL_CHAR": null, "PANEL_CH_1": 5603.0, "PANEL_CH_2": "_3", "PANEL_IDEN": "5603_3_1", "PANEL_MAIN": "A Penzance to Saint Ives", "PANEL_GENE": null, "PANEL_MULT": "No", "PANEL_SPEC": null, "PANEL_SP_1": null, "PUBLICAT_1": 0.0, "PUBLICAT_2": null, "PUBLICAT_3": null, "PUBLICAT_4": null, "PUBLICAT_5": null, "GBENC_CELL": null, "GBENC_EDIT": null, "GBENC_FILE": null, "GBENC_ISSU": null, "GBENC_NAVP": null, "GBENC_UPDA": null, "GBENC_UP_1": null, "STATUS": "ASSESS_CLOSED", "STATUS_OP": 418, "STATUS_DAT": "2023-02-28T00:00:00", "GEO_ID": 2295998, "SHAPE_AREA": 0.0, "SHAPE_LEN": 0.0 }, "geometry": { "type": "Polygon", "coordinates": [ [ [ -5.467671494669077, 50.280331925165967 ], [ -5.467678535505939, 50.012077046871866 ], [ -5.555468718567681, 50.012077046871866 ], [ -5.555473747736869, 49.909080667873667 ], [ -5.875696037014677, 49.90908368537518 ], [ -5.87570307785154, 50.197211828605901 ], [ -5.678559645946478, 50.197214846107414 ], [ -5.678540535103593, 50.280324884329104 ], [ -5.467671494669077, 50.280331925165967 ] ] ] } },
{ "type": "Feature", "properties": { "SDOC_ID": 2517298, "SDOC_NAME": "2345_1 A Penzance Bay", "SOURCE_NAM": "RSDRA2024000025472", "SDT_ID": 1950, "SDT_NAME": "UKHO Chart - Panel", "DATUM": "D_WGS_1984", "CRS_ID": 432627, "CRS_PARAMS": "PROJCS[\"WGS84_Transverse_Mercator\",GEOGCS[\"GCS_WGS_1984\",DATUM[\"D_WGS_1984\",SPHEROID[\"WGS_1984\",6378137.0,298.257223563]],PRIMEM[\"Greenwich\",0.0],UNIT[\"Degree\",0.0174532925199433]],PROJECTION[\"Transverse_Mercator\"],PARAMETER[\"False_Easting\",500000.0],PAR", "PUBLICATIO": "2017-07-13T00:00:00", "RECEIPTDAT": "2024-01-29T00:00:00", "UKHOVERSIO": "Current Version", "PRODUCEDBY": "UK Hydrographic Office", "PRODUCED_1": null, "PRODUCED_2": null, "IPROWNER1": "UK Hydrographic Office", "PROTECTIVE": "UNCLASSIFIED", "AUTHORITAT": "Yes", "SUBJECTMAT": null, "SUBJECTM_1": null, "SUBJECTM_2": null, "SUPPLIEDBY": null, "SUPPLIED_1": null, "SUPPLIED_2": null, "SUPPLIED_3": null, "SUPPLIED_4": null, "SCALE": 12500.0, "DEPTHUNITS": "Metres / Metres & Decimals", "SPATIALREF": 0.0, "VALIDATED": "Yes", "CHART_PREF": null, "CHART_NUMB": 0.0, "CHART_SUFF": null, "CHART_TYPE": null, "CHART_CORR": 0.0, "CHART_CO_1": 0.0, "CHART_REVI": null, "CHART_CANC": null, "CHART_INTN": 0.0, "CHART_MAIN": null, "CHART_GENE": null, "CHART_SPEC": null, "CHART_SP_1": null, "PANEL_CHAR": null, "PANEL_CH_1": 2345.0, "PANEL_CH_2": null, "PANEL_IDEN": "2345_1", "PANEL_MAIN": "A Penzance Bay", "PANEL_GENE": null, "PANEL_MULT": "No", "PANEL_SPEC": null, "PANEL_SP_1": null, "PUBLICAT_1": 0.0, "PUBLICAT_2": null, "PUBLICAT_3": null, "PUBLICAT_4": null, "PUBLICAT_5": null, "GBENC_CELL": null, "GBENC_EDIT": null, "GBENC_FILE": null, "GBENC_ISSU": null, "GBENC_NAVP": null, "GBENC_UPDA": null, "GBENC_UP_1": null, "STATUS": "ASSESS_CLOSED", "STATUS_OP": 29636, "STATUS_DAT": "2024-01-29T00:00:00", "GEO_ID": 1878849, "SHAPE_AREA": 0.0, "SHAPE_LEN": 0.0 }, "geometry": { "type": "Polygon", "coordinates": [ [ [ -5.552672500502922, 50.074922550794611 ], [ -5.552667471333734, 50.132076041038033 ], [ -5.472345604506131, 50.132077046871871 ], [ -5.472347616173806, 50.074923556628448 ], [ -5.552672500502922, 50.074922550794611 ] ] ] } },
{ "type": "Feature", "properties": { "SDOC_ID": 2517663, "SDOC_NAME": "5603_7_2 B Mousehole", "SOURCE_NAM": "RSDRA2024000025870", "SDT_ID": 1950, "SDT_NAME": "UKHO Chart - Panel", "DATUM": "D_WGS_1984", "CRS_ID": 432627, "CRS_PARAMS": "PROJCS[\"WGS84_Transverse_Mercator\",GEOGCS[\"GCS_WGS_1984\",DATUM[\"D_WGS_1984\",SPHEROID[\"WGS_1984\",6378137.0,298.257223563]],PRIMEM[\"Greenwich\",0.0],UNIT[\"Degree\",0.0174532925199433]],PROJECTION[\"Transverse_Mercator\"],PARAMETER[\"False_Easting\",0.0],PARAMETE", "PUBLICATIO": "2021-11-25T00:00:00", "RECEIPTDAT": "2024-01-30T00:00:00", "UKHOVERSIO": "Current Version", "PRODUCEDBY": "UK Hydrographic Office", "PRODUCED_1": null, "PRODUCED_2": null, "IPROWNER1": "UK Hydrographic Office", "PROTECTIVE": "UNCLASSIFIED", "AUTHORITAT": "Yes", "SUBJECTMAT": null, "SUBJECTM_1": null, "SUBJECTM_2": null, "SUPPLIEDBY": null, "SUPPLIED_1": null, "SUPPLIED_2": null, "SUPPLIED_3": null, "SUPPLIED_4": null, "SCALE": 5000.0, "DEPTHUNITS": "Metres / Metres & Decimals", "SPATIALREF": 0.0, "VALIDATED": "Yes", "CHART_PREF": null, "CHART_NUMB": 0.0, "CHART_SUFF": null, "CHART_TYPE": null, "CHART_CORR": 0.0, "CHART_CO_1": 0.0, "CHART_REVI": null, "CHART_CANC": null, "CHART_INTN": 0.0, "CHART_MAIN": null, "CHART_GENE": null, "CHART_SPEC": null, "CHART_SP_1": null, "PANEL_CHAR": null, "PANEL_CH_1": 5603.0, "PANEL_CH_2": "_7", "PANEL_IDEN": "5603_7_2", "PANEL_MAIN": "B Mousehole", "PANEL_GENE": null, "PANEL_MULT": "No", "PANEL_SPEC": null, "PANEL_SP_1": null, "PUBLICAT_1": 0.0, "PUBLICAT_2": null, "PUBLICAT_3": null, "PUBLICAT_4": null, "PUBLICAT_5": null, "GBENC_CELL": null, "GBENC_EDIT": null, "GBENC_FILE": null, "GBENC_ISSU": null, "GBENC_NAVP": null, "GBENC_UPDA": null, "GBENC_UP_1": null, "STATUS": "ASSESS_CLOSED", "STATUS_OP": 3512, "STATUS_DAT": "2024-01-30T00:00:00", "GEO_ID": 2296137, "SHAPE_AREA": 0.0, "SHAPE_LEN": 0.0 }, "geometry": { "type": "Polygon", "coordinates": [ [ [ -5.531773285053305, 50.084162140414406 ], [ -5.531773285053305, 50.079168175417408 ], [ -5.539664051498704, 50.079168175417408 ], [ -5.539664051498704, 50.084162140414406 ], [ -5.531773285053305, 50.084162140414406 ] ] ] } },
{ "type": "Feature", "properties": { "SDOC_ID": 2542697, "SDOC_NAME": "5603_5_2 B Newquay", "SOURCE_NAM": "RSDRA2024000127506", "SDT_ID": 1950, "SDT_NAME": "UKHO Chart - Panel", "DATUM": "D_WGS_1984", "CRS_ID": 432627, "CRS_PARAMS": "PROJCS[\"WGS84_Transverse_Mercator\",GEOGCS[\"GCS_WGS_1984\",DATUM[\"D_WGS_1984\",SPHEROID[\"WGS_1984\",6378137.0,298.257223563]],PRIMEM[\"Greenwich\",0.0],UNIT[\"Degree\",0.0174532925199433]],PROJECTION[\"Transverse_Mercator\"],PARAMETER[\"False_Easting\",0.0],PARAMETE", "PUBLICATIO": "2021-11-25T00:00:00", "RECEIPTDAT": "2024-05-01T00:00:00", "UKHOVERSIO": "Current Version", "PRODUCEDBY": "UK Hydrographic Office", "PRODUCED_1": null, "PRODUCED_2": null, "IPROWNER1": "UK Hydrographic Office", "PROTECTIVE": "UNCLASSIFIED", "AUTHORITAT": "Yes", "SUBJECTMAT": null, "SUBJECTM_1": null, "SUBJECTM_2": null, "SUPPLIEDBY": null, "SUPPLIED_1": null, "SUPPLIED_2": null, "SUPPLIED_3": null, "SUPPLIED_4": null, "SCALE": 12500.0, "DEPTHUNITS": "Metres / Metres & Decimals", "SPATIALREF": 0.0, "VALIDATED": "Yes", "CHART_PREF": null, "CHART_NUMB": 0.0, "CHART_SUFF": null, "CHART_TYPE": null, "CHART_CORR": 0.0, "CHART_CO_1": 0.0, "CHART_REVI": null, "CHART_CANC": null, "CHART_INTN": 0.0, "CHART_MAIN": null, "CHART_GENE": null, "CHART_SPEC": null, "CHART_SP_1": null, "PANEL_CHAR": null, "PANEL_CH_1": 5603.0, "PANEL_CH_2": "_5", "PANEL_IDEN": "5603_5_2", "PANEL_MAIN": "B Newquay", "PANEL_GENE": null, "PANEL_MULT": "No", "PANEL_SPEC": null, "PANEL_SP_1": null, "PUBLICAT_1": 0.0, "PUBLICAT_2": null, "PUBLICAT_3": null, "PUBLICAT_4": null, "PUBLICAT_5": null, "GBENC_CELL": null, "GBENC_EDIT": null, "GBENC_FILE": null, "GBENC_ISSU": null, "GBENC_NAVP": null, "GBENC_UPDA": null, "GBENC_UP_1": null, "STATUS": "ASSESS_CLOSED", "STATUS_OP": 29637, "STATUS_DAT": "2024-05-01T00:00:00", "GEO_ID": 2296078, "SHAPE_AREA": 0.0, "SHAPE_LEN": 0.0 }, "geometry": { "type": "Polygon", "coordinates": [ [ [ -5.080163950915306, 50.429661033997178 ], [ -5.080164956749144, 50.413002414001198 ], [ -5.080882116274381, 50.413003419835036 ], [ -5.080882116274381, 50.412594045463692 ], [ -5.08246228123113, 50.412593039629854 ], [ -5.082463287064968, 50.413003419835036 ], [ -5.099331120498903, 50.413003419835036 ], [ -5.099334138000415, 50.429661033997178 ], [ -5.080163950915306, 50.429661033997178 ] ] ] } },
{ "type": "Feature", "properties": { "SDOC_ID": 2542699, "SDOC_NAME": "5603_5_4 D Port Isaac", "SOURCE_NAM": "RSDRA2024000127509", "SDT_ID": 1950, "SDT_NAME": "UKHO Chart - Panel", "DATUM": "D_WGS_1984", "CRS_ID": 432627, "CRS_PARAMS": "PROJCS[\"WGS84_Transverse_Mercator\",GEOGCS[\"GCS_WGS_1984\",DATUM[\"D_WGS_1984\",SPHEROID[\"WGS_1984\",6378137.0,298.257223563]],PRIMEM[\"Greenwich\",0.0],UNIT[\"Degree\",0.0174532925199433]],PROJECTION[\"Transverse_Mercator\"],PARAMETER[\"False_Easting\",0.0],PARAMETE", "PUBLICATIO": "2021-11-25T00:00:00", "RECEIPTDAT": "2024-05-01T00:00:00", "UKHOVERSIO": "Current Version", "PRODUCEDBY": "UK Hydrographic Office", "PRODUCED_1": null, "PRODUCED_2": null, "IPROWNER1": "UK Hydrographic Office", "PROTECTIVE": "UNCLASSIFIED", "AUTHORITAT": "Yes", "SUBJECTMAT": null, "SUBJECTM_1": null, "SUBJECTM_2": null, "SUPPLIEDBY": null, "SUPPLIED_1": null, "SUPPLIED_2": null, "SUPPLIED_3": null, "SUPPLIED_4": null, "SCALE": 25000.0, "DEPTHUNITS": "Metres / Metres & Decimals", "SPATIALREF": 0.0, "VALIDATED": "Yes", "CHART_PREF": null, "CHART_NUMB": 0.0, "CHART_SUFF": null, "CHART_TYPE": null, "CHART_CORR": 0.0, "CHART_CO_1": 0.0, "CHART_REVI": null, "CHART_CANC": null, "CHART_INTN": 0.0, "CHART_MAIN": null, "CHART_GENE": null, "CHART_SPEC": null, "CHART_SP_1": null, "PANEL_CHAR": null, "PANEL_CH_1": 5603.0, "PANEL_CH_2": "_5", "PANEL_IDEN": "5603_5_4", "PANEL_MAIN": "D Port Isaac", "PANEL_GENE": null, "PANEL_MULT": "No", "PANEL_SPEC": null, "PANEL_SP_1": null, "PUBLICAT_1": 0.0, "PUBLICAT_2": null, "PUBLICAT_3": null, "PUBLICAT_4": null, "PUBLICAT_5": null, "GBENC_CELL": null, "GBENC_EDIT": null, "GBENC_FILE": null, "GBENC_ISSU": null, "GBENC_NAVP": null, "GBENC_UPDA": null, "GBENC_UP_1": null, "STATUS": "ASSESS_CLOSED", "STATUS_OP": 29637, "STATUS_DAT": "2024-05-01T00:00:00", "GEO_ID": 2296082, "SHAPE_AREA": 0.0, "SHAPE_LEN": 0.0 }, "geometry": { "type": "Polygon", "coordinates": [ [ [ -4.804671092335553, 50.608823174411583 ], [ -4.8046811506739, 50.588574733454038 ], [ -4.848472138402741, 50.588574733454038 ], [ -4.84848119090725, 50.608822168577746 ], [ -4.804671092335553, 50.608823174411583 ] ] ] } },
{ "type": "Feature", "properties": { "SDOC_ID": 2571838, "SDOC_NAME": "1148_0 Isles of Scilly to Land's End", "SOURCE_NAM": "RSDRA2024000236654", "SDT_ID": 1950, "SDT_NAME": "UKHO Chart - Panel", "DATUM": "D_WGS_1984", "CRS_ID": 432612, "CRS_PARAMS": "PROJCS[\"WGS84_Mercator\",GEOGCS[\"GCS_WGS_1984\",DATUM[\"D_WGS_1984\",SPHEROID[\"WGS_1984\",6378137.0,298.257223563]],PRIMEM[\"Greenwich\",0.0],UNIT[\"Degree\",0.0174532925199433]],PROJECTION[\"Mercator\"],PARAMETER[\"False_Easting\",0.0],PARAMETER[\"False_Northing\",0.0", "PUBLICATIO": "2019-02-28T00:00:00", "RECEIPTDAT": "2024-08-21T00:00:00", "UKHOVERSIO": "Current Version", "PRODUCEDBY": "UK Hydrographic Office", "PRODUCED_1": "RT1W", "PRODUCED_2": null, "IPROWNER1": "UK Hydrographic Office", "PROTECTIVE": "UNCLASSIFIED", "AUTHORITAT": "Yes", "SUBJECTMAT": null, "SUBJECTM_1": null, "SUBJECTM_2": null, "SUPPLIEDBY": null, "SUPPLIED_1": null, "SUPPLIED_2": null, "SUPPLIED_3": null, "SUPPLIED_4": null, "SCALE": 75000.0, "DEPTHUNITS": "Metres / Metres & Decimals", "SPATIALREF": 0.0, "VALIDATED": "Yes", "CHART_PREF": null, "CHART_NUMB": 0.0, "CHART_SUFF": null, "CHART_TYPE": null, "CHART_CORR": 0.0, "CHART_CO_1": 0.0, "CHART_REVI": null, "CHART_CANC": null, "CHART_INTN": 0.0, "CHART_MAIN": null, "CHART_GENE": null, "CHART_SPEC": null, "CHART_SP_1": null, "PANEL_CHAR": null, "PANEL_CH_1": 1148.0, "PANEL_CH_2": null, "PANEL_IDEN": "1148_0", "PANEL_MAIN": "Isles of Scilly to Land's End", "PANEL_GENE": "England - West Coast", "PANEL_MULT": "No", "PANEL_SPEC": null, "PANEL_SP_1": null, "PUBLICAT_1": 0.0, "PUBLICAT_2": null, "PUBLICAT_3": null, "PUBLICAT_4": null, "PUBLICAT_5": null, "GBENC_CELL": null, "GBENC_EDIT": null, "GBENC_FILE": null, "GBENC_ISSU": null, "GBENC_NAVP": null, "GBENC_UPDA": null, "GBENC_UP_1": null, "STATUS": "ASSESS_CLOSED", "STATUS_OP": 20300, "STATUS_DAT": "2024-08-21T00:00:00", "GEO_ID": 2036534, "SHAPE_AREA": 0.0, "SHAPE_LEN": 0.0 }, "geometry": { "type": "Polygon", "coordinates": [ [ [ -6.330166968416819, 49.700499899416627 ], [ -6.330166968416819, 50.449000201166768 ], [ -5.537166566083272, 50.449000201166768 ], [ -5.537166566083272, 49.700499899416627 ], [ -6.330166968416819, 49.700499899416627 ] ] ] } },
{ "type": "Feature", "properties": { "SDOC_ID": 2675707, "SDOC_NAME": "5602_5_2 B Upper Reaches of the Percuil River", "SOURCE_NAM": "RSDRA2025000387342", "SDT_ID": 1950, "SDT_NAME": "UKHO Chart - Panel", "DATUM": "D_WGS_1984", "CRS_ID": 432627, "CRS_PARAMS": "PROJCS[\"WGS84_Transverse_Mercator\",GEOGCS[\"GCS_WGS_1984\",DATUM[\"D_WGS_1984\",SPHEROID[\"WGS_1984\",6378137.0,298.257223563]],PRIMEM[\"Greenwich\",0.0],UNIT[\"Degree\",0.0174532925199433]],PROJECTION[\"Transverse_Mercator\"],PARAMETER[\"False_Easting\",0.0],PARAMETE", "PUBLICATIO": "2025-06-26T00:00:00", "RECEIPTDAT": "2025-08-05T00:00:00", "UKHOVERSIO": "Current Version", "PRODUCEDBY": "UK Hydrographic Office", "PRODUCED_1": null, "PRODUCED_2": null, "IPROWNER1": "UK Hydrographic Office", "PROTECTIVE": "UNCLASSIFIED", "AUTHORITAT": "Yes", "SUBJECTMAT": null, "SUBJECTM_1": null, "SUBJECTM_2": null, "SUPPLIEDBY": null, "SUPPLIED_1": null, "SUPPLIED_2": null, "SUPPLIED_3": null, "SUPPLIED_4": null, "SCALE": 12500.0, "DEPTHUNITS": "Metres / Metres & Decimals", "SPATIALREF": 0.0, "VALIDATED": "Yes", "CHART_PREF": null, "CHART_NUMB": 0.0, "CHART_SUFF": null, "CHART_TYPE": null, "CHART_CORR": 0.0, "CHART_CO_1": 0.0, "CHART_REVI": null, "CHART_CANC": null, "CHART_INTN": 0.0, "CHART_MAIN": null, "CHART_GENE": null, "CHART_SPEC": null, "CHART_SP_1": null, "PANEL_CHAR": null, "PANEL_CH_1": 5602.0, "PANEL_CH_2": "_5", "PANEL_IDEN": "5602_5_2", "PANEL_MAIN": "B Upper Reaches of the Percuil River", "PANEL_GENE": null, "PANEL_MULT": "No", "PANEL_SPEC": null, "PANEL_SP_1": null, "PUBLICAT_1": 0.0, "PUBLICAT_2": null, "PUBLICAT_3": null, "PUBLICAT_4": null, "PUBLICAT_5": null, "GBENC_CELL": null, "GBENC_EDIT": null, "GBENC_FILE": null, "GBENC_ISSU": null, "GBENC_NAVP": null, "GBENC_UPDA": null, "GBENC_UP_1": null, "STATUS": "ASSESS_CLOSED", "STATUS_OP": 29636, "STATUS_DAT": "2025-08-05T00:00:00", "GEO_ID": 2643085, "SHAPE_AREA": 0.0, "SHAPE_LEN": 0.0 }, "geometry": { "type": "Polygon", "coordinates": [ [ [ -5.001970428485208, 50.174952725809703 ], [ -5.001972440152883, 50.188806075236357 ], [ -4.992620197143424, 50.188807081070195 ], [ -4.992622208811099, 50.175 ], [ -5.001970428485208, 50.174952725809703 ] ] ] } },
{ "type": "Feature", "properties": { "SDOC_ID": 2703587, "SDOC_NAME": "1160_2 B Porlock", "SOURCE_NAM": "RSDRA2025000526272", "SDT_ID": 1950, "SDT_NAME": "UKHO Chart - Panel", "DATUM": "D_WGS_1984", "CRS_ID": 432627, "CRS_PARAMS": "PROJCS[\"WGS84_Transverse_Mercator\",GEOGCS[\"GCS_WGS_1984\",DATUM[\"D_WGS_1984\",SPHEROID[\"WGS_1984\",6378137.0,298.257223563]],PRIMEM[\"Greenwich\",0.0],UNIT[\"Degree\",0.0174532925199433]],PROJECTION[\"Transverse_Mercator\"],PARAMETER[\"False_Easting\",0.0],PARAMETE", "PUBLICATIO": "2025-11-13T00:00:00", "RECEIPTDAT": "2025-11-03T00:00:00", "UKHOVERSIO": "Current Version", "PRODUCEDBY": "UK Hydrographic Office", "PRODUCED_1": "RT1W", "PRODUCED_2": null, "IPROWNER1": "UK Hydrographic Office", "PROTECTIVE": "UNCLASSIFIED", "AUTHORITAT": "Yes", "SUBJECTMAT": null, "SUBJECTM_1": null, "SUBJECTM_2": null, "SUPPLIEDBY": null, "SUPPLIED_1": null, "SUPPLIED_2": null, "SUPPLIED_3": null, "SUPPLIED_4": null, "SCALE": 20000.0, "DEPTHUNITS": "Metres / Metres & Decimals", "SPATIALREF": 0.0, "VALIDATED": "Yes", "CHART_PREF": null, "CHART_NUMB": 0.0, "CHART_SUFF": null, "CHART_TYPE": null, "CHART_CORR": 0.0, "CHART_CO_1": 0.0, "CHART_REVI": null, "CHART_CANC": null, "CHART_INTN": 0.0, "CHART_MAIN": null, "CHART_GENE": null, "CHART_SPEC": null, "CHART_SP_1": null, "PANEL_CHAR": null, "PANEL_CH_1": 1160.0, "PANEL_CH_2": null, "PANEL_IDEN": "1160_2", "PANEL_MAIN": "B Porlock", "PANEL_GENE": null, "PANEL_MULT": "No", "PANEL_SPEC": null, "PANEL_SP_1": null, "PUBLICAT_1": 0.0, "PUBLICAT_2": null, "PUBLICAT_3": null, "PUBLICAT_4": null, "PUBLICAT_5": null, "GBENC_CELL": null, "GBENC_EDIT": null, "GBENC_FILE": null, "GBENC_ISSU": null, "GBENC_NAVP": null, "GBENC_UPDA": null, "GBENC_UP_1": null, "STATUS": "ASSESS_CLOSED", "STATUS_OP": 10738, "STATUS_DAT": "2025-11-03T00:00:00", "GEO_ID": 2683711, "SHAPE_AREA": 0.0, "SHAPE_LEN": 0.0 }, "geometry": { "type": "Polygon", "coordinates": [ [ [ -3.64166666666668, 51.206999597666453 ], [ -3.64166666666668, 51.241332729833033 ], [ -3.576666666666654, 51.241332729833033 ], [ -3.576666666666654, 51.206999597666453 ], [ -3.64166666666668, 51.206999597666453 ] ] ] } },
{ "type": "Feature", "properties": { "SDOC_ID": 2707713, "SDOC_NAME": "5602_15_1 A Plymouth Sound", "SOURCE_NAM": "RSDRA2025000544993", "SDT_ID": 1950, "SDT_NAME": "UKHO Chart - Panel", "DATUM": "D_WGS_1984", "CRS_ID": 432627, "CRS_PARAMS": "PROJCS[\"WGS84_Transverse_Mercator\",GEOGCS[\"GCS_WGS_1984\",DATUM[\"D_WGS_1984\",SPHEROID[\"WGS_1984\",6378137.0,298.257223563]],PRIMEM[\"Greenwich\",0.0],UNIT[\"Degree\",0.0174532925199433]],PROJECTION[\"Transverse_Mercator\"],PARAMETER[\"False_Easting\",0.0],PARAMETE", "PUBLICATIO": "2023-05-11T00:00:00", "RECEIPTDAT": "2025-11-14T00:00:00", "UKHOVERSIO": "Current Version", "PRODUCEDBY": "UK Hydrographic Office", "PRODUCED_1": null, "PRODUCED_2": null, "IPROWNER1": "UK Hydrographic Office", "PROTECTIVE": "UNCLASSIFIED", "AUTHORITAT": "Yes", "SUBJECTMAT": null, "SUBJECTM_1": null, "SUBJECTM_2": null, "SUPPLIEDBY": null, "SUPPLIED_1": null, "SUPPLIED_2": null, "SUPPLIED_3": null, "SUPPLIED_4": null, "SCALE": 7500.0, "DEPTHUNITS": "Metres / Metres & Decimals", "SPATIALREF": 0.0, "VALIDATED": "Yes", "CHART_PREF": null, "CHART_NUMB": 0.0, "CHART_SUFF": null, "CHART_TYPE": null, "CHART_CORR": 0.0, "CHART_CO_1": 0.0, "CHART_REVI": null, "CHART_CANC": null, "CHART_INTN": 0.0, "CHART_MAIN": null, "CHART_GENE": null, "CHART_SPEC": null, "CHART_SP_1": null, "PANEL_CHAR": null, "PANEL_CH_1": 5602.0, "PANEL_CH_2": "_15", "PANEL_IDEN": "5602_15_1", "PANEL_MAIN": "A Plymouth Sound", "PANEL_GENE": null, "PANEL_MULT": "No", "PANEL_SPEC": null, "PANEL_SP_1": null, "PUBLICAT_1": 0.0, "PUBLICAT_2": null, "PUBLICAT_3": null, "PUBLICAT_4": null, "PUBLICAT_5": null, "GBENC_CELL": null, "GBENC_EDIT": null, "GBENC_FILE": null, "GBENC_ISSU": null, "GBENC_NAVP": null, "GBENC_UPDA": null, "GBENC_UP_1": null, "STATUS": "ASSESS_CLOSED", "STATUS_OP": 20300, "STATUS_DAT": "2025-11-14T00:00:00", "GEO_ID": 2429195, "SHAPE_AREA": 0.0, "SHAPE_LEN": 0.0 }, "geometry": { "type": "Polygon", "coordinates": [ [ [ -4.161079259706298, 50.345299738483192 ], [ -4.161080265540136, 50.359009253671303 ], [ -4.161083283041648, 50.370383222691601 ], [ -4.132863608931814, 50.370382216857763 ], [ -4.101756185878088, 50.370382216857763 ], [ -4.101754174210413, 50.345299738483192 ], [ -4.132117280225316, 50.345303761818542 ], [ -4.132117280225316, 50.345065379199355 ], [ -4.133021524844082, 50.345066385033192 ], [ -4.133021524844082, 50.345303761818542 ], [ -4.161079259706298, 50.345299738483192 ] ] ] } },
{ "type": "Feature", "properties": { "SDOC_ID": 2718511, "SDOC_NAME": "5608_8_1 A River Neath", "SOURCE_NAM": "RSDRA2025000594392", "SDT_ID": 1950, "SDT_NAME": "UKHO Chart - Panel", "DATUM": "D_WGS_1984", "CRS_ID": 432627, "CRS_PARAMS": "PROJCS[\"WGS84_Transverse_Mercator\",GEOGCS[\"GCS_WGS_1984\",DATUM[\"D_WGS_1984\",SPHEROID[\"WGS_1984\",6378137.0,298.257223563]],PRIMEM[\"Greenwich\",0.0],UNIT[\"Degree\",0.0174532925199433]],PROJECTION[\"Transverse_Mercator\"],PARAMETER[\"False_Easting\",0.0],PARAMETE", "PUBLICATIO": "2026-01-08T00:00:00", "RECEIPTDAT": "2025-12-21T00:00:00", "UKHOVERSIO": "Current Version", "PRODUCEDBY": "UK Hydrographic Office", "PRODUCED_1": null, "PRODUCED_2": null, "IPROWNER1": "UK Hydrographic Office", "PROTECTIVE": "UNCLASSIFIED", "AUTHORITAT": "Yes", "SUBJECTMAT": null, "SUBJECTM_1": null, "SUBJECTM_2": null, "SUPPLIEDBY": null, "SUPPLIED_1": null, "SUPPLIED_2": null, "SUPPLIED_3": null, "SUPPLIED_4": null, "SCALE": 12500.0, "DEPTHUNITS": "Metres / Metres & Decimals", "SPATIALREF": 0.0, "VALIDATED": "Yes", "CHART_PREF": null, "CHART_NUMB": 0.0, "CHART_SUFF": null, "CHART_TYPE": null, "CHART_CORR": 0.0, "CHART_CO_1": 0.0, "CHART_REVI": null, "CHART_CANC": null, "CHART_INTN": 0.0, "CHART_MAIN": null, "CHART_GENE": null, "CHART_SPEC": null, "CHART_SP_1": null, "PANEL_CHAR": null, "PANEL_CH_1": 5608.0, "PANEL_CH_2": "_8", "PANEL_IDEN": "5608_8_1", "PANEL_MAIN": "A River Neath", "PANEL_GENE": null, "PANEL_MULT": "No", "PANEL_SPEC": null, "PANEL_SP_1": null, "PUBLICAT_1": 0.0, "PUBLICAT_2": null, "PUBLICAT_3": null, "PUBLICAT_4": null, "PUBLICAT_5": null, "GBENC_CELL": null, "GBENC_EDIT": null, "GBENC_FILE": null, "GBENC_ISSU": null, "GBENC_NAVP": null, "GBENC_UPDA": null, "GBENC_UP_1": null, "STATUS": "ASSESS_CLOSED", "STATUS_OP": 29636, "STATUS_DAT": "2025-12-21T00:00:00", "GEO_ID": 2698635, "SHAPE_AREA": 0.0, "SHAPE_LEN": 0.0 }, "geometry": { "type": "Polygon", "coordinates": [ [ [ -3.851205994769657, 51.617122309394489 ], [ -3.851197948098985, 51.640149869241611 ], [ -3.827744920539118, 51.640151880909286 ], [ -3.827748943874468, 51.617121303560651 ], [ -3.851205994769657, 51.617122309394489 ] ] ] } },
{ "type": "Feature", "properties": { "SDOC_ID": 2718512, "SDOC_NAME": "5608_8_2 B Barry", "SOURCE_NAM": "RSDRA2025000594393", "SDT_ID": 1950, "SDT_NAME": "UKHO Chart - Panel", "DATUM": "D_WGS_1984", "CRS_ID": 432627, "CRS_PARAMS": "PROJCS[\"WGS84_Transverse_Mercator\",GEOGCS[\"GCS_WGS_1984\",DATUM[\"D_WGS_1984\",SPHEROID[\"WGS_1984\",6378137.0,298.257223563]],PRIMEM[\"Greenwich\",0.0],UNIT[\"Degree\",0.0174532925199433]],PROJECTION[\"Transverse_Mercator\"],PARAMETER[\"False_Easting\",0.0],PARAMETE", "PUBLICATIO": "2026-01-08T00:00:00", "RECEIPTDAT": "2025-12-21T00:00:00", "UKHOVERSIO": "Current Version", "PRODUCEDBY": "UK Hydrographic Office", "PRODUCED_1": null, "PRODUCED_2": null, "IPROWNER1": "UK Hydrographic Office", "PROTECTIVE": "UNCLASSIFIED", "AUTHORITAT": "Yes", "SUBJECTMAT": null, "SUBJECTM_1": null, "SUBJECTM_2": null, "SUPPLIEDBY": null, "SUPPLIED_1": null, "SUPPLIED_2": null, "SUPPLIED_3": null, "SUPPLIED_4": null, "SCALE": 12500.0, "DEPTHUNITS": "Metres / Metres & Decimals", "SPATIALREF": 0.0, "VALIDATED": "Yes", "CHART_PREF": null, "CHART_NUMB": 0.0, "CHART_SUFF": null, "CHART_TYPE": null, "CHART_CORR": 0.0, "CHART_CO_1": 0.0, "CHART_REVI": null, "CHART_CANC": null, "CHART_INTN": 0.0, "CHART_MAIN": null, "CHART_GENE": null, "CHART_SPEC": null, "CHART_SP_1": null, "PANEL_CHAR": null, "PANEL_CH_1": 5608.0, "PANEL_CH_2": "_8", "PANEL_IDEN": "5608_8_2", "PANEL_MAIN": "B Barry", "PANEL_GENE": null, "PANEL_MULT": "No", "PANEL_SPEC": null, "PANEL_SP_1": null, "PUBLICAT_1": 0.0, "PUBLICAT_2": null, "PUBLICAT_3": null, "PUBLICAT_4": null, "PUBLICAT_5": null, "GBENC_CELL": null, "GBENC_EDIT": null, "GBENC_FILE": null, "GBENC_ISSU": null, "GBENC_NAVP": null, "GBENC_UPDA": null, "GBENC_UP_1": null, "STATUS": "ASSESS_CLOSED", "STATUS_OP": 29636, "STATUS_DAT": "2025-12-21T00:00:00", "GEO_ID": 2698636, "SHAPE_AREA": 0.0, "SHAPE_LEN": 0.0 }, "geometry": { "type": "Polygon", "coordinates": [ [ [ -3.290666867833437, 51.382478374572514 ], [ -3.290666867833437, 51.405499899416611 ], [ -3.24666666666667, 51.405499899416611 ], [ -3.24666666666667, 51.382478374572514 ], [ -3.290666867833437, 51.382478374572514 ] ] ] } },
{ "type": "Feature", "properties": { "SDOC_ID": 2728637, "SDOC_NAME": "5608_9_0 Foreland Point to Nash Point", "SOURCE_NAM": "RSDRA2026000032938", "SDT_ID": 1950, "SDT_NAME": "UKHO Chart - Panel", "DATUM": "D_WGS_1984", "CRS_ID": 432612, "CRS_PARAMS": "PROJCS[\"WGS84_Mercator\",GEOGCS[\"GCS_WGS_1984\",DATUM[\"D_WGS_1984\",SPHEROID[\"WGS_1984\",6378137.0,298.257223563]],PRIMEM[\"Greenwich\",0.0],UNIT[\"Degree\",0.0174532925199433]],PROJECTION[\"Mercator\"],PARAMETER[\"False_Easting\",0.0],PARAMETER[\"False_Northing\",0.0", "PUBLICATIO": "2025-07-03T00:00:00", "RECEIPTDAT": "2026-01-28T00:00:00", "UKHOVERSIO": "Current Version", "PRODUCEDBY": "UK Hydrographic Office", "PRODUCED_1": null, "PRODUCED_2": null, "IPROWNER1": "UK Hydrographic Office", "PROTECTIVE": "UNCLASSIFIED", "AUTHORITAT": "Yes", "SUBJECTMAT": null, "SUBJECTM_1": null, "SUBJECTM_2": null, "SUPPLIEDBY": null, "SUPPLIED_1": null, "SUPPLIED_2": null, "SUPPLIED_3": null, "SUPPLIED_4": null, "SCALE": 75000.0, "DEPTHUNITS": "Metres / Metres & Decimals", "SPATIALREF": 0.0, "VALIDATED": "Yes", "CHART_PREF": null, "CHART_NUMB": 0.0, "CHART_SUFF": null, "CHART_TYPE": null, "CHART_CORR": 0.0, "CHART_CO_1": 0.0, "CHART_REVI": null, "CHART_CANC": null, "CHART_INTN": 0.0, "CHART_MAIN": null, "CHART_GENE": null, "CHART_SPEC": null, "CHART_SP_1": null, "PANEL_CHAR": null, "PANEL_CH_1": 5608.0, "PANEL_CH_2": "_9", "PANEL_IDEN": "5608_9_0", "PANEL_MAIN": "Foreland Point to Nash Point", "PANEL_GENE": null, "PANEL_MULT": "No", "PANEL_SPEC": null, "PANEL_SP_1": null, "PUBLICAT_1": 0.0, "PUBLICAT_2": null, "PUBLICAT_3": null, "PUBLICAT_4": null, "PUBLICAT_5": null, "GBENC_CELL": null, "GBENC_EDIT": null, "GBENC_FILE": null, "GBENC_ISSU": null, "GBENC_NAVP": null, "GBENC_UPDA": null, "GBENC_UP_1": null, "STATUS": "ASSESS_CLOSED", "STATUS_OP": 22743, "STATUS_DAT": "2026-01-28T00:00:00", "GEO_ID": 2644677, "SHAPE_AREA": 0.0, "SHAPE_LEN": 0.0 }, "geometry": { "type": "Polygon", "coordinates": [ [ [ -4.015832830416429, 51.205999798833233 ], [ -4.015832830416429, 51.455 ], [ -3.414167169583578, 51.455 ], [ -3.414167169583578, 51.383340374170189 ], [ -3.408627036813527, 51.383341380004026 ], [ -3.408580768457057, 51.366685777509559 ], [ -3.414167169583578, 51.366690806678747 ], [ -3.414167169583578, 51.205999798833233 ], [ -4.015832830416429, 51.205999798833233 ] ] ] } },
{ "type": "Feature", "properties": { "SDOC_ID": 2736135, "SDOC_NAME": "5602_12_2 B Salcombe", "SOURCE_NAM": "RSDRA2026000068488", "SDT_ID": 1950, "SDT_NAME": "UKHO Chart - Panel", "DATUM": "D_WGS_1984", "CRS_ID": 432627, "CRS_PARAMS": "PROJCS[\"WGS84_Transverse_Mercator\",GEOGCS[\"GCS_WGS_1984\",DATUM[\"D_WGS_1984\",SPHEROID[\"WGS_1984\",6378137.0,298.257223563]],PRIMEM[\"Greenwich\",0.0],UNIT[\"Degree\",0.0174532925199433]],PROJECTION[\"Transverse_Mercator\"],PARAMETER[\"False_Easting\",0.0],PARAMETE", "PUBLICATIO": "2023-05-11T00:00:00", "RECEIPTDAT": "2026-02-20T00:00:00", "UKHOVERSIO": "Current Version", "PRODUCEDBY": "UK Hydrographic Office", "PRODUCED_1": null, "PRODUCED_2": null, "IPROWNER1": "UK Hydrographic Office", "PROTECTIVE": "UNCLASSIFIED", "AUTHORITAT": "Yes", "SUBJECTMAT": null, "SUBJECTM_1": null, "SUBJECTM_2": null, "SUPPLIEDBY": null, "SUPPLIED_1": null, "SUPPLIED_2": null, "SUPPLIED_3": null, "SUPPLIED_4": null, "SCALE": 5000.0, "DEPTHUNITS": "Metres / Metres & Decimals", "SPATIALREF": 0.0, "VALIDATED": "Yes", "CHART_PREF": null, "CHART_NUMB": 0.0, "CHART_SUFF": null, "CHART_TYPE": null, "CHART_CORR": 0.0, "CHART_CO_1": 0.0, "CHART_REVI": null, "CHART_CANC": null, "CHART_INTN": 0.0, "CHART_MAIN": null, "CHART_GENE": null, "CHART_SPEC": null, "CHART_SP_1": null, "PANEL_CHAR": null, "PANEL_CH_1": 5602.0, "PANEL_CH_2": "_12", "PANEL_IDEN": "5602_12_2", "PANEL_MAIN": "B Salcombe", "PANEL_GENE": null, "PANEL_MULT": "No", "PANEL_SPEC": null, "PANEL_SP_1": null, "PUBLICAT_1": 0.0, "PUBLICAT_2": null, "PUBLICAT_3": null, "PUBLICAT_4": null, "PUBLICAT_5": null, "GBENC_CELL": null, "GBENC_EDIT": null, "GBENC_FILE": null, "GBENC_ISSU": null, "GBENC_NAVP": null, "GBENC_UPDA": null, "GBENC_UP_1": null, "STATUS": "ASSESS_CLOSED", "STATUS_OP": 3512, "STATUS_DAT": "2026-02-20T00:00:00", "GEO_ID": 2429074, "SHAPE_AREA": 0.0, "SHAPE_LEN": 0.0 }, "geometry": { "type": "Polygon", "coordinates": [ [ [ -3.768820156910067, 50.24461677730838 ], [ -3.755086501709911, 50.244617783142218 ], [ -3.755084490042236, 50.235942466304579 ], [ -3.761253268959962, 50.235941460470741 ], [ -3.761254274793799, 50.233335345000995 ], [ -3.768819151076229, 50.233335345000995 ], [ -3.768820156910067, 50.24461677730838 ] ] ] } },
{ "type": "Feature", "properties": { "SDOC_ID": 2742584, "SDOC_NAME": "0777_0 Land's End to Falmouth", "SOURCE_NAM": "RSDRA2026000097422", "SDT_ID": 1950, "SDT_NAME": "UKHO Chart - Panel", "DATUM": "D_WGS_1984", "CRS_ID": 432612, "CRS_PARAMS": "PROJCS[\"WGS84_Mercator\",GEOGCS[\"GCS_WGS_1984\",DATUM[\"D_WGS_1984\",SPHEROID[\"WGS_1984\",6378137.0,298.257223563]],PRIMEM[\"Greenwich\",0.0],UNIT[\"Degree\",0.0174532925199433]],PROJECTION[\"Mercator\"],PARAMETER[\"False_Easting\",0.0],PARAMETER[\"False_Northing\",0.0", "PUBLICATIO": "2018-01-18T00:00:00", "RECEIPTDAT": "2026-03-16T00:00:00", "UKHOVERSIO": "Current Version", "PRODUCEDBY": "UK Hydrographic Office", "PRODUCED_1": null, "PRODUCED_2": null, "IPROWNER1": "UK Hydrographic Office", "PROTECTIVE": "UNCLASSIFIED", "AUTHORITAT": "Yes", "SUBJECTMAT": null, "SUBJECTM_1": null, "SUBJECTM_2": null, "SUPPLIEDBY": null, "SUPPLIED_1": null, "SUPPLIED_2": null, "SUPPLIED_3": null, "SUPPLIED_4": null, "SCALE": 75000.0, "DEPTHUNITS": "Metres / Metres & Decimals", "SPATIALREF": 0.0, "VALIDATED": "Yes", "CHART_PREF": null, "CHART_NUMB": 0.0, "CHART_SUFF": null, "CHART_TYPE": null, "CHART_CORR": 0.0, "CHART_CO_1": 0.0, "CHART_REVI": null, "CHART_CANC": null, "CHART_INTN": 0.0, "CHART_MAIN": null, "CHART_GENE": null, "CHART_SPEC": null, "CHART_SP_1": null, "PANEL_CHAR": null, "PANEL_CH_1": 777.0, "PANEL_CH_2": null, "PANEL_IDEN": "0777_0", "PANEL_MAIN": "Land's End to Falmouth", "PANEL_GENE": null, "PANEL_MULT": "No", "PANEL_SPEC": null, "PANEL_SP_1": null, "PUBLICAT_1": 0.0, "PUBLICAT_2": null, "PUBLICAT_3": null, "PUBLICAT_4": null, "PUBLICAT_5": null, "GBENC_CELL": null, "GBENC_EDIT": null, "GBENC_FILE": null, "GBENC_ISSU": null, "GBENC_NAVP": null, "GBENC_UPDA": null, "GBENC_UP_1": null, "STATUS": "ASSESS_CLOSED", "STATUS_OP": 19592, "STATUS_DAT": "2026-03-16T00:00:00", "GEO_ID": 1929956, "SHAPE_AREA": 0.0, "SHAPE_LEN": 0.0 }, "geometry": { "type": "Polygon", "coordinates": [ [ [ -5.833312210822783, 49.73395594447797 ], [ -5.833312210822783, 50.163663246831618 ], [ -4.798422852544746, 50.16365821766243 ], [ -4.798384630858976, 49.733932810299734 ], [ -5.833312210822783, 49.73395594447797 ] ] ] } },
{ "type": "Feature", "properties": { "SDOC_ID": 2750482, "SDOC_NAME": "1168_2 B Padstow", "SOURCE_NAM": "RSDRA2026000138708", "SDT_ID": 1950, "SDT_NAME": "UKHO Chart - Panel", "DATUM": "European Terrestrial Reference System 1989", "CRS_ID": 500650, "CRS_PARAMS": "PROJCS[\"ETRS 89 / TM Projection\",GEOGCS[\"ETRS89\",DATUM[\"European Terrestrial Reference System 1989\",SPHEROID[\"GRS_1980\",6378137.0,298.257222101]],PRIMEM[\"Greenwich\",0.0],UNIT[\"Degree\",0.0174532925199433]],PROJECTION[\"Transverse_Mercator\"],PARAMETER[\"Fals", "PUBLICATIO": "2021-06-17T00:00:00", "RECEIPTDAT": "2026-04-10T00:00:00", "UKHOVERSIO": "Current Version", "PRODUCEDBY": "UK Hydrographic Office", "PRODUCED_1": null, "PRODUCED_2": null, "IPROWNER1": "UK Hydrographic Office", "PROTECTIVE": "UNCLASSIFIED", "AUTHORITAT": "Yes", "SUBJECTMAT": null, "SUBJECTM_1": null, "SUBJECTM_2": null, "SUPPLIEDBY": null, "SUPPLIED_1": null, "SUPPLIED_2": null, "SUPPLIED_3": null, "SUPPLIED_4": null, "SCALE": 10000.0, "DEPTHUNITS": "Metres / Metres & Decimals", "SPATIALREF": 0.0, "VALIDATED": "Yes", "CHART_PREF": null, "CHART_NUMB": 0.0, "CHART_SUFF": null, "CHART_TYPE": null, "CHART_CORR": 0.0, "CHART_CO_1": 0.0, "CHART_REVI": null, "CHART_CANC": null, "CHART_INTN": 0.0, "CHART_MAIN": null, "CHART_GENE": null, "CHART_SPEC": null, "CHART_SP_1": null, "PANEL_CHAR": null, "PANEL_CH_1": 1168.0, "PANEL_CH_2": null, "PANEL_IDEN": "1168_2", "PANEL_MAIN": "B Padstow", "PANEL_GENE": null, "PANEL_MULT": "No", "PANEL_SPEC": null, "PANEL_SP_1": null, "PUBLICAT_1": 0.0, "PUBLICAT_2": null, "PUBLICAT_3": null, "PUBLICAT_4": null, "PUBLICAT_5": null, "GBENC_CELL": null, "GBENC_EDIT": null, "GBENC_FILE": null, "GBENC_ISSU": null, "GBENC_NAVP": null, "GBENC_UPDA": null, "GBENC_UP_1": null, "STATUS": "ASSESS_CLOSED", "STATUS_OP": 29636, "STATUS_DAT": "2026-04-10T00:00:00", "GEO_ID": 2254246, "SHAPE_AREA": 0.0, "SHAPE_LEN": 0.0 }, "geometry": { "type": "Polygon", "coordinates": [ [ [ -4.938333333333333, 50.537667471333748 ], [ -4.938336350834845, 50.553672299336142 ], [ -4.918332327499485, 50.553665258499308 ], [ -4.918333333333322, 50.537667471333748 ], [ -4.938333333333333, 50.537667471333748 ] ] ] } },
{ "type": "Feature", "properties": { "SDOC_ID": 2769306, "SDOC_NAME": "5602_19_3 C Halton Quay", "SOURCE_NAM": "RSDRA2026000231681", "SDT_ID": 1950, "SDT_NAME": "UKHO Chart - Panel", "DATUM": "D_WGS_1984", "CRS_ID": 432627, "CRS_PARAMS": "PROJCS[\"WGS84_Transverse_Mercator\",GEOGCS[\"GCS_WGS_1984\",DATUM[\"D_WGS_1984\",SPHEROID[\"WGS_1984\",6378137.0,298.257223563]],PRIMEM[\"Greenwich\",0.0],UNIT[\"Degree\",0.0174532925199433]],PROJECTION[\"Transverse_Mercator\"],PARAMETER[\"False_Easting\",0.0],PARAMETE", "PUBLICATIO": "2023-05-11T00:00:00", "RECEIPTDAT": "2026-06-15T00:00:00", "UKHOVERSIO": "Current Version", "PRODUCEDBY": "UK Hydrographic Office", "PRODUCED_1": null, "PRODUCED_2": null, "IPROWNER1": "UK Hydrographic Office", "PROTECTIVE": "UNCLASSIFIED", "AUTHORITAT": "Yes", "SUBJECTMAT": null, "SUBJECTM_1": null, "SUBJECTM_2": null, "SUPPLIEDBY": null, "SUPPLIED_1": null, "SUPPLIED_2": null, "SUPPLIED_3": null, "SUPPLIED_4": null, "SCALE": 12500.0, "DEPTHUNITS": "Metres / Metres & Decimals", "SPATIALREF": 0.0, "VALIDATED": "Yes", "CHART_PREF": null, "CHART_NUMB": 0.0, "CHART_SUFF": null, "CHART_TYPE": null, "CHART_CORR": 0.0, "CHART_CO_1": 0.0, "CHART_REVI": null, "CHART_CANC": null, "CHART_INTN": 0.0, "CHART_MAIN": null, "CHART_GENE": null, "CHART_SPEC": null, "CHART_SP_1": null, "PANEL_CHAR": null, "PANEL_CH_1": 5602.0, "PANEL_CH_2": "_19", "PANEL_IDEN": "5602_19_3", "PANEL_MAIN": "C Halton Quay", "PANEL_GENE": null, "PANEL_MULT": "No", "PANEL_SPEC": null, "PANEL_SP_1": null, "PUBLICAT_1": 0.0, "PUBLICAT_2": null, "PUBLICAT_3": null, "PUBLICAT_4": null, "PUBLICAT_5": null, "GBENC_CELL": null, "GBENC_EDIT": null, "GBENC_FILE": null, "GBENC_ISSU": null, "GBENC_NAVP": null, "GBENC_UPDA": null, "GBENC_UP_1": null, "STATUS": "ASSESS_CLOSED", "STATUS_OP": 3512, "STATUS_DAT": "2026-06-15T00:00:00", "GEO_ID": 2429224, "SHAPE_AREA": 0.0, "SHAPE_LEN": 0.0 }, "geometry": { "type": "Polygon", "coordinates": [ [ [ -4.24, 50.465999798833224 ], [ -4.24, 50.491666666666674 ], [ -4.215832830416417, 50.491666666666674 ], [ -4.215832830416417, 50.465999798833224 ], [ -4.24, 50.465999798833224 ] ] ] } },
{ "type": "Feature", "properties": { "SDOC_ID": 2769311, "SDOC_NAME": "5602_14_0 Plymouth Sound", "SOURCE_NAM": "RSDRA2026000231686", "SDT_ID": 1950, "SDT_NAME": "UKHO Chart - Panel", "DATUM": "D_WGS_1984", "CRS_ID": 432627, "CRS_PARAMS": "PROJCS[\"WGS84_Transverse_Mercator\",GEOGCS[\"GCS_WGS_1984\",DATUM[\"D_WGS_1984\",SPHEROID[\"WGS_1984\",6378137.0,298.257223563]],PRIMEM[\"Greenwich\",0.0],UNIT[\"Degree\",0.0174532925199433]],PROJECTION[\"Transverse_Mercator\"],PARAMETER[\"False_Easting\",0.0],PARAMETE", "PUBLICATIO": "2024-02-22T00:00:00", "RECEIPTDAT": "2026-06-15T00:00:00", "UKHOVERSIO": "Current Version", "PRODUCEDBY": "UK Hydrographic Office", "PRODUCED_1": null, "PRODUCED_2": null, "IPROWNER1": "UK Hydrographic Office", "PROTECTIVE": "UNCLASSIFIED", "AUTHORITAT": "Yes", "SUBJECTMAT": null, "SUBJECTM_1": null, "SUBJECTM_2": null, "SUPPLIEDBY": null, "SUPPLIED_1": null, "SUPPLIED_2": null, "SUPPLIED_3": null, "SUPPLIED_4": null, "SCALE": 12500.0, "DEPTHUNITS": "Metres / Metres & Decimals", "SPATIALREF": 0.0, "VALIDATED": "Yes", "CHART_PREF": null, "CHART_NUMB": 0.0, "CHART_SUFF": null, "CHART_TYPE": null, "CHART_CORR": 0.0, "CHART_CO_1": 0.0, "CHART_REVI": null, "CHART_CANC": null, "CHART_INTN": 0.0, "CHART_MAIN": null, "CHART_GENE": null, "CHART_SPEC": null, "CHART_SP_1": null, "PANEL_CHAR": null, "PANEL_CH_1": 5602.0, "PANEL_CH_2": "_14", "PANEL_IDEN": "5602_14_0", "PANEL_MAIN": "Plymouth Sound", "PANEL_GENE": null, "PANEL_MULT": "No", "PANEL_SPEC": null, "PANEL_SP_1": null, "PUBLICAT_1": 0.0, "PUBLICAT_2": null, "PUBLICAT_3": null, "PUBLICAT_4": null, "PUBLICAT_5": null, "GBENC_CELL": null, "GBENC_EDIT": null, "GBENC_FILE": null, "GBENC_ISSU": null, "GBENC_NAVP": null, "GBENC_UPDA": null, "GBENC_UP_1": null, "STATUS": "ASSESS_CLOSED", "STATUS_OP": 3512, "STATUS_DAT": "2026-06-15T00:00:00", "GEO_ID": 2503464, "SHAPE_AREA": 0.0, "SHAPE_LEN": 0.0 }, "geometry": { "type": "Polygon", "coordinates": [ [ [ -4.203833232749957, 50.355631663649177 ], [ -4.159159122912882, 50.355634681150661 ], [ -4.105030175015088, 50.355631663649177 ], [ -4.105032186682763, 50.333328304164155 ], [ -4.10502916918125, 50.313831221082268 ], [ -4.158335345001007, 50.313844296922156 ], [ -4.203835244417633, 50.31383021524843 ], [ -4.203834238583795, 50.333333333333343 ], [ -4.203833232749957, 50.355631663649177 ] ] ] } },
{ "type": "Feature", "properties": { "SDOC_ID": 2771172, "SDOC_NAME": "0148_1 Polperro Harbour", "SOURCE_NAM": "RSDRA2026000242638", "SDT_ID": 1950, "SDT_NAME": "UKHO Chart - Panel", "DATUM": "D_WGS_1984", "CRS_ID": 432627, "CRS_PARAMS": "PROJCS[\"WGS84_Transverse_Mercator\",GEOGCS[\"GCS_WGS_1984\",DATUM[\"D_WGS_1984\",SPHEROID[\"WGS_1984\",6378137.0,298.257223563]],PRIMEM[\"Greenwich\",0.0],UNIT[\"Degree\",0.0174532925199433]],PROJECTION[\"Transverse_Mercator\"],PARAMETER[\"False_Easting\",0.0],PARAMETE", "PUBLICATIO": "2021-02-11T00:00:00", "RECEIPTDAT": "2026-06-19T00:00:00", "UKHOVERSIO": "Current Version", "PRODUCEDBY": "UK Hydrographic Office", "PRODUCED_1": null, "PRODUCED_2": null, "IPROWNER1": "UK Hydrographic Office", "PROTECTIVE": "UNCLASSIFIED", "AUTHORITAT": "Yes", "SUBJECTMAT": null, "SUBJECTM_1": null, "SUBJECTM_2": null, "SUPPLIEDBY": null, "SUPPLIED_1": null, "SUPPLIED_2": null, "SUPPLIED_3": null, "SUPPLIED_4": null, "SCALE": 3500.0, "DEPTHUNITS": "Metres / Metres & Decimals", "SPATIALREF": 0.0, "VALIDATED": "Yes", "CHART_PREF": null, "CHART_NUMB": 0.0, "CHART_SUFF": null, "CHART_TYPE": null, "CHART_CORR": 0.0, "CHART_CO_1": 0.0, "CHART_REVI": null, "CHART_CANC": null, "CHART_INTN": 0.0, "CHART_MAIN": null, "CHART_GENE": null, "CHART_SPEC": null, "CHART_SP_1": null, "PANEL_CHAR": null, "PANEL_CH_1": 148.0, "PANEL_CH_2": null, "PANEL_IDEN": "0148_1", "PANEL_MAIN": "Polperro Harbour", "PANEL_GENE": null, "PANEL_MULT": "No", "PANEL_SPEC": null, "PANEL_SP_1": null, "PUBLICAT_1": 0.0, "PUBLICAT_2": null, "PUBLICAT_3": null, "PUBLICAT_4": null, "PUBLICAT_5": null, "GBENC_CELL": null, "GBENC_EDIT": null, "GBENC_FILE": null, "GBENC_ISSU": null, "GBENC_NAVP": null, "GBENC_UPDA": null, "GBENC_UP_1": null, "STATUS": "ASSESS_CLOSED", "STATUS_OP": 20300, "STATUS_DAT": "2026-06-19T00:00:00", "GEO_ID": 2221659, "SHAPE_AREA": 0.0, "SHAPE_LEN": 0.0 }, "geometry": { "type": "Polygon", "coordinates": [ [ [ -4.518586803460067, 50.331953329310011 ], [ -4.511186883926769, 50.33195835847917 ], [ -4.511186883926769, 50.328905652786148 ], [ -4.518586803460067, 50.328905652786148 ], [ -4.518586803460067, 50.331953329310011 ] ] ] } },
{ "type": "Feature", "properties": { "SDOC_ID": 2773846, "SDOC_NAME": "1152_0 Bristol Channel  Nash Point to Sand Point", "SOURCE_NAM": "RSDRA2026000256759", "SDT_ID": 1950, "SDT_NAME": "UKHO Chart - Panel", "DATUM": "D_WGS_1984", "CRS_ID": 432627, "CRS_PARAMS": "PROJCS[\"WGS84_Transverse_Mercator\",GEOGCS[\"GCS_WGS_1984\",DATUM[\"D_WGS_1984\",SPHEROID[\"WGS_1984\",6378137.0,298.257223563]],PRIMEM[\"Greenwich\",0.0],UNIT[\"Degree\",0.0174532925199433]],PROJECTION[\"Transverse_Mercator\"],PARAMETER[\"False_Easting\",0.0],PARAMETE", "PUBLICATIO": "2021-12-23T00:00:00", "RECEIPTDAT": "2026-06-29T00:00:00", "UKHOVERSIO": "Current Version", "PRODUCEDBY": "UK Hydrographic Office", "PRODUCED_1": null, "PRODUCED_2": null, "IPROWNER1": "UK Hydrographic Office", "PROTECTIVE": "UNCLASSIFIED", "AUTHORITAT": "Yes", "SUBJECTMAT": null, "SUBJECTM_1": null, "SUBJECTM_2": null, "SUPPLIEDBY": null, "SUPPLIED_1": null, "SUPPLIED_2": null, "SUPPLIED_3": null, "SUPPLIED_4": null, "SCALE": 50000.0, "DEPTHUNITS": "Metres / Metres & Decimals", "SPATIALREF": 0.0, "VALIDATED": "Yes", "CHART_PREF": null, "CHART_NUMB": 0.0, "CHART_SUFF": null, "CHART_TYPE": null, "CHART_CORR": 0.0, "CHART_CO_1": 0.0, "CHART_REVI": null, "CHART_CANC": null, "CHART_INTN": 0.0, "CHART_MAIN": null, "CHART_GENE": null, "CHART_SPEC": null, "CHART_SP_1": null, "PANEL_CHAR": null, "PANEL_CH_1": 1152.0, "PANEL_CH_2": null, "PANEL_IDEN": "1152_0", "PANEL_MAIN": "Bristol Channel  Nash Point to Sand Point", "PANEL_GENE": "England and Wales", "PANEL_MULT": "No", "PANEL_SPEC": null, "PANEL_SP_1": null, "PUBLICAT_1": 0.0, "PUBLICAT_2": null, "PUBLICAT_3": null, "PUBLICAT_4": null, "PUBLICAT_5": null, "GBENC_CELL": null, "GBENC_EDIT": null, "GBENC_FILE": null, "GBENC_ISSU": null, "GBENC_NAVP": null, "GBENC_UPDA": null, "GBENC_UP_1": null, "STATUS": "ASSESS_CLOSED", "STATUS_OP": 26334, "STATUS_DAT": "2026-06-29T00:00:00", "GEO_ID": 2303369, "SHAPE_AREA": 0.0, "SHAPE_LEN": 0.0 }, "geometry": { "type": "Polygon", "coordinates": [ [ [ -3.581253268959955, 51.417693623013491 ], [ -2.881131563065793, 51.417695634681138 ], [ -2.881167773083888, 51.300004023335333 ], [ -2.875492858579776, 51.3 ], [ -2.875488835244425, 51.294994970830828 ], [ -2.88112049889358, 51.29499899416615 ], [ -2.881143633071815, 51.125479782739887 ], [ -3.581275397304353, 51.12547877690605 ], [ -3.581253268959955, 51.417693623013491 ] ] ] } },
{ "type": "Feature", "properties": { "SDOC_ID": 2776478, "SDOC_NAME": "5603_1_2 B Porthallow to Porthoustock", "SOURCE_NAM": "RSDRA2026000268505", "SDT_ID": 1950, "SDT_NAME": "UKHO Chart - Panel", "DATUM": "D_WGS_1984", "CRS_ID": 432627, "CRS_PARAMS": "PROJCS[\"WGS84_Transverse_Mercator\",GEOGCS[\"GCS_WGS_1984\",DATUM[\"D_WGS_1984\",SPHEROID[\"WGS_1984\",6378137.0,298.257223563]],PRIMEM[\"Greenwich\",0.0],UNIT[\"Degree\",0.0174532925199433]],PROJECTION[\"Transverse_Mercator\"],PARAMETER[\"False_Easting\",0.0],PARAMETE", "PUBLICATIO": "2026-04-23T00:00:00", "RECEIPTDAT": "2026-07-07T00:00:00", "UKHOVERSIO": "Current Version", "PRODUCEDBY": "UK Hydrographic Office", "PRODUCED_1": null, "PRODUCED_2": null, "IPROWNER1": "UK Hydrographic Office", "PROTECTIVE": "UNCLASSIFIED", "AUTHORITAT": "Yes", "SUBJECTMAT": null, "SUBJECTM_1": null, "SUBJECTM_2": null, "SUPPLIEDBY": null, "SUPPLIED_1": null, "SUPPLIED_2": null, "SUPPLIED_3": null, "SUPPLIED_4": null, "SCALE": 15000.0, "DEPTHUNITS": "Metres / Metres & Decimals", "SPATIALREF": 0.0, "VALIDATED": "Yes", "CHART_PREF": null, "CHART_NUMB": 0.0, "CHART_SUFF": null, "CHART_TYPE": null, "CHART_CORR": 0.0, "CHART_CO_1": 0.0, "CHART_REVI": null, "CHART_CANC": null, "CHART_INTN": 0.0, "CHART_MAIN": null, "CHART_GENE": null, "CHART_SPEC": null, "CHART_SP_1": null, "PANEL_CHAR": null, "PANEL_CH_1": 5603.0, "PANEL_CH_2": "_1", "PANEL_IDEN": "5603_1_2", "PANEL_MAIN": "B Porthallow to Porthoustock", "PANEL_GENE": null, "PANEL_MULT": "No", "PANEL_SPEC": null, "PANEL_SP_1": null, "PUBLICAT_1": 0.0, "PUBLICAT_2": null, "PUBLICAT_3": null, "PUBLICAT_4": null, "PUBLICAT_5": null, "GBENC_CELL": null, "GBENC_EDIT": null, "GBENC_FILE": null, "GBENC_ISSU": null, "GBENC_NAVP": null, "GBENC_UPDA": null, "GBENC_UP_1": null, "STATUS": "ASSESS_CLOSED", "STATUS_OP": 22743, "STATUS_DAT": "2026-07-07T00:00:00", "GEO_ID": 2732299, "SHAPE_AREA": 0.0, "SHAPE_LEN": 0.0 }, "geometry": { "type": "Polygon", "coordinates": [ [ [ -5.04683262924965, 50.050499899416621 ], [ -5.046833635083487, 50.050479782739899 ], [ -5.081666666666678, 50.050481794407574 ], [ -5.081666666666678, 50.050499899416621 ], [ -5.081666666666678, 50.073167370750355 ], [ -5.04683262924965, 50.073167370750355 ], [ -5.04683262924965, 50.050499899416621 ] ] ] } },
{ "type": "Feature", "properties": { "SDOC_ID": 2778413, "SDOC_NAME": "1166_4 D Sharpness Docks", "SOURCE_NAM": "RSDRA2026000278549", "SDT_ID": 1950, "SDT_NAME": "UKHO Chart - Panel", "DATUM": "D_WGS_1984", "CRS_ID": 432627, "CRS_PARAMS": "PROJCS[\"WGS84_Transverse_Mercator\",GEOGCS[\"GCS_WGS_1984\",DATUM[\"D_WGS_1984\",SPHEROID[\"WGS_1984\",6378137.0,298.257223563]],PRIMEM[\"Greenwich\",0.0],UNIT[\"Degree\",0.0174532925199433]],PROJECTION[\"Transverse_Mercator\"],PARAMETER[\"False_Easting\",0.0],PARAMETE", "PUBLICATIO": "2026-07-09T00:00:00", "RECEIPTDAT": "2026-07-14T00:00:00", "UKHOVERSIO": "Current Version", "PRODUCEDBY": "UK Hydrographic Office", "PRODUCED_1": null, "PRODUCED_2": null, "IPROWNER1": "UK Hydrographic Office", "PROTECTIVE": "UNCLASSIFIED", "AUTHORITAT": "Yes", "SUBJECTMAT": null, "SUBJECTM_1": null, "SUBJECTM_2": null, "SUPPLIEDBY": null, "SUPPLIED_1": null, "SUPPLIED_2": null, "SUPPLIED_3": null, "SUPPLIED_4": null, "SCALE": 10000.0, "DEPTHUNITS": "Metres / Metres & Decimals", "SPATIALREF": 0.0, "VALIDATED": "Yes", "CHART_PREF": null, "CHART_NUMB": 0.0, "CHART_SUFF": null, "CHART_TYPE": null, "CHART_CORR": 0.0, "CHART_CO_1": 0.0, "CHART_REVI": null, "CHART_CANC": null, "CHART_INTN": 0.0, "CHART_MAIN": null, "CHART_GENE": null, "CHART_SPEC": null, "CHART_SP_1": null, "PANEL_CHAR": null, "PANEL_CH_1": 1166.0, "PANEL_CH_2": null, "PANEL_IDEN": "1166_4", "PANEL_MAIN": "D Sharpness Docks", "PANEL_GENE": null, "PANEL_MULT": "No", "PANEL_SPEC": null, "PANEL_SP_1": null, "PUBLICAT_1": 0.0, "PUBLICAT_2": null, "PUBLICAT_3": null, "PUBLICAT_4": null, "PUBLICAT_5": null, "GBENC_CELL": null, "GBENC_EDIT": null, "GBENC_FILE": null, "GBENC_ISSU": null, "GBENC_NAVP": null, "GBENC_UPDA": null, "GBENC_UP_1": null, "STATUS": "ASSESS_CLOSED", "STATUS_OP": 19592, "STATUS_DAT": "2026-07-14T00:00:00", "GEO_ID": 2754082, "SHAPE_AREA": 0.0, "SHAPE_LEN": 0.0 }, "geometry": { "type": "Polygon", "coordinates": [ [ [ -2.488833232749954, 51.711516797425077 ], [ -2.488833232749954, 51.724282840474757 ], [ -2.471332729833023, 51.724282840474757 ], [ -2.471332729833023, 51.711516797425077 ], [ -2.488833232749954, 51.711516797425077 ] ] ] } },
{ "type": "Feature", "properties": { "SDOC_ID": 2134164, "SDOC_NAME": "0147_2 B Mevagissey", "SOURCE_NAM": "RSDRA2019000295181", "SDT_ID": 1950, "SDT_NAME": "UKHO Chart - Panel", "DATUM": "D_WGS_1984", "CRS_ID": 432627, "CRS_PARAMS": "PROJCS[\"WGS84_Transverse_Mercator\",GEOGCS[\"GCS_WGS_1984\",DATUM[\"D_WGS_1984\",SPHEROID[\"WGS_1984\",6378137.0,298.257223563]],PRIMEM[\"Greenwich\",0.0],UNIT[\"Degree\",0.0174532925199433]],PROJECTION[\"Transverse_Mercator\"],PARAMETER[\"False_Easting\",500000.0],PAR", "PUBLICATIO": "2017-02-09T00:00:00", "RECEIPTDAT": "2019-12-09T00:00:00", "UKHOVERSIO": "Current Version", "PRODUCEDBY": "UK Hydrographic Office", "PRODUCED_1": null, "PRODUCED_2": null, "IPROWNER1": "UK Hydrographic Office", "PROTECTIVE": "UNCLASSIFIED", "AUTHORITAT": "Yes", "SUBJECTMAT": null, "SUBJECTM_1": null, "SUBJECTM_2": null, "SUPPLIEDBY": null, "SUPPLIED_1": null, "SUPPLIED_2": null, "SUPPLIED_3": null, "SUPPLIED_4": null, "SCALE": 2500.0, "DEPTHUNITS": "Metres / Metres & Decimals", "SPATIALREF": 0.0, "VALIDATED": "Yes", "CHART_PREF": null, "CHART_NUMB": 0.0, "CHART_SUFF": null, "CHART_TYPE": null, "CHART_CORR": 0.0, "CHART_CO_1": 0.0, "CHART_REVI": null, "CHART_CANC": null, "CHART_INTN": 0.0, "CHART_MAIN": null, "CHART_GENE": null, "CHART_SPEC": null, "CHART_SP_1": null, "PANEL_CHAR": null, "PANEL_CH_1": 147.0, "PANEL_CH_2": null, "PANEL_IDEN": "0147_2", "PANEL_MAIN": "B Mevagissey", "PANEL_GENE": null, "PANEL_MULT": "No", "PANEL_SPEC": null, "PANEL_SP_1": null, "PUBLICAT_1": 0.0, "PUBLICAT_2": null, "PUBLICAT_3": null, "PUBLICAT_4": null, "PUBLICAT_5": null, "GBENC_CELL": null, "GBENC_EDIT": null, "GBENC_FILE": null, "GBENC_ISSU": null, "GBENC_NAVP": null, "GBENC_UPDA": null, "GBENC_UP_1": null, "STATUS": "ASSESS_CLOSED", "STATUS_OP": 10738, "STATUS_DAT": "2019-12-09T00:00:00", "GEO_ID": 1836963, "SHAPE_AREA": 0.0, "SHAPE_LEN": 0.0 }, "geometry": { "type": "Polygon", "coordinates": [ [ [ -4.787910883122095, 50.267113256889957 ], [ -4.787910883122095, 50.27141118487225 ], [ -4.779861194930589, 50.271412190706087 ], [ -4.779862200764427, 50.267112251056119 ], [ -4.787910883122095, 50.267113256889957 ] ] ] } },
{ "type": "Feature", "properties": { "SDOC_ID": 2649240, "SDOC_NAME": "5603_15_3 C Bude Bay to Hartland Point", "SOURCE_NAM": "RSDRA2025000253550", "SDT_ID": 1950, "SDT_NAME": "UKHO Chart - Panel", "DATUM": "D_WGS_1984", "CRS_ID": 432612, "CRS_PARAMS": "PROJCS[\"WGS84_Mercator\",GEOGCS[\"GCS_WGS_1984\",DATUM[\"D_WGS_1984\",SPHEROID[\"WGS_1984\",6378137.0,298.257223563]],PRIMEM[\"Greenwich\",0.0],UNIT[\"Degree\",0.0174532925199433]],PROJECTION[\"Mercator\"],PARAMETER[\"False_Easting\",0.0],PARAMETER[\"False_Northing\",0.0", "PUBLICATIO": "2021-11-25T00:00:00", "RECEIPTDAT": "2025-05-07T00:00:00", "UKHOVERSIO": "Current Version", "PRODUCEDBY": "UK Hydrographic Office", "PRODUCED_1": null, "PRODUCED_2": null, "IPROWNER1": "UK Hydrographic Office", "PROTECTIVE": "UNCLASSIFIED", "AUTHORITAT": "Yes", "SUBJECTMAT": null, "SUBJECTM_1": null, "SUBJECTM_2": null, "SUPPLIEDBY": null, "SUPPLIED_1": null, "SUPPLIED_2": null, "SUPPLIED_3": null, "SUPPLIED_4": null, "SCALE": 75000.0, "DEPTHUNITS": "Metres / Metres & Decimals", "SPATIALREF": 0.0, "VALIDATED": "Yes", "CHART_PREF": null, "CHART_NUMB": 0.0, "CHART_SUFF": null, "CHART_TYPE": null, "CHART_CORR": 0.0, "CHART_CO_1": 0.0, "CHART_REVI": null, "CHART_CANC": null, "CHART_INTN": 0.0, "CHART_MAIN": null, "CHART_GENE": null, "CHART_SPEC": null, "CHART_SP_1": null, "PANEL_CHAR": null, "PANEL_CH_1": 5603.0, "PANEL_CH_2": "_15", "PANEL_IDEN": "5603_15_3", "PANEL_MAIN": "C Bude Bay to Hartland Point", "PANEL_GENE": null, "PANEL_MULT": "No", "PANEL_SPEC": null, "PANEL_SP_1": null, "PUBLICAT_1": 0.0, "PUBLICAT_2": null, "PUBLICAT_3": null, "PUBLICAT_4": null, "PUBLICAT_5": null, "GBENC_CELL": null, "GBENC_EDIT": null, "GBENC_FILE": null, "GBENC_ISSU": null, "GBENC_NAVP": null, "GBENC_UPDA": null, "GBENC_UP_1": null, "STATUS": "ASSESS_CLOSED", "STATUS_OP": 20300, "STATUS_DAT": "2025-05-07T00:00:00", "GEO_ID": 2295982, "SHAPE_AREA": 0.0, "SHAPE_LEN": 0.0 }, "geometry": { "type": "Polygon", "coordinates": [ [ [ -4.501748139207393, 51.027469322067986 ], [ -4.501751156708906, 50.783584791792407 ], [ -4.646672701669672, 50.783584791792407 ], [ -4.646670690002026, 50.939136994568486 ], [ -4.607614162140408, 50.939146047073024 ], [ -4.607598068799035, 51.027471333735662 ], [ -4.501748139207393, 51.027469322067986 ] ] ] } },
{ "type": "Feature", "properties": { "SDOC_ID": 2669465, "SDOC_NAME": "5602_7_3 C River Fowey Saint Winnow to Lostwithiel", "SOURCE_NAM": "RSDRA2025000357691", "SDT_ID": 1950, "SDT_NAME": "UKHO Chart - Panel", "DATUM": "D_WGS_1984", "CRS_ID": 432627, "CRS_PARAMS": "PROJCS[\"WGS84_Transverse_Mercator\",GEOGCS[\"GCS_WGS_1984\",DATUM[\"D_WGS_1984\",SPHEROID[\"WGS_1984\",6378137.0,298.257223563]],PRIMEM[\"Greenwich\",0.0],UNIT[\"Degree\",0.0174532925199433]],PROJECTION[\"Transverse_Mercator\"],PARAMETER[\"False_Easting\",0.0],PARAMETE", "PUBLICATIO": "2023-02-16T00:00:00", "RECEIPTDAT": "2025-07-11T00:00:00", "UKHOVERSIO": "Current Version", "PRODUCEDBY": "UK Hydrographic Office", "PRODUCED_1": null, "PRODUCED_2": null, "IPROWNER1": "UK Hydrographic Office", "PROTECTIVE": "UNCLASSIFIED", "AUTHORITAT": "Yes", "SUBJECTMAT": null, "SUBJECTM_1": null, "SUBJECTM_2": null, "SUPPLIEDBY": null, "SUPPLIED_1": null, "SUPPLIED_2": null, "SUPPLIED_3": null, "SUPPLIED_4": null, "SCALE": 15000.0, "DEPTHUNITS": "Metres / Metres & Decimals", "SPATIALREF": 0.0, "VALIDATED": "Yes", "CHART_PREF": null, "CHART_NUMB": 0.0, "CHART_SUFF": null, "CHART_TYPE": null, "CHART_CORR": 0.0, "CHART_CO_1": 0.0, "CHART_REVI": null, "CHART_CANC": null, "CHART_INTN": 0.0, "CHART_MAIN": null, "CHART_GENE": null, "CHART_SPEC": null, "CHART_SP_1": null, "PANEL_CHAR": null, "PANEL_CH_1": 5602.0, "PANEL_CH_2": "_7", "PANEL_IDEN": "5602_7_3", "PANEL_MAIN": "C River Fowey Saint Winnow to Lostwithiel", "PANEL_GENE": null, "PANEL_MULT": "No", "PANEL_SPEC": null, "PANEL_SP_1": null, "PUBLICAT_1": 0.0, "PUBLICAT_2": null, "PUBLICAT_3": null, "PUBLICAT_4": null, "PUBLICAT_5": null, "GBENC_CELL": null, "GBENC_EDIT": null, "GBENC_FILE": null, "GBENC_ISSU": null, "GBENC_NAVP": null, "GBENC_UPDA": null, "GBENC_UP_1": null, "STATUS": "ASSESS_CLOSED", "STATUS_OP": 19592, "STATUS_DAT": "2025-07-11T00:00:00", "GEO_ID": 2407678, "SHAPE_AREA": 0.0, "SHAPE_LEN": 0.0 }, "geometry": { "type": "Polygon", "coordinates": [ [ [ -4.669419633876487, 50.408895594447785 ], [ -4.661406155703077, 50.408894588613947 ], [ -4.656326694830028, 50.395855964594659 ], [ -4.651502715751349, 50.383446992556827 ], [ -4.651504727419024, 50.381393079863216 ], [ -4.669429692214834, 50.381394085697053 ], [ -4.669431703882509, 50.395003017501523 ], [ -4.669419633876487, 50.408895594447785 ] ] ] } },
{ "type": "Feature", "properties": { "SDOC_ID": 2675706, "SDOC_NAME": "5602_5_1 A Falmouth Harbour", "SOURCE_NAM": "RSDRA2025000387341", "SDT_ID": 1950, "SDT_NAME": "UKHO Chart - Panel", "DATUM": "D_WGS_1984", "CRS_ID": 432627, "CRS_PARAMS": "PROJCS[\"WGS84_Transverse_Mercator\",GEOGCS[\"GCS_WGS_1984\",DATUM[\"D_WGS_1984\",SPHEROID[\"WGS_1984\",6378137.0,298.257223563]],PRIMEM[\"Greenwich\",0.0],UNIT[\"Degree\",0.0174532925199433]],PROJECTION[\"Transverse_Mercator\"],PARAMETER[\"False_Easting\",0.0],PARAMETE", "PUBLICATIO": "2025-06-26T00:00:00", "RECEIPTDAT": "2025-08-05T00:00:00", "UKHOVERSIO": "Current Version", "PRODUCEDBY": "UK Hydrographic Office", "PRODUCED_1": null, "PRODUCED_2": null, "IPROWNER1": "UK Hydrographic Office", "PROTECTIVE": "UNCLASSIFIED", "AUTHORITAT": "Yes", "SUBJECTMAT": null, "SUBJECTM_1": null, "SUBJECTM_2": null, "SUPPLIEDBY": null, "SUPPLIED_1": null, "SUPPLIED_2": null, "SUPPLIED_3": null, "SUPPLIED_4": null, "SCALE": 12500.0, "DEPTHUNITS": "Metres / Metres & Decimals", "SPATIALREF": 0.0, "VALIDATED": "Yes", "CHART_PREF": null, "CHART_NUMB": 0.0, "CHART_SUFF": null, "CHART_TYPE": null, "CHART_CORR": 0.0, "CHART_CO_1": 0.0, "CHART_REVI": null, "CHART_CANC": null, "CHART_INTN": 0.0, "CHART_MAIN": null, "CHART_GENE": null, "CHART_SPEC": null, "CHART_SP_1": null, "PANEL_CHAR": null, "PANEL_CH_1": 5602.0, "PANEL_CH_2": "_5", "PANEL_IDEN": "5602_5_1", "PANEL_MAIN": "A Falmouth Harbour", "PANEL_GENE": null, "PANEL_MULT": "No", "PANEL_SPEC": null, "PANEL_SP_1": null, "PUBLICAT_1": 0.0, "PUBLICAT_2": null, "PUBLICAT_3": null, "PUBLICAT_4": null, "PUBLICAT_5": null, "GBENC_CELL": null, "GBENC_EDIT": null, "GBENC_FILE": null, "GBENC_ISSU": null, "GBENC_NAVP": null, "GBENC_UPDA": null, "GBENC_UP_1": null, "STATUS": "ASSESS_CLOSED", "STATUS_OP": 29636, "STATUS_DAT": "2025-08-05T00:00:00", "GEO_ID": 2643084, "SHAPE_AREA": 0.0, "SHAPE_LEN": 0.0 }, "geometry": { "type": "Polygon", "coordinates": [ [ [ -5.090932407966193, 50.133521424260721 ], [ -5.090934419633868, 50.175333936833624 ], [ -5.07225910279621, 50.17533997183665 ], [ -5.07225407362705, 50.16666968416817 ], [ -5.051663649165164, 50.166672701669683 ], [ -5.051657614162139, 50.175340977670487 ], [ -5.020002011667685, 50.17533997183665 ], [ -5.02, 50.160154898410781 ], [ -5.006668678334336, 50.160153892576943 ], [ -5.006661637497473, 50.175337960168974 ], [ -4.992499497083088, 50.175332930999787 ], [ -4.992495473747738, 50.13352645342988 ], [ -5.090932407966193, 50.133521424260721 ] ] ] } },
{ "type": "Feature", "properties": { "SDOC_ID": 2675713, "SDOC_NAME": "5603_2_0 A Falmouth to Penzance", "SOURCE_NAM": "RSDRA2025000387348", "SDT_ID": 1950, "SDT_NAME": "UKHO Chart - Panel", "DATUM": "D_WGS_1984", "CRS_ID": 432612, "CRS_PARAMS": "PROJCS[\"WGS84_Mercator\",GEOGCS[\"GCS_WGS_1984\",DATUM[\"D_WGS_1984\",SPHEROID[\"WGS_1984\",6378137.0,298.257223563]],PRIMEM[\"Greenwich\",0.0],UNIT[\"Degree\",0.0174532925199433]],PROJECTION[\"Mercator\"],PARAMETER[\"False_Easting\",0.0],PARAMETER[\"False_Northing\",0.0", "PUBLICATIO": "2021-11-25T00:00:00", "RECEIPTDAT": "2025-08-05T00:00:00", "UKHOVERSIO": "Current Version", "PRODUCEDBY": "UK Hydrographic Office", "PRODUCED_1": null, "PRODUCED_2": null, "IPROWNER1": "UK Hydrographic Office", "PROTECTIVE": "UNCLASSIFIED", "AUTHORITAT": "Yes", "SUBJECTMAT": null, "SUBJECTM_1": null, "SUBJECTM_2": null, "SUPPLIEDBY": null, "SUPPLIED_1": null, "SUPPLIED_2": null, "SUPPLIED_3": null, "SUPPLIED_4": null, "SCALE": 75000.0, "DEPTHUNITS": "Metres / Metres & Decimals", "SPATIALREF": 0.0, "VALIDATED": "Yes", "CHART_PREF": null, "CHART_NUMB": 0.0, "CHART_SUFF": null, "CHART_TYPE": null, "CHART_CORR": 0.0, "CHART_CO_1": 0.0, "CHART_REVI": null, "CHART_CANC": null, "CHART_INTN": 0.0, "CHART_MAIN": null, "CHART_GENE": null, "CHART_SPEC": null, "CHART_SP_1": null, "PANEL_CHAR": null, "PANEL_CH_1": 5603.0, "PANEL_CH_2": "_2", "PANEL_IDEN": "5603_2_0", "PANEL_MAIN": "A Falmouth to Penzance", "PANEL_GENE": null, "PANEL_MULT": "No", "PANEL_SPEC": null, "PANEL_SP_1": null, "PUBLICAT_1": 0.0, "PUBLICAT_2": null, "PUBLICAT_3": null, "PUBLICAT_4": null, "PUBLICAT_5": null, "GBENC_CELL": null, "GBENC_EDIT": null, "GBENC_FILE": null, "GBENC_ISSU": null, "GBENC_NAVP": null, "GBENC_UPDA": null, "GBENC_UP_1": null, "STATUS": "ASSESS_CLOSED", "STATUS_OP": 29636, "STATUS_DAT": "2025-08-05T00:00:00", "GEO_ID": 2295990, "SHAPE_AREA": 0.0, "SHAPE_LEN": 0.0 }, "geometry": { "type": "Polygon", "coordinates": [ [ [ -5.001098370549187, 50.162226916113468 ], [ -5.001099376383024, 49.909048481190894 ], [ -5.596101388050698, 49.909045463689409 ], [ -5.596090323878485, 50.162223898611956 ], [ -5.001098370549187, 50.162226916113468 ] ] ] } },
{ "type": "Feature", "properties": { "SDOC_ID": 2675715, "SDOC_NAME": "5603_2_2 C Mullion Cove", "SOURCE_NAM": "RSDRA2025000387350", "SDT_ID": 1950, "SDT_NAME": "UKHO Chart - Panel", "DATUM": "D_WGS_1984", "CRS_ID": 432627, "CRS_PARAMS": "PROJCS[\"WGS84_Transverse_Mercator\",GEOGCS[\"GCS_WGS_1984\",DATUM[\"D_WGS_1984\",SPHEROID[\"WGS_1984\",6378137.0,298.257223563]],PRIMEM[\"Greenwich\",0.0],UNIT[\"Degree\",0.0174532925199433]],PROJECTION[\"Transverse_Mercator\"],PARAMETER[\"False_Easting\",0.0],PARAMETE", "PUBLICATIO": "2021-11-25T00:00:00", "RECEIPTDAT": "2025-08-05T00:00:00", "UKHOVERSIO": "Current Version", "PRODUCEDBY": "UK Hydrographic Office", "PRODUCED_1": null, "PRODUCED_2": null, "IPROWNER1": "UK Hydrographic Office", "PROTECTIVE": "UNCLASSIFIED", "AUTHORITAT": "Yes", "SUBJECTMAT": null, "SUBJECTM_1": null, "SUBJECTM_2": null, "SUPPLIEDBY": null, "SUPPLIED_1": null, "SUPPLIED_2": null, "SUPPLIED_3": null, "SUPPLIED_4": null, "SCALE": 5000.0, "DEPTHUNITS": "Metres / Metres & Decimals", "SPATIALREF": 0.0, "VALIDATED": "Yes", "CHART_PREF": null, "CHART_NUMB": 0.0, "CHART_SUFF": null, "CHART_TYPE": null, "CHART_CORR": 0.0, "CHART_CO_1": 0.0, "CHART_REVI": null, "CHART_CANC": null, "CHART_INTN": 0.0, "CHART_MAIN": null, "CHART_GENE": null, "CHART_SPEC": null, "CHART_SP_1": null, "PANEL_CHAR": null, "PANEL_CH_1": 5603.0, "PANEL_CH_2": "_2", "PANEL_IDEN": "5603_2_2", "PANEL_MAIN": "C Mullion Cove", "PANEL_GENE": null, "PANEL_MULT": "No", "PANEL_SPEC": null, "PANEL_SP_1": null, "PUBLICAT_1": 0.0, "PUBLICAT_2": null, "PUBLICAT_3": null, "PUBLICAT_4": null, "PUBLICAT_5": null, "GBENC_CELL": null, "GBENC_EDIT": null, "GBENC_FILE": null, "GBENC_ISSU": null, "GBENC_NAVP": null, "GBENC_UPDA": null, "GBENC_UP_1": null, "STATUS": "ASSESS_CLOSED", "STATUS_OP": 29636, "STATUS_DAT": "2025-08-05T00:00:00", "GEO_ID": 2295992, "SHAPE_AREA": 0.0, "SHAPE_LEN": 0.0 }, "geometry": { "type": "Polygon", "coordinates": [ [ [ -5.257003621001815, 50.015914302957157 ], [ -5.257003621001815, 50.01133474150069 ], [ -5.269997988332335, 50.01133474150069 ], [ -5.269997988332335, 50.015913297123319 ], [ -5.257003621001815, 50.015914302957157 ] ] ] } },
{ "type": "Feature", "properties": { "SDOC_ID": 2707714, "SDOC_NAME": "5602_15_2 B River Tavy", "SOURCE_NAM": "RSDRA2025000544994", "SDT_ID": 1950, "SDT_NAME": "UKHO Chart - Panel", "DATUM": "D_WGS_1984", "CRS_ID": 432627, "CRS_PARAMS": "PROJCS[\"WGS84_Transverse_Mercator\",GEOGCS[\"GCS_WGS_1984\",DATUM[\"D_WGS_1984\",SPHEROID[\"WGS_1984\",6378137.0,298.257223563]],PRIMEM[\"Greenwich\",0.0],UNIT[\"Degree\",0.0174532925199433]],PROJECTION[\"Transverse_Mercator\"],PARAMETER[\"False_Easting\",0.0],PARAMETE", "PUBLICATIO": "2023-05-11T00:00:00", "RECEIPTDAT": "2025-11-14T00:00:00", "UKHOVERSIO": "Current Version", "PRODUCEDBY": "UK Hydrographic Office", "PRODUCED_1": null, "PRODUCED_2": null, "IPROWNER1": "UK Hydrographic Office", "PROTECTIVE": "UNCLASSIFIED", "AUTHORITAT": "Yes", "SUBJECTMAT": null, "SUBJECTM_1": null, "SUBJECTM_2": null, "SUPPLIEDBY": null, "SUPPLIED_1": null, "SUPPLIED_2": null, "SUPPLIED_3": null, "SUPPLIED_4": null, "SCALE": 20000.0, "DEPTHUNITS": "Metres / Metres & Decimals", "SPATIALREF": 0.0, "VALIDATED": "Yes", "CHART_PREF": null, "CHART_NUMB": 0.0, "CHART_SUFF": null, "CHART_TYPE": null, "CHART_CORR": 0.0, "CHART_CO_1": 0.0, "CHART_REVI": null, "CHART_CANC": null, "CHART_INTN": 0.0, "CHART_MAIN": null, "CHART_GENE": null, "CHART_SPEC": null, "CHART_SP_1": null, "PANEL_CHAR": null, "PANEL_CH_1": 5602.0, "PANEL_CH_2": "_15", "PANEL_IDEN": "5602_15_2", "PANEL_MAIN": "B River Tavy", "PANEL_GENE": null, "PANEL_MULT": "No", "PANEL_SPEC": null, "PANEL_SP_1": null, "PUBLICAT_1": 0.0, "PUBLICAT_2": null, "PUBLICAT_3": null, "PUBLICAT_4": null, "PUBLICAT_5": null, "GBENC_CELL": null, "GBENC_EDIT": null, "GBENC_FILE": null, "GBENC_ISSU": null, "GBENC_NAVP": null, "GBENC_UPDA": null, "GBENC_UP_1": null, "STATUS": "ASSESS_CLOSED", "STATUS_OP": 20300, "STATUS_DAT": "2025-11-14T00:00:00", "GEO_ID": 2429197, "SHAPE_AREA": 0.0, "SHAPE_LEN": 0.0 }, "geometry": { "type": "Polygon", "coordinates": [ [ [ -4.189729430698037, 50.419566485616571 ], [ -4.189722389861203, 50.437353651176835 ], [ -4.158559645946497, 50.465777509555409 ], [ -4.14946891973446, 50.465776503721571 ], [ -4.149465902232947, 50.419563468115058 ], [ -4.189729430698037, 50.419566485616571 ] ] ] } },
{ "type": "Feature", "properties": { "SDOC_ID": 2730922, "SDOC_NAME": "1613_0 Eddystone Rocks to Berry Head", "SOURCE_NAM": "RSDRA2026000044718", "SDT_ID": 1950, "SDT_NAME": "UKHO Chart - Panel", "DATUM": "D_WGS_1984", "CRS_ID": 432612, "CRS_PARAMS": "PROJCS[\"WGS84_Mercator\",GEOGCS[\"GCS_WGS_1984\",DATUM[\"D_WGS_1984\",SPHEROID[\"WGS_1984\",6378137.0,298.257223563]],PRIMEM[\"Greenwich\",0.0],UNIT[\"Degree\",0.0174532925199433]],PROJECTION[\"Mercator\"],PARAMETER[\"False_Easting\",0.0],PARAMETER[\"False_Northing\",0.0", "PUBLICATIO": "2023-11-16T00:00:00", "RECEIPTDAT": "2026-02-04T00:00:00", "UKHOVERSIO": "Current Version", "PRODUCEDBY": "UK Hydrographic Office", "PRODUCED_1": null, "PRODUCED_2": null, "IPROWNER1": "UK Hydrographic Office", "PROTECTIVE": "UNCLASSIFIED", "AUTHORITAT": "Yes", "SUBJECTMAT": null, "SUBJECTM_1": null, "SUBJECTM_2": null, "SUPPLIEDBY": null, "SUPPLIED_1": null, "SUPPLIED_2": null, "SUPPLIED_3": null, "SUPPLIED_4": null, "SCALE": 75000.0, "DEPTHUNITS": "Metres / Metres & Decimals", "SPATIALREF": 0.0, "VALIDATED": "Yes", "CHART_PREF": null, "CHART_NUMB": 0.0, "CHART_SUFF": null, "CHART_TYPE": null, "CHART_CORR": 0.0, "CHART_CO_1": 0.0, "CHART_REVI": null, "CHART_CANC": null, "CHART_INTN": 0.0, "CHART_MAIN": null, "CHART_GENE": null, "CHART_SPEC": null, "CHART_SP_1": null, "PANEL_CHAR": null, "PANEL_CH_1": 1613.0, "PANEL_CH_2": null, "PANEL_IDEN": "1613_0", "PANEL_MAIN": "Eddystone Rocks to Berry Head", "PANEL_GENE": null, "PANEL_MULT": "No", "PANEL_SPEC": null, "PANEL_SP_1": null, "PUBLICAT_1": 0.0, "PUBLICAT_2": null, "PUBLICAT_3": null, "PUBLICAT_4": null, "PUBLICAT_5": null, "GBENC_CELL": null, "GBENC_EDIT": null, "GBENC_FILE": null, "GBENC_ISSU": null, "GBENC_NAVP": null, "GBENC_UPDA": null, "GBENC_UP_1": null, "STATUS": "ASSESS_CLOSED", "STATUS_OP": 8233, "STATUS_DAT": "2026-02-04T00:00:00", "GEO_ID": 2474655, "SHAPE_AREA": 0.0, "SHAPE_LEN": 0.0 }, "geometry": { "type": "Polygon", "coordinates": [ [ [ -4.4, 50.05 ], [ -4.39996479581572, 50.476892979279825 ], [ -3.33335143834239, 50.476889961778312 ], [ -3.3333604908469, 50.050003017501496 ], [ -4.4, 50.05 ] ] ] } },
{ "type": "Feature", "properties": { "SDOC_ID": 2733965, "SDOC_NAME": "5602_4_1 A Fowey to Plymouth", "SOURCE_NAM": "RSDRA2026000058118", "SDT_ID": 1950, "SDT_NAME": "UKHO Chart - Panel", "DATUM": "D_WGS_1984", "CRS_ID": 432612, "CRS_PARAMS": "PROJCS[\"WGS84_Mercator\",GEOGCS[\"GCS_WGS_1984\",DATUM[\"D_WGS_1984\",SPHEROID[\"WGS_1984\",6378137.0,298.257223563]],PRIMEM[\"Greenwich\",0.0],UNIT[\"Degree\",0.0174532925199433]],PROJECTION[\"Mercator\"],PARAMETER[\"False_Easting\",0.0],PARAMETER[\"False_Northing\",0.0", "PUBLICATIO": "2024-02-15T00:00:00", "RECEIPTDAT": "2026-02-13T00:00:00", "UKHOVERSIO": "Current Version", "PRODUCEDBY": "UK Hydrographic Office", "PRODUCED_1": null, "PRODUCED_2": null, "IPROWNER1": "UK Hydrographic Office", "PROTECTIVE": "UNCLASSIFIED", "AUTHORITAT": "Yes", "SUBJECTMAT": null, "SUBJECTM_1": null, "SUBJECTM_2": null, "SUPPLIEDBY": null, "SUPPLIED_1": null, "SUPPLIED_2": null, "SUPPLIED_3": null, "SUPPLIED_4": null, "SCALE": 75000.0, "DEPTHUNITS": "Metres / Metres & Decimals", "SPATIALREF": 0.0, "VALIDATED": "Yes", "CHART_PREF": null, "CHART_NUMB": 0.0, "CHART_SUFF": null, "CHART_TYPE": null, "CHART_CORR": 0.0, "CHART_CO_1": 0.0, "CHART_REVI": null, "CHART_CANC": null, "CHART_INTN": 0.0, "CHART_MAIN": null, "CHART_GENE": null, "CHART_SPEC": null, "CHART_SP_1": null, "PANEL_CHAR": null, "PANEL_CH_1": 5602.0, "PANEL_CH_2": "_4", "PANEL_IDEN": "5602_4_1", "PANEL_MAIN": "A Fowey to Plymouth", "PANEL_GENE": null, "PANEL_MULT": "No", "PANEL_SPEC": null, "PANEL_SP_1": null, "PUBLICAT_1": 0.0, "PUBLICAT_2": null, "PUBLICAT_3": null, "PUBLICAT_4": null, "PUBLICAT_5": null, "GBENC_CELL": null, "GBENC_EDIT": null, "GBENC_FILE": null, "GBENC_ISSU": null, "GBENC_NAVP": null, "GBENC_UPDA": null, "GBENC_UP_1": null, "STATUS": "ASSESS_CLOSED", "STATUS_OP": 19592, "STATUS_DAT": "2026-02-13T00:00:00", "GEO_ID": 2500861, "SHAPE_AREA": 0.0, "SHAPE_LEN": 0.0 }, "geometry": { "type": "Polygon", "coordinates": [ [ [ -4.682795212230928, 50.162150472741899 ], [ -4.682799235566279, 50.41150673908669 ], [ -4.091832629249637, 50.411499698249855 ], [ -4.091843693421851, 50.162146449406549 ], [ -4.682795212230928, 50.162150472741899 ] ] ] } },
{ "type": "Feature", "properties": { "SDOC_ID": 2738155, "SDOC_NAME": "5608_18_2 B Newport", "SOURCE_NAM": "RSDRA2026000077765", "SDT_ID": 1950, "SDT_NAME": "UKHO Chart - Panel", "DATUM": "D_WGS_1984", "CRS_ID": 432627, "CRS_PARAMS": "PROJCS[\"WGS84_Transverse_Mercator\",GEOGCS[\"GCS_WGS_1984\",DATUM[\"D_WGS_1984\",SPHEROID[\"WGS_1984\",6378137.0,298.257223563]],PRIMEM[\"Greenwich\",0.0],UNIT[\"Degree\",0.0174532925199433]],PROJECTION[\"Transverse_Mercator\"],PARAMETER[\"False_Easting\",0.0],PARAMETE", "PUBLICATIO": "2024-11-14T00:00:00", "RECEIPTDAT": "2026-02-27T00:00:00", "UKHOVERSIO": "Current Version", "PRODUCEDBY": "UK Hydrographic Office", "PRODUCED_1": null, "PRODUCED_2": null, "IPROWNER1": "UK Hydrographic Office", "PROTECTIVE": "UNCLASSIFIED", "AUTHORITAT": "Yes", "SUBJECTMAT": null, "SUBJECTM_1": null, "SUBJECTM_2": null, "SUPPLIEDBY": null, "SUPPLIED_1": null, "SUPPLIED_2": null, "SUPPLIED_3": null, "SUPPLIED_4": null, "SCALE": 20000.0, "DEPTHUNITS": "Metres / Metres & Decimals", "SPATIALREF": 0.0, "VALIDATED": "Yes", "CHART_PREF": null, "CHART_NUMB": 0.0, "CHART_SUFF": null, "CHART_TYPE": null, "CHART_CORR": 0.0, "CHART_CO_1": 0.0, "CHART_REVI": null, "CHART_CANC": null, "CHART_INTN": 0.0, "CHART_MAIN": null, "CHART_GENE": null, "CHART_SPEC": null, "CHART_SP_1": null, "PANEL_CHAR": null, "PANEL_CH_1": 5608.0, "PANEL_CH_2": "_18", "PANEL_IDEN": "5608_18_2", "PANEL_MAIN": "B Newport", "PANEL_GENE": null, "PANEL_MULT": "No", "PANEL_SPEC": null, "PANEL_SP_1": null, "PUBLICAT_1": 0.0, "PUBLICAT_2": null, "PUBLICAT_3": null, "PUBLICAT_4": null, "PUBLICAT_5": null, "GBENC_CELL": null, "GBENC_EDIT": null, "GBENC_FILE": null, "GBENC_ISSU": null, "GBENC_NAVP": null, "GBENC_UPDA": null, "GBENC_UP_1": null, "STATUS": "ASSESS_CLOSED", "STATUS_OP": 26334, "STATUS_DAT": "2026-02-27T00:00:00", "GEO_ID": 2581210, "SHAPE_AREA": 0.0, "SHAPE_LEN": 0.0 }, "geometry": { "type": "Polygon", "coordinates": [ [ [ -2.995666867833421, 51.52379501106418 ], [ -2.995666867833421, 51.591201971434316 ], [ -2.958771876885947, 51.591198953932803 ], [ -2.9587537718769, 51.523797022731856 ], [ -2.995666867833421, 51.52379501106418 ] ] ] } },
{ "type": "Feature", "properties": { "SDOC_ID": 2749924, "SDOC_NAME": "1151_0 Bridgwater Bay", "SOURCE_NAM": "RSDRA2026000138104", "SDT_ID": 1950, "SDT_NAME": "UKHO Chart - Panel", "DATUM": "European Terrestrial Reference System 1989", "CRS_ID": 500650, "CRS_PARAMS": "PROJCS[\"ETRS 89 / TM Projection\",GEOGCS[\"ETRS89\",DATUM[\"European Terrestrial Reference System 1989\",SPHEROID[\"GRS_1980\",6378137.0,298.257222101]],PRIMEM[\"Greenwich\",0.0],UNIT[\"Degree\",0.0174532925199433]],PROJECTION[\"Transverse_Mercator\"],PARAMETER[\"Fals", "PUBLICATIO": "2021-12-23T00:00:00", "RECEIPTDAT": "2026-04-08T00:00:00", "UKHOVERSIO": "Current Version", "PRODUCEDBY": "UK Hydrographic Office", "PRODUCED_1": null, "PRODUCED_2": null, "IPROWNER1": "UK Hydrographic Office", "PROTECTIVE": "UNCLASSIFIED", "AUTHORITAT": "Yes", "SUBJECTMAT": null, "SUBJECTM_1": null, "SUBJECTM_2": null, "SUPPLIEDBY": null, "SUPPLIED_1": null, "SUPPLIED_2": null, "SUPPLIED_3": null, "SUPPLIED_4": null, "SCALE": 20000.0, "DEPTHUNITS": "Metres / Metres & Decimals", "SPATIALREF": 0.0, "VALIDATED": "Yes", "CHART_PREF": null, "CHART_NUMB": 0.0, "CHART_SUFF": null, "CHART_TYPE": null, "CHART_CORR": 0.0, "CHART_CO_1": 0.0, "CHART_REVI": null, "CHART_CANC": null, "CHART_INTN": 0.0, "CHART_MAIN": null, "CHART_GENE": null, "CHART_SPEC": null, "CHART_SP_1": null, "PANEL_CHAR": null, "PANEL_CH_1": 1151.0, "PANEL_CH_2": null, "PANEL_IDEN": "1151_0", "PANEL_MAIN": "Bridgwater Bay", "PANEL_GENE": "England - Bristol Channel", "PANEL_MULT": "No", "PANEL_SPEC": null, "PANEL_SP_1": null, "PUBLICAT_1": 0.0, "PUBLICAT_2": null, "PUBLICAT_3": null, "PUBLICAT_4": null, "PUBLICAT_5": null, "GBENC_CELL": null, "GBENC_EDIT": null, "GBENC_FILE": null, "GBENC_ISSU": null, "GBENC_NAVP": null, "GBENC_UPDA": null, "GBENC_UP_1": null, "STATUS": "ASSESS_CLOSED", "STATUS_OP": 29636, "STATUS_DAT": "2026-04-08T00:00:00", "GEO_ID": 2303118, "SHAPE_AREA": 0.0, "SHAPE_LEN": 0.0 }, "geometry": { "type": "Polygon", "coordinates": [ [ [ -3.221822570911286, 51.273372560852948 ], [ -2.941669684168176, 51.273377590022136 ], [ -2.941656608328316, 51.158332327499494 ], [ -3.221836652584983, 51.158332327499494 ], [ -3.221822570911286, 51.273372560852948 ] ] ] } },
{ "type": "Feature", "properties": { "SDOC_ID": 2761526, "SDOC_NAME": "1161_1 River Neath", "SOURCE_NAM": "RSDRA2026000191290", "SDT_ID": 1950, "SDT_NAME": "UKHO Chart - Panel", "DATUM": "D_WGS_1984", "CRS_ID": 432627, "CRS_PARAMS": "PROJCS[\"WGS84_Transverse_Mercator\",GEOGCS[\"GCS_WGS_1984\",DATUM[\"D_WGS_1984\",SPHEROID[\"WGS_1984\",6378137.0,298.257223563]],PRIMEM[\"Greenwich\",0.0],UNIT[\"Degree\",0.0174532925199433]],PROJECTION[\"Transverse_Mercator\"],PARAMETER[\"False_Easting\",0.0],PARAMETE", "PUBLICATIO": "2019-01-24T00:00:00", "RECEIPTDAT": "2026-05-19T00:00:00", "UKHOVERSIO": "Current Version", "PRODUCEDBY": "UK Hydrographic Office", "PRODUCED_1": "RT1W", "PRODUCED_2": null, "IPROWNER1": "UK Hydrographic Office", "PROTECTIVE": "UNCLASSIFIED", "AUTHORITAT": "Yes", "SUBJECTMAT": null, "SUBJECTM_1": null, "SUBJECTM_2": null, "SUPPLIEDBY": null, "SUPPLIED_1": null, "SUPPLIED_2": null, "SUPPLIED_3": null, "SUPPLIED_4": null, "SCALE": 12500.0, "DEPTHUNITS": "Metres / Metres & Decimals", "SPATIALREF": 0.0, "VALIDATED": "Yes", "CHART_PREF": null, "CHART_NUMB": 0.0, "CHART_SUFF": null, "CHART_TYPE": null, "CHART_CORR": 0.0, "CHART_CO_1": 0.0, "CHART_REVI": null, "CHART_CANC": null, "CHART_INTN": 0.0, "CHART_MAIN": null, "CHART_GENE": null, "CHART_SPEC": null, "CHART_SP_1": null, "PANEL_CHAR": null, "PANEL_CH_1": 1161.0, "PANEL_CH_2": null, "PANEL_IDEN": "1161_1", "PANEL_MAIN": "River Neath", "PANEL_GENE": null, "PANEL_MULT": "No", "PANEL_SPEC": null, "PANEL_SP_1": null, "PUBLICAT_1": 0.0, "PUBLICAT_2": null, "PUBLICAT_3": null, "PUBLICAT_4": null, "PUBLICAT_5": null, "GBENC_CELL": null, "GBENC_EDIT": null, "GBENC_FILE": null, "GBENC_ISSU": null, "GBENC_NAVP": null, "GBENC_UPDA": null, "GBENC_UP_1": null, "STATUS": "ASSESS_CLOSED", "STATUS_OP": 3512, "STATUS_DAT": "2026-05-19T00:00:00", "GEO_ID": 2028822, "SHAPE_AREA": 0.0, "SHAPE_LEN": 0.0 }, "geometry": { "type": "Polygon", "coordinates": [ [ [ -3.85119995976666, 51.617120297726814 ], [ -3.851210018105007, 51.653066787366726 ], [ -3.820544156105399, 51.653062764031375 ], [ -3.820539126936239, 51.617113256889951 ], [ -3.85119995976666, 51.617120297726814 ] ] ] } },
{ "type": "Feature", "properties": { "SDOC_ID": 2764384, "SDOC_NAME": "1176_0 Severn Estuary Steep Holm to Avonmouth", "SOURCE_NAM": "RSDRA2026000210962", "SDT_ID": 1950, "SDT_NAME": "UKHO Chart - Panel", "DATUM": "D_ETRS_1989", "CRS_ID": 502121, "CRS_PARAMS": "PROJCS[\"ETRS89_TM\",GEOGCS[\"GCS_ETRS_1989\",DATUM[\"D_ETRS_1989\",SPHEROID[\"GRS_1980\",6378137.0,298.257222101]],PRIMEM[\"Greenwich\",0.0],UNIT[\"Degree\",0.0174532925199433]],PROJECTION[\"Transverse_Mercator\"],PARAMETER[\"False_Easting\",0.0],PARAMETER[\"False_North", "PUBLICATIO": "2024-09-26T00:00:00", "RECEIPTDAT": "2026-05-27T00:00:00", "UKHOVERSIO": "Current Version", "PRODUCEDBY": "UK Hydrographic Office", "PRODUCED_1": "RT1W", "PRODUCED_2": null, "IPROWNER1": "UK Hydrographic Office", "PROTECTIVE": "UNCLASSIFIED", "AUTHORITAT": "Yes", "SUBJECTMAT": null, "SUBJECTM_1": null, "SUBJECTM_2": null, "SUPPLIEDBY": null, "SUPPLIED_1": null, "SUPPLIED_2": null, "SUPPLIED_3": null, "SUPPLIED_4": null, "SCALE": 40000.0, "DEPTHUNITS": "Metres / Metres & Decimals", "SPATIALREF": 0.0, "VALIDATED": "Yes", "CHART_PREF": null, "CHART_NUMB": 0.0, "CHART_SUFF": null, "CHART_TYPE": null, "CHART_CORR": 0.0, "CHART_CO_1": 0.0, "CHART_REVI": null, "CHART_CANC": null, "CHART_INTN": 0.0, "CHART_MAIN": null, "CHART_GENE": null, "CHART_SPEC": null, "CHART_SP_1": null, "PANEL_CHAR": null, "PANEL_CH_1": 1176.0, "PANEL_CH_2": null, "PANEL_IDEN": "1176_0", "PANEL_MAIN": "Severn Estuary Steep Holm to Avonmouth", "PANEL_GENE": "Bristol Channel", "PANEL_MULT": "No", "PANEL_SPEC": null, "PANEL_SP_1": null, "PUBLICAT_1": 0.0, "PUBLICAT_2": null, "PUBLICAT_3": null, "PUBLICAT_4": null, "PUBLICAT_5": null, "GBENC_CELL": null, "GBENC_EDIT": null, "GBENC_FILE": null, "GBENC_ISSU": null, "GBENC_NAVP": null, "GBENC_UPDA": null, "GBENC_UP_1": null, "STATUS": "ASSESS_CLOSED", "STATUS_OP": 26334, "STATUS_DAT": "2026-05-27T00:00:00", "GEO_ID": 2579898, "SHAPE_AREA": 0.0, "SHAPE_LEN": 0.0 }, "geometry": { "type": "Polygon", "coordinates": [ [ [ -3.214609736471544, 51.333810098571718 ], [ -3.214641923154289, 51.560307785153896 ], [ -2.652286260309808, 51.560306779320058 ], [ -2.652265137799247, 51.333821162743902 ], [ -3.214609736471544, 51.333810098571718 ] ] ] } },
{ "type": "Feature", "properties": { "SDOC_ID": 2768879, "SDOC_NAME": "1076_1 Continuation of Afon Tywi", "SOURCE_NAM": "RSDRA2026000231223", "SDT_ID": 1950, "SDT_NAME": "UKHO Chart - Panel", "DATUM": "D_WGS_1984", "CRS_ID": 432612, "CRS_PARAMS": "PROJCS[\"WGS84_Mercator\",GEOGCS[\"GCS_WGS_1984\",DATUM[\"D_WGS_1984\",SPHEROID[\"WGS_1984\",6378137.0,298.257223563]],PRIMEM[\"Greenwich\",0.0],UNIT[\"Degree\",0.0174532925199433]],PROJECTION[\"Mercator\"],PARAMETER[\"False_Easting\",0.0],PARAMETER[\"False_Northing\",0.0", "PUBLICATIO": "2024-08-01T00:00:00", "RECEIPTDAT": "2026-06-12T00:00:00", "UKHOVERSIO": "Current Version", "PRODUCEDBY": "UK Hydrographic Office", "PRODUCED_1": null, "PRODUCED_2": null, "IPROWNER1": "UK Hydrographic Office", "PROTECTIVE": "UNCLASSIFIED", "AUTHORITAT": "Yes", "SUBJECTMAT": null, "SUBJECTM_1": null, "SUBJECTM_2": null, "SUPPLIEDBY": null, "SUPPLIED_1": null, "SUPPLIED_2": null, "SUPPLIED_3": null, "SUPPLIED_4": null, "SCALE": 75000.0, "DEPTHUNITS": "Metres / Metres & Decimals", "SPATIALREF": 0.0, "VALIDATED": "Yes", "CHART_PREF": null, "CHART_NUMB": 0.0, "CHART_SUFF": null, "CHART_TYPE": null, "CHART_CORR": 0.0, "CHART_CO_1": 0.0, "CHART_REVI": null, "CHART_CANC": null, "CHART_INTN": 0.0, "CHART_MAIN": null, "CHART_GENE": null, "CHART_SPEC": null, "CHART_SP_1": null, "PANEL_CHAR": null, "PANEL_CH_1": 1076.0, "PANEL_CH_2": null, "PANEL_IDEN": "1076_1", "PANEL_MAIN": "Continuation of Afon Tywi", "PANEL_GENE": null, "PANEL_MULT": "No", "PANEL_SPEC": null, "PANEL_SP_1": null, "PUBLICAT_1": 0.0, "PUBLICAT_2": null, "PUBLICAT_3": null, "PUBLICAT_4": null, "PUBLICAT_5": null, "GBENC_CELL": null, "GBENC_EDIT": null, "GBENC_FILE": null, "GBENC_ISSU": null, "GBENC_NAVP": null, "GBENC_UPDA": null, "GBENC_UP_1": null, "STATUS": "ASSESS_CLOSED", "STATUS_OP": 19592, "STATUS_DAT": "2026-06-12T00:00:00", "GEO_ID": 2545907, "SHAPE_AREA": 0.0, "SHAPE_LEN": 0.0 }, "geometry": { "type": "Polygon", "coordinates": [ [ [ -4.384529269764641, 51.867072017702668 ], [ -4.284502112251062, 51.867070006034993 ], [ -4.284496077248036, 51.775553208609949 ], [ -4.384532287266154, 51.775546167773086 ], [ -4.384529269764641, 51.867072017702668 ] ] ] } },
{ "type": "Feature", "properties": { "SDOC_ID": 2768921, "SDOC_NAME": "5620_16_0 Carmarthen Bay", "SOURCE_NAM": "RSDRA2026000231265", "SDT_ID": 1950, "SDT_NAME": "UKHO Chart - Panel", "DATUM": "D_WGS_1984", "CRS_ID": 432612, "CRS_PARAMS": "PROJCS[\"WGS84_Mercator\",GEOGCS[\"GCS_WGS_1984\",DATUM[\"D_WGS_1984\",SPHEROID[\"WGS_1984\",6378137.0,298.257223563]],PRIMEM[\"Greenwich\",0.0],UNIT[\"Degree\",0.0174532925199433]],PROJECTION[\"Mercator\"],PARAMETER[\"False_Easting\",0.0],PARAMETER[\"False_Northing\",0.0", "PUBLICATIO": "2025-06-26T00:00:00", "RECEIPTDAT": "2026-06-12T00:00:00", "UKHOVERSIO": "Current Version", "PRODUCEDBY": "UK Hydrographic Office", "PRODUCED_1": null, "PRODUCED_2": null, "IPROWNER1": "UK Hydrographic Office", "PROTECTIVE": "UNCLASSIFIED", "AUTHORITAT": "Yes", "SUBJECTMAT": null, "SUBJECTM_1": null, "SUBJECTM_2": null, "SUPPLIEDBY": null, "SUPPLIED_1": null, "SUPPLIED_2": null, "SUPPLIED_3": null, "SUPPLIED_4": null, "SCALE": 75000.0, "DEPTHUNITS": "Metres / Metres & Decimals", "SPATIALREF": 0.0, "VALIDATED": "Yes", "CHART_PREF": null, "CHART_NUMB": 0.0, "CHART_SUFF": null, "CHART_TYPE": null, "CHART_CORR": 0.0, "CHART_CO_1": 0.0, "CHART_REVI": null, "CHART_CANC": null, "CHART_INTN": 0.0, "CHART_MAIN": null, "CHART_GENE": null, "CHART_SPEC": null, "CHART_SP_1": null, "PANEL_CHAR": null, "PANEL_CH_1": 5620.0, "PANEL_CH_2": "_16", "PANEL_IDEN": "5620_16_0", "PANEL_MAIN": "Carmarthen Bay", "PANEL_GENE": null, "PANEL_MULT": "No", "PANEL_SPEC": null, "PANEL_SP_1": null, "PUBLICAT_1": 0.0, "PUBLICAT_2": null, "PUBLICAT_3": null, "PUBLICAT_4": null, "PUBLICAT_5": null, "GBENC_CELL": null, "GBENC_EDIT": null, "GBENC_FILE": null, "GBENC_ISSU": null, "GBENC_NAVP": null, "GBENC_UPDA": null, "GBENC_UP_1": null, "STATUS": "ASSESS_CLOSED", "STATUS_OP": 19592, "STATUS_DAT": "2026-06-12T00:00:00", "GEO_ID": 2643081, "SHAPE_AREA": 0.0, "SHAPE_LEN": 0.0 }, "geometry": { "type": "Polygon", "coordinates": [ [ [ -4.728333333333325, 51.506666666666661 ], [ -4.728333333333325, 51.754167169583582 ], [ -4.126649567491455, 51.754175216254282 ], [ -4.126677730838878, 51.506675719171199 ], [ -4.728333333333325, 51.506666666666661 ] ] ] } },
{ "type": "Feature", "properties": { "SDOC_ID": 2769233, "SDOC_NAME": "0030_0 Plymouth Sound and Approaches", "SOURCE_NAM": "RSDRA2026000231609", "SDT_ID": 1950, "SDT_NAME": "UKHO Chart - Panel", "DATUM": "D_WGS_1984", "CRS_ID": 432627, "CRS_PARAMS": "PROJCS[\"WGS84_Transverse_Mercator\",GEOGCS[\"GCS_WGS_1984\",DATUM[\"D_WGS_1984\",SPHEROID[\"WGS_1984\",6378137.0,298.257223563]],PRIMEM[\"Greenwich\",0.0],UNIT[\"Degree\",0.0174532925199433]],PROJECTION[\"Transverse_Mercator\"],PARAMETER[\"False_Easting\",0.0],PARAMETE", "PUBLICATIO": "2023-11-16T00:00:00", "RECEIPTDAT": "2026-06-15T00:00:00", "UKHOVERSIO": "Current Version", "PRODUCEDBY": "UK Hydrographic Office", "PRODUCED_1": "RT1E", "PRODUCED_2": null, "IPROWNER1": "UK Hydrographic Office", "PROTECTIVE": "UNCLASSIFIED", "AUTHORITAT": "Yes", "SUBJECTMAT": null, "SUBJECTM_1": null, "SUBJECTM_2": null, "SUPPLIEDBY": null, "SUPPLIED_1": null, "SUPPLIED_2": null, "SUPPLIED_3": null, "SUPPLIED_4": null, "SCALE": 12500.0, "DEPTHUNITS": "Metres / Metres & Decimals", "SPATIALREF": 0.0, "VALIDATED": "Yes", "CHART_PREF": null, "CHART_NUMB": 0.0, "CHART_SUFF": null, "CHART_TYPE": null, "CHART_CORR": 0.0, "CHART_CO_1": 0.0, "CHART_REVI": null, "CHART_CANC": null, "CHART_INTN": 0.0, "CHART_MAIN": null, "CHART_GENE": null, "CHART_SPEC": null, "CHART_SP_1": null, "PANEL_CHAR": null, "PANEL_CH_1": 30.0, "PANEL_CH_2": null, "PANEL_IDEN": "0030_0", "PANEL_MAIN": "Plymouth Sound and Approaches", "PANEL_GENE": "England - South Coast", "PANEL_MULT": "No", "PANEL_SPEC": null, "PANEL_SP_1": null, "PUBLICAT_1": 0.0, "PUBLICAT_2": null, "PUBLICAT_3": null, "PUBLICAT_4": null, "PUBLICAT_5": null, "GBENC_CELL": null, "GBENC_EDIT": null, "GBENC_FILE": null, "GBENC_ISSU": null, "GBENC_NAVP": null, "GBENC_UPDA": null, "GBENC_UP_1": null, "STATUS": "ASSESS_CLOSED", "STATUS_OP": 3512, "STATUS_DAT": "2026-06-15T00:00:00", "GEO_ID": 2474722, "SHAPE_AREA": 0.0, "SHAPE_LEN": 0.0 }, "geometry": { "type": "Polygon", "coordinates": [ [ [ -4.227805270569291, 50.297388855361106 ], [ -4.227804264735454, 50.370430496881909 ], [ -4.03483303158319, 50.370428485214234 ], [ -4.03483303158319, 50.297390867028753 ], [ -4.227805270569291, 50.297388855361106 ] ] ] } },
{ "type": "Feature", "properties": { "SDOC_ID": 2769305, "SDOC_NAME": "5602_19_2 B Neal Point to Halton Quay", "SOURCE_NAM": "RSDRA2026000231680", "SDT_ID": 1950, "SDT_NAME": "UKHO Chart - Panel", "DATUM": "D_WGS_1984", "CRS_ID": 432627, "CRS_PARAMS": "PROJCS[\"WGS84_Transverse_Mercator\",GEOGCS[\"GCS_WGS_1984\",DATUM[\"D_WGS_1984\",SPHEROID[\"WGS_1984\",6378137.0,298.257223563]],PRIMEM[\"Greenwich\",0.0],UNIT[\"Degree\",0.0174532925199433]],PROJECTION[\"Transverse_Mercator\"],PARAMETER[\"False_Easting\",0.0],PARAMETE", "PUBLICATIO": "2023-05-11T00:00:00", "RECEIPTDAT": "2026-06-15T00:00:00", "UKHOVERSIO": "Current Version", "PRODUCEDBY": "UK Hydrographic Office", "PRODUCED_1": null, "PRODUCED_2": null, "IPROWNER1": "UK Hydrographic Office", "PROTECTIVE": "UNCLASSIFIED", "AUTHORITAT": "Yes", "SUBJECTMAT": null, "SUBJECTM_1": null, "SUBJECTM_2": null, "SUPPLIEDBY": null, "SUPPLIED_1": null, "SUPPLIED_2": null, "SUPPLIED_3": null, "SUPPLIED_4": null, "SCALE": 12500.0, "DEPTHUNITS": "Metres / Metres & Decimals", "SPATIALREF": 0.0, "VALIDATED": "Yes", "CHART_PREF": null, "CHART_NUMB": 0.0, "CHART_SUFF": null, "CHART_TYPE": null, "CHART_CORR": 0.0, "CHART_CO_1": 0.0, "CHART_REVI": null, "CHART_CANC": null, "CHART_INTN": 0.0, "CHART_MAIN": null, "CHART_GENE": null, "CHART_SPEC": null, "CHART_SP_1": null, "PANEL_CHAR": null, "PANEL_CH_1": 5602.0, "PANEL_CH_2": "_19", "PANEL_IDEN": "5602_19_2", "PANEL_MAIN": "B Neal Point to Halton Quay", "PANEL_GENE": null, "PANEL_MULT": "No", "PANEL_SPEC": null, "PANEL_SP_1": null, "PUBLICAT_1": 0.0, "PUBLICAT_2": null, "PUBLICAT_3": null, "PUBLICAT_4": null, "PUBLICAT_5": null, "GBENC_CELL": null, "GBENC_EDIT": null, "GBENC_FILE": null, "GBENC_ISSU": null, "GBENC_NAVP": null, "GBENC_UPDA": null, "GBENC_UP_1": null, "STATUS": "ASSESS_CLOSED", "STATUS_OP": 3512, "STATUS_DAT": "2026-06-15T00:00:00", "GEO_ID": 2429223, "SHAPE_AREA": 0.0, "SHAPE_LEN": 0.0 }, "geometry": { "type": "Polygon", "coordinates": [ [ [ -4.217178636089329, 50.454774693220685 ], [ -4.243336350834852, 50.454773687386847 ], [ -4.243340374170174, 50.469631864815938 ], [ -4.205811707905866, 50.46963488231745 ], [ -4.205803661235166, 50.458814121907068 ], [ -4.181832629249641, 50.458808086904043 ], [ -4.181832629249641, 50.427833433916703 ], [ -4.217186682760001, 50.427837457252053 ], [ -4.217178636089329, 50.454774693220685 ] ] ] } },
{ "type": "Feature", "properties": { "SDOC_ID": 2771255, "SDOC_NAME": "5602_16_0 Drake Channel to Hamoaze", "SOURCE_NAM": "RSDRA2026000242723", "SDT_ID": 1950, "SDT_NAME": "UKHO Chart - Panel", "DATUM": "D_WGS_1984", "CRS_ID": 432627, "CRS_PARAMS": "PROJCS[\"WGS84_Transverse_Mercator\",GEOGCS[\"GCS_WGS_1984\",DATUM[\"D_WGS_1984\",SPHEROID[\"WGS_1984\",6378137.0,298.257223563]],PRIMEM[\"Greenwich\",0.0],UNIT[\"Degree\",0.0174532925199433]],PROJECTION[\"Transverse_Mercator\"],PARAMETER[\"False_Easting\",0.0],PARAMETE", "PUBLICATIO": "2023-05-25T00:00:00", "RECEIPTDAT": "2026-06-19T00:00:00", "UKHOVERSIO": "Current Version", "PRODUCEDBY": "UK Hydrographic Office", "PRODUCED_1": null, "PRODUCED_2": null, "IPROWNER1": "UK Hydrographic Office", "PROTECTIVE": "UNCLASSIFIED", "AUTHORITAT": "Yes", "SUBJECTMAT": null, "SUBJECTM_1": null, "SUBJECTM_2": null, "SUPPLIEDBY": null, "SUPPLIED_1": null, "SUPPLIED_2": null, "SUPPLIED_3": null, "SUPPLIED_4": null, "SCALE": 7500.0, "DEPTHUNITS": "Metres / Metres & Decimals", "SPATIALREF": 0.0, "VALIDATED": "Yes", "CHART_PREF": null, "CHART_NUMB": 0.0, "CHART_SUFF": null, "CHART_TYPE": null, "CHART_CORR": 0.0, "CHART_CO_1": 0.0, "CHART_REVI": null, "CHART_CANC": null, "CHART_INTN": 0.0, "CHART_MAIN": null, "CHART_GENE": null, "CHART_SPEC": null, "CHART_SP_1": null, "PANEL_CHAR": null, "PANEL_CH_1": 5602.0, "PANEL_CH_2": "_16", "PANEL_IDEN": "5602_16_0", "PANEL_MAIN": "Drake Channel to Hamoaze", "PANEL_GENE": null, "PANEL_MULT": "No", "PANEL_SPEC": null, "PANEL_SP_1": null, "PUBLICAT_1": 0.0, "PUBLICAT_2": null, "PUBLICAT_3": null, "PUBLICAT_4": null, "PUBLICAT_5": null, "GBENC_CELL": null, "GBENC_EDIT": null, "GBENC_FILE": null, "GBENC_ISSU": null, "GBENC_NAVP": null, "GBENC_UPDA": null, "GBENC_UP_1": null, "STATUS": "ASSESS_CLOSED", "STATUS_OP": 20300, "STATUS_DAT": "2026-06-19T00:00:00", "GEO_ID": 2432395, "SHAPE_AREA": 0.0, "SHAPE_LEN": 0.0 }, "geometry": { "type": "Polygon", "coordinates": [ [ [ -4.204982900824774, 50.345299738483192 ], [ -4.204982900824774, 50.370383222691601 ], [ -4.145649768658217, 50.370383222691601 ], [ -4.145649768658217, 50.345299738483192 ], [ -4.204982900824774, 50.345299738483192 ] ] ] } },
{ "type": "Feature", "properties": { "SDOC_ID": 2776475, "SDOC_NAME": "5602_2_1 B Mevagissey", "SOURCE_NAM": "RSDRA2026000268494", "SDT_ID": 1950, "SDT_NAME": "UKHO Chart - Panel", "DATUM": "D_WGS_1984", "CRS_ID": 432627, "CRS_PARAMS": "PROJCS[\"WGS84_Transverse_Mercator\",GEOGCS[\"GCS_WGS_1984\",DATUM[\"D_WGS_1984\",SPHEROID[\"WGS_1984\",6378137.0,298.257223563]],PRIMEM[\"Greenwich\",0.0],UNIT[\"Degree\",0.0174532925199433]],PROJECTION[\"Transverse_Mercator\"],PARAMETER[\"False_Easting\",0.0],PARAMETE", "PUBLICATIO": "2024-02-15T00:00:00", "RECEIPTDAT": "2026-07-07T00:00:00", "UKHOVERSIO": "Current Version", "PRODUCEDBY": "UK Hydrographic Office", "PRODUCED_1": null, "PRODUCED_2": null, "IPROWNER1": "UK Hydrographic Office", "PROTECTIVE": "UNCLASSIFIED", "AUTHORITAT": "Yes", "SUBJECTMAT": null, "SUBJECTM_1": null, "SUBJECTM_2": null, "SUPPLIEDBY": null, "SUPPLIED_1": null, "SUPPLIED_2": null, "SUPPLIED_3": null, "SUPPLIED_4": null, "SCALE": 2500.0, "DEPTHUNITS": "Metres / Metres & Decimals", "SPATIALREF": 0.0, "VALIDATED": "Yes", "CHART_PREF": null, "CHART_NUMB": 0.0, "CHART_SUFF": null, "CHART_TYPE": null, "CHART_CORR": 0.0, "CHART_CO_1": 0.0, "CHART_REVI": null, "CHART_CANC": null, "CHART_INTN": 0.0, "CHART_MAIN": null, "CHART_GENE": null, "CHART_SPEC": null, "CHART_SP_1": null, "PANEL_CHAR": null, "PANEL_CH_1": 5602.0, "PANEL_CH_2": "_2", "PANEL_IDEN": "5602_2_1", "PANEL_MAIN": "B Mevagissey", "PANEL_GENE": null, "PANEL_MULT": "No", "PANEL_SPEC": null, "PANEL_SP_1": null, "PUBLICAT_1": 0.0, "PUBLICAT_2": null, "PUBLICAT_3": null, "PUBLICAT_4": null, "PUBLICAT_5": null, "GBENC_CELL": null, "GBENC_EDIT": null, "GBENC_FILE": null, "GBENC_ISSU": null, "GBENC_NAVP": null, "GBENC_UPDA": null, "GBENC_UP_1": null, "STATUS": "ASSESS_CLOSED", "STATUS_OP": 22743, "STATUS_DAT": "2026-07-07T00:00:00", "GEO_ID": 2500857, "SHAPE_AREA": 0.0, "SHAPE_LEN": 0.0 }, "geometry": { "type": "Polygon", "coordinates": [ [ [ -4.787499497083076, 50.268167370750348 ], [ -4.787500502916913, 50.271311607322474 ], [ -4.780001005833839, 50.271313618990149 ], [ -4.779998994166164, 50.268167370750348 ], [ -4.787499497083076, 50.268167370750348 ] ] ] } },
{ "type": "Feature", "properties": { "SDOC_ID": 2778410, "SDOC_NAME": "1166_1 A Avonmouth to Severn Bridge", "SOURCE_NAM": "RSDRA2026000278546", "SDT_ID": 1950, "SDT_NAME": "UKHO Chart - Panel", "DATUM": "D_WGS_1984", "CRS_ID": 432627, "CRS_PARAMS": "PROJCS[\"WGS84_Transverse_Mercator\",GEOGCS[\"GCS_WGS_1984\",DATUM[\"D_WGS_1984\",SPHEROID[\"WGS_1984\",6378137.0,298.257223563]],PRIMEM[\"Greenwich\",0.0],UNIT[\"Degree\",0.0174532925199433]],PROJECTION[\"Transverse_Mercator\"],PARAMETER[\"False_Easting\",0.0],PARAMETE", "PUBLICATIO": "2026-07-09T00:00:00", "RECEIPTDAT": "2026-07-14T00:00:00", "UKHOVERSIO": "Current Version", "PRODUCEDBY": "UK Hydrographic Office", "PRODUCED_1": null, "PRODUCED_2": null, "IPROWNER1": "UK Hydrographic Office", "PROTECTIVE": "UNCLASSIFIED", "AUTHORITAT": "Yes", "SUBJECTMAT": null, "SUBJECTM_1": null, "SUBJECTM_2": null, "SUPPLIEDBY": null, "SUPPLIED_1": null, "SUPPLIED_2": null, "SUPPLIED_3": null, "SUPPLIED_4": null, "SCALE": 25000.0, "DEPTHUNITS": "Metres / Metres & Decimals", "SPATIALREF": 0.0, "VALIDATED": "Yes", "CHART_PREF": null, "CHART_NUMB": 0.0, "CHART_SUFF": null, "CHART_TYPE": null, "CHART_CORR": 0.0, "CHART_CO_1": 0.0, "CHART_REVI": null, "CHART_CANC": null, "CHART_INTN": 0.0, "CHART_MAIN": null, "CHART_GENE": null, "CHART_SPEC": null, "CHART_SP_1": null, "PANEL_CHAR": null, "PANEL_CH_1": 1166.0, "PANEL_CH_2": null, "PANEL_IDEN": "1166_1", "PANEL_MAIN": "A Avonmouth to Severn Bridge", "PANEL_GENE": null, "PANEL_MULT": "No", "PANEL_SPEC": null, "PANEL_SP_1": null, "PUBLICAT_1": 0.0, "PUBLICAT_2": null, "PUBLICAT_3": null, "PUBLICAT_4": null, "PUBLICAT_5": null, "GBENC_CELL": null, "GBENC_EDIT": null, "GBENC_FILE": null, "GBENC_ISSU": null, "GBENC_NAVP": null, "GBENC_UPDA": null, "GBENC_UP_1": null, "STATUS": "ASSESS_CLOSED", "STATUS_OP": 19592, "STATUS_DAT": "2026-07-14T00:00:00", "GEO_ID": 2754079, "SHAPE_AREA": 0.0, "SHAPE_LEN": 0.0 }, "geometry": { "type": "Polygon", "coordinates": [ [ [ -2.74, 51.630360088513385 ], [ -2.699998994166151, 51.630370146851732 ], [ -2.666674713337358, 51.630369141017894 ], [ -2.633329309997976, 51.630373164353244 ], [ -2.601666666666659, 51.630368135184057 ], [ -2.601666666666659, 51.599996982498482 ], [ -2.601666666666659, 51.584987929993957 ], [ -2.63817642325489, 51.58499899416617 ], [ -2.638166364916515, 51.550007040836846 ], [ -2.638159324079652, 51.51666264333133 ], [ -2.638160329913489, 51.488794005230346 ], [ -2.666659625829823, 51.488801046067181 ], [ -2.700008046670689, 51.488806075236369 ], [ -2.733334339167158, 51.488802051901018 ], [ -2.740008046670681, 51.488796016898021 ], [ -2.74, 51.630343995171984 ], [ -2.74, 51.630360088513385 ] ] ] } },
{ "type": "Feature", "properties": { "SDOC_ID": 2778802, "SDOC_NAME": "1901_0 Smeaton Pass and The Narrows", "SOURCE_NAM": "RSDRA2026000279593", "SDT_ID": 1950, "SDT_NAME": "UKHO Chart - Panel", "DATUM": "D_WGS_1984", "CRS_ID": 432627, "CRS_PARAMS": "PROJCS[\"WGS84_Transverse_Mercator\",GEOGCS[\"GCS_WGS_1984\",DATUM[\"D_WGS_1984\",SPHEROID[\"WGS_1984\",6378137.0,298.257223563]],PRIMEM[\"Greenwich\",0.0],UNIT[\"Degree\",0.0174532925199433]],PROJECTION[\"Transverse_Mercator\"],PARAMETER[\"False_Easting\",0.0],PARAMETE", "PUBLICATIO": "2026-07-23T00:00:00", "RECEIPTDAT": "2026-07-14T00:00:00", "UKHOVERSIO": "Current Version", "PRODUCEDBY": "UK Hydrographic Office", "PRODUCED_1": null, "PRODUCED_2": null, "IPROWNER1": "UK Hydrographic Office", "PROTECTIVE": "UNCLASSIFIED", "AUTHORITAT": "Yes", "SUBJECTMAT": null, "SUBJECTM_1": null, "SUBJECTM_2": null, "SUPPLIEDBY": null, "SUPPLIED_1": null, "SUPPLIED_2": null, "SUPPLIED_3": null, "SUPPLIED_4": null, "SCALE": 5000.0, "DEPTHUNITS": "Metres / Metres & Decimals", "SPATIALREF": 0.0, "VALIDATED": "Yes", "CHART_PREF": null, "CHART_NUMB": 0.0, "CHART_SUFF": null, "CHART_TYPE": null, "CHART_CORR": 0.0, "CHART_CO_1": 0.0, "CHART_REVI": null, "CHART_CANC": null, "CHART_INTN": 0.0, "CHART_MAIN": null, "CHART_GENE": null, "CHART_SPEC": null, "CHART_SP_1": null, "PANEL_CHAR": null, "PANEL_CH_1": 1901.0, "PANEL_CH_2": null, "PANEL_IDEN": "1901_0", "PANEL_MAIN": "Smeaton Pass and The Narrows", "PANEL_GENE": "England", "PANEL_MULT": "No", "PANEL_SPEC": "South Coast", "PANEL_SP_1": "Plymouth Sound", "PUBLICAT_1": 0.0, "PUBLICAT_2": null, "PUBLICAT_3": null, "PUBLICAT_4": null, "PUBLICAT_5": null, "GBENC_CELL": null, "GBENC_EDIT": null, "GBENC_FILE": null, "GBENC_ISSU": null, "GBENC_NAVP": null, "GBENC_UPDA": null, "GBENC_UP_1": null, "STATUS": "ASSESS_CLOSED", "STATUS_OP": 26334, "STATUS_DAT": "2026-07-14T00:00:00", "GEO_ID": 2758884, "SHAPE_AREA": 0.0, "SHAPE_LEN": 0.0 }, "geometry": { "type": "Polygon", "coordinates": [ [ [ -4.201137598068811, 50.341237175618602 ], [ -4.201138603902649, 50.370456648561657 ], [ -4.122486421243224, 50.370456648561657 ], [ -4.122486421243224, 50.341237175618602 ], [ -4.201137598068811, 50.341237175618602 ] ] ] } },
{ "type": "Feature", "properties": { "SDOC_ID": 2315864, "SDOC_NAME": "5603_6_1 A Helford River", "SOURCE_NAM": "RSDRA2021000318705", "SDT_ID": 1950, "SDT_NAME": "UKHO Chart - Panel", "DATUM": "D_WGS_1984", "CRS_ID": 432627, "CRS_PARAMS": "PROJCS[\"WGS84_Transverse_Mercator\",GEOGCS[\"GCS_WGS_1984\",DATUM[\"D_WGS_1984\",SPHEROID[\"WGS_1984\",6378137.0,298.257223563]],PRIMEM[\"Greenwich\",0.0],UNIT[\"Degree\",0.0174532925199433]],PROJECTION[\"Transverse_Mercator\"],PARAMETER[\"False_Easting\",0.0],PARAMETE", "PUBLICATIO": "2021-11-25T00:00:00", "RECEIPTDAT": "2021-11-12T00:00:00", "UKHOVERSIO": "Current Version", "PRODUCEDBY": "UK Hydrographic Office", "PRODUCED_1": null, "PRODUCED_2": null, "IPROWNER1": "UK Hydrographic Office", "PROTECTIVE": "UNCLASSIFIED", "AUTHORITAT": "Yes", "SUBJECTMAT": null, "SUBJECTM_1": null, "SUBJECTM_2": null, "SUPPLIEDBY": null, "SUPPLIED_1": null, "SUPPLIED_2": null, "SUPPLIED_3": null, "SUPPLIED_4": null, "SCALE": 12500.0, "DEPTHUNITS": "Metres / Metres & Decimals", "SPATIALREF": 0.0, "VALIDATED": "Yes", "CHART_PREF": null, "CHART_NUMB": 0.0, "CHART_SUFF": null, "CHART_TYPE": null, "CHART_CORR": 0.0, "CHART_CO_1": 0.0, "CHART_REVI": null, "CHART_CANC": null, "CHART_INTN": 0.0, "CHART_MAIN": null, "CHART_GENE": null, "CHART_SPEC": null, "CHART_SP_1": null, "PANEL_CHAR": null, "PANEL_CH_1": 5603.0, "PANEL_CH_2": "_6", "PANEL_IDEN": "5603_6_1", "PANEL_MAIN": "A Helford River", "PANEL_GENE": null, "PANEL_MULT": "No", "PANEL_SPEC": null, "PANEL_SP_1": null, "PUBLICAT_1": 0.0, "PUBLICAT_2": null, "PUBLICAT_3": null, "PUBLICAT_4": null, "PUBLICAT_5": null, "GBENC_CELL": null, "GBENC_EDIT": null, "GBENC_FILE": null, "GBENC_ISSU": null, "GBENC_NAVP": null, "GBENC_UPDA": null, "GBENC_UP_1": null, "STATUS": "ASSESS_CLOSED", "STATUS_OP": 27614, "STATUS_DAT": "2021-11-22T00:00:00", "GEO_ID": 2296088, "SHAPE_AREA": 0.0, "SHAPE_LEN": 0.0 }, "geometry": { "type": "Polygon", "coordinates": [ [ [ -5.071004828002401, 50.112307382820347 ], [ -5.071002816334754, 50.070501911084278 ], [ -5.080894186280432, 50.070495876081281 ], [ -5.080900221283457, 50.081370951518807 ], [ -5.117244015288662, 50.081376986521832 ], [ -5.117258096962388, 50.085115670891156 ], [ -5.151474552403954, 50.085121705894181 ], [ -5.151476564071629, 50.088461074230537 ], [ -5.169281834640913, 50.088455039227512 ], [ -5.169290887145451, 50.112307382820347 ], [ -5.130009052504533, 50.112298330315838 ], [ -5.130007040836858, 50.10567692617181 ], [ -5.09999295916316, 50.105674914504135 ], [ -5.099989941661647, 50.112307382820347 ], [ -5.071004828002401, 50.112307382820347 ] ] ] } },
{ "type": "Feature", "properties": { "SDOC_ID": 2315867, "SDOC_NAME": "5603_6_4 D Cadgwith", "SOURCE_NAM": "RSDRA2021000318708", "SDT_ID": 1950, "SDT_NAME": "UKHO Chart - Panel", "DATUM": "D_WGS_1984", "CRS_ID": 432627, "CRS_PARAMS": "PROJCS[\"WGS84_Transverse_Mercator\",GEOGCS[\"GCS_WGS_1984\",DATUM[\"D_WGS_1984\",SPHEROID[\"WGS_1984\",6378137.0,298.257223563]],PRIMEM[\"Greenwich\",0.0],UNIT[\"Degree\",0.0174532925199433]],PROJECTION[\"Transverse_Mercator\"],PARAMETER[\"False_Easting\",0.0],PARAMETE", "PUBLICATIO": "2021-11-25T00:00:00", "RECEIPTDAT": "2021-11-12T00:00:00", "UKHOVERSIO": "Current Version", "PRODUCEDBY": "UK Hydrographic Office", "PRODUCED_1": null, "PRODUCED_2": null, "IPROWNER1": "UK Hydrographic Office", "PROTECTIVE": "UNCLASSIFIED", "AUTHORITAT": "Yes", "SUBJECTMAT": null, "SUBJECTM_1": null, "SUBJECTM_2": null, "SUPPLIEDBY": null, "SUPPLIED_1": null, "SUPPLIED_2": null, "SUPPLIED_3": null, "SUPPLIED_4": null, "SCALE": 15000.0, "DEPTHUNITS": "Metres / Metres & Decimals", "SPATIALREF": 0.0, "VALIDATED": "Yes", "CHART_PREF": null, "CHART_NUMB": 0.0, "CHART_SUFF": null, "CHART_TYPE": null, "CHART_CORR": 0.0, "CHART_CO_1": 0.0, "CHART_REVI": null, "CHART_CANC": null, "CHART_INTN": 0.0, "CHART_MAIN": null, "CHART_GENE": null, "CHART_SPEC": null, "CHART_SP_1": null, "PANEL_CHAR": null, "PANEL_CH_1": 5603.0, "PANEL_CH_2": "_6", "PANEL_IDEN": "5603_6_4", "PANEL_MAIN": "D Cadgwith", "PANEL_GENE": null, "PANEL_MULT": "No", "PANEL_SPEC": null, "PANEL_SP_1": null, "PUBLICAT_1": 0.0, "PUBLICAT_2": null, "PUBLICAT_3": null, "PUBLICAT_4": null, "PUBLICAT_5": null, "GBENC_CELL": null, "GBENC_EDIT": null, "GBENC_FILE": null, "GBENC_ISSU": null, "GBENC_NAVP": null, "GBENC_UPDA": null, "GBENC_UP_1": null, "STATUS": "ASSESS_CLOSED", "STATUS_OP": 27614, "STATUS_DAT": "2021-11-22T00:00:00", "GEO_ID": 2296091, "SHAPE_AREA": 0.0, "SHAPE_LEN": 0.0 }, "geometry": { "type": "Polygon", "coordinates": [ [ [ -5.164009253671281, 49.991669684168187 ], [ -5.164010259505119, 49.980205190102595 ], [ -5.184322067994373, 49.980205190102595 ], [ -5.184324079662048, 49.991669684168187 ], [ -5.164009253671281, 49.991669684168187 ] ] ] } },
{ "type": "Feature", "properties": { "SDOC_ID": 2517304, "SDOC_NAME": "2345_7 G Mullion Cove", "SOURCE_NAM": "RSDRA2024000025478", "SDT_ID": 1950, "SDT_NAME": "UKHO Chart - Panel", "DATUM": "D_WGS_1984", "CRS_ID": 432627, "CRS_PARAMS": "PROJCS[\"WGS84_Transverse_Mercator\",GEOGCS[\"GCS_WGS_1984\",DATUM[\"D_WGS_1984\",SPHEROID[\"WGS_1984\",6378137.0,298.257223563]],PRIMEM[\"Greenwich\",0.0],UNIT[\"Degree\",0.0174532925199433]],PROJECTION[\"Transverse_Mercator\"],PARAMETER[\"False_Easting\",500000.0],PAR", "PUBLICATIO": "2017-07-13T00:00:00", "RECEIPTDAT": "2024-01-29T00:00:00", "UKHOVERSIO": "Current Version", "PRODUCEDBY": "UK Hydrographic Office", "PRODUCED_1": null, "PRODUCED_2": null, "IPROWNER1": "UK Hydrographic Office", "PROTECTIVE": "UNCLASSIFIED", "AUTHORITAT": "Yes", "SUBJECTMAT": null, "SUBJECTM_1": null, "SUBJECTM_2": null, "SUPPLIEDBY": null, "SUPPLIED_1": null, "SUPPLIED_2": null, "SUPPLIED_3": null, "SUPPLIED_4": null, "SCALE": 5000.0, "DEPTHUNITS": "Metres / Metres & Decimals", "SPATIALREF": 0.0, "VALIDATED": "Yes", "CHART_PREF": null, "CHART_NUMB": 0.0, "CHART_SUFF": null, "CHART_TYPE": null, "CHART_CORR": 0.0, "CHART_CO_1": 0.0, "CHART_REVI": null, "CHART_CANC": null, "CHART_INTN": 0.0, "CHART_MAIN": null, "CHART_GENE": null, "CHART_SPEC": null, "CHART_SP_1": null, "PANEL_CHAR": null, "PANEL_CH_1": 2345.0, "PANEL_CH_2": null, "PANEL_IDEN": "2345_7", "PANEL_MAIN": "G Mullion Cove", "PANEL_GENE": null, "PANEL_MULT": "No", "PANEL_SPEC": null, "PANEL_SP_1": null, "PUBLICAT_1": 0.0, "PUBLICAT_2": null, "PUBLICAT_3": null, "PUBLICAT_4": null, "PUBLICAT_5": null, "GBENC_CELL": null, "GBENC_EDIT": null, "GBENC_FILE": null, "GBENC_ISSU": null, "GBENC_NAVP": null, "GBENC_UPDA": null, "GBENC_UP_1": null, "STATUS": "ASSESS_CLOSED", "STATUS_OP": 29636, "STATUS_DAT": "2024-01-29T00:00:00", "GEO_ID": 1878855, "SHAPE_AREA": 0.0, "SHAPE_LEN": 0.0 }, "geometry": { "type": "Polygon", "coordinates": [ [ [ -5.271958358479168, 50.0104023335345 ], [ -5.271958358479168, 50.015934419633879 ], [ -5.257029772681562, 50.015934419633879 ], [ -5.2570307785154, 50.0104023335345 ], [ -5.271958358479168, 50.0104023335345 ] ] ] } },
{ "type": "Feature", "properties": { "SDOC_ID": 2517662, "SDOC_NAME": "5603_7_1 A Penzance Bay", "SOURCE_NAM": "RSDRA2024000025869", "SDT_ID": 1950, "SDT_NAME": "UKHO Chart - Panel", "DATUM": "D_WGS_1984", "CRS_ID": 432627, "CRS_PARAMS": "PROJCS[\"WGS84_Transverse_Mercator\",GEOGCS[\"GCS_WGS_1984\",DATUM[\"D_WGS_1984\",SPHEROID[\"WGS_1984\",6378137.0,298.257223563]],PRIMEM[\"Greenwich\",0.0],UNIT[\"Degree\",0.0174532925199433]],PROJECTION[\"Transverse_Mercator\"],PARAMETER[\"False_Easting\",0.0],PARAMETE", "PUBLICATIO": "2021-11-25T00:00:00", "RECEIPTDAT": "2024-01-30T00:00:00", "UKHOVERSIO": "Current Version", "PRODUCEDBY": "UK Hydrographic Office", "PRODUCED_1": null, "PRODUCED_2": null, "IPROWNER1": "UK Hydrographic Office", "PROTECTIVE": "UNCLASSIFIED", "AUTHORITAT": "Yes", "SUBJECTMAT": null, "SUBJECTM_1": null, "SUBJECTM_2": null, "SUPPLIEDBY": null, "SUPPLIED_1": null, "SUPPLIED_2": null, "SUPPLIED_3": null, "SUPPLIED_4": null, "SCALE": 12500.0, "DEPTHUNITS": "Metres / Metres & Decimals", "SPATIALREF": 0.0, "VALIDATED": "Yes", "CHART_PREF": null, "CHART_NUMB": 0.0, "CHART_SUFF": null, "CHART_TYPE": null, "CHART_CORR": 0.0, "CHART_CO_1": 0.0, "CHART_REVI": null, "CHART_CANC": null, "CHART_INTN": 0.0, "CHART_MAIN": null, "CHART_GENE": null, "CHART_SPEC": null, "CHART_SP_1": null, "PANEL_CHAR": null, "PANEL_CH_1": 5603.0, "PANEL_CH_2": "_7", "PANEL_IDEN": "5603_7_1", "PANEL_MAIN": "A Penzance Bay", "PANEL_GENE": null, "PANEL_MULT": "No", "PANEL_SPEC": null, "PANEL_SP_1": null, "PUBLICAT_1": 0.0, "PUBLICAT_2": null, "PUBLICAT_3": null, "PUBLICAT_4": null, "PUBLICAT_5": null, "GBENC_CELL": null, "GBENC_EDIT": null, "GBENC_FILE": null, "GBENC_ISSU": null, "GBENC_NAVP": null, "GBENC_UPDA": null, "GBENC_UP_1": null, "STATUS": "ASSESS_CLOSED", "STATUS_OP": 3512, "STATUS_DAT": "2024-01-30T00:00:00", "GEO_ID": 2296136, "SHAPE_AREA": 0.0, "SHAPE_LEN": 0.0 }, "geometry": { "type": "Polygon", "coordinates": [ [ [ -5.472337557835459, 50.13206095353047 ], [ -5.472342587004619, 50.090263528465101 ], [ -5.550694025347013, 50.090263528465101 ], [ -5.550694025347013, 50.107018708509344 ], [ -5.548948903641104, 50.107020720177019 ], [ -5.548952926976455, 50.13206095353047 ], [ -5.472337557835459, 50.13206095353047 ] ] ] } },
{ "type": "Feature", "properties": { "SDOC_ID": 2517665, "SDOC_NAME": "5603_7_4 D Penzance", "SOURCE_NAM": "RSDRA2024000025872", "SDT_ID": 1950, "SDT_NAME": "UKHO Chart - Panel", "DATUM": "D_WGS_1984", "CRS_ID": 432627, "CRS_PARAMS": "PROJCS[\"WGS84_Transverse_Mercator\",GEOGCS[\"GCS_WGS_1984\",DATUM[\"D_WGS_1984\",SPHEROID[\"WGS_1984\",6378137.0,298.257223563]],PRIMEM[\"Greenwich\",0.0],UNIT[\"Degree\",0.0174532925199433]],PROJECTION[\"Transverse_Mercator\"],PARAMETER[\"False_Easting\",0.0],PARAMETE", "PUBLICATIO": "2021-11-25T00:00:00", "RECEIPTDAT": "2024-01-30T00:00:00", "UKHOVERSIO": "Current Version", "PRODUCEDBY": "UK Hydrographic Office", "PRODUCED_1": null, "PRODUCED_2": null, "IPROWNER1": "UK Hydrographic Office", "PROTECTIVE": "UNCLASSIFIED", "AUTHORITAT": "Yes", "SUBJECTMAT": null, "SUBJECTM_1": null, "SUBJECTM_2": null, "SUPPLIEDBY": null, "SUPPLIED_1": null, "SUPPLIED_2": null, "SUPPLIED_3": null, "SUPPLIED_4": null, "SCALE": 5000.0, "DEPTHUNITS": "Metres / Metres & Decimals", "SPATIALREF": 0.0, "VALIDATED": "Yes", "CHART_PREF": null, "CHART_NUMB": 0.0, "CHART_SUFF": null, "CHART_TYPE": null, "CHART_CORR": 0.0, "CHART_CO_1": 0.0, "CHART_REVI": null, "CHART_CANC": null, "CHART_INTN": 0.0, "CHART_MAIN": null, "CHART_GENE": null, "CHART_SPEC": null, "CHART_SP_1": null, "PANEL_CHAR": null, "PANEL_CH_1": 5603.0, "PANEL_CH_2": "_7", "PANEL_IDEN": "5603_7_4", "PANEL_MAIN": "D Penzance", "PANEL_GENE": null, "PANEL_MULT": "No", "PANEL_SPEC": null, "PANEL_SP_1": null, "PUBLICAT_1": 0.0, "PUBLICAT_2": null, "PUBLICAT_3": null, "PUBLICAT_4": null, "PUBLICAT_5": null, "GBENC_CELL": null, "GBENC_EDIT": null, "GBENC_FILE": null, "GBENC_ISSU": null, "GBENC_NAVP": null, "GBENC_UPDA": null, "GBENC_UP_1": null, "STATUS": "ASSESS_CLOSED", "STATUS_OP": 3512, "STATUS_DAT": "2024-01-30T00:00:00", "GEO_ID": 2296140, "SHAPE_AREA": 0.0, "SHAPE_LEN": 0.0 }, "geometry": { "type": "Polygon", "coordinates": [ [ [ -5.527671494669079, 50.121151679742496 ], [ -5.527672500502916, 50.115670891168776 ], [ -5.53486320659826, 50.115670891168776 ], [ -5.534864212432097, 50.121151679742496 ], [ -5.527671494669079, 50.121151679742496 ] ] ] } },
{ "type": "Feature", "properties": { "SDOC_ID": 2542698, "SDOC_NAME": "5603_5_3 C Padstow", "SOURCE_NAM": "RSDRA2024000127507", "SDT_ID": 1950, "SDT_NAME": "UKHO Chart - Panel", "DATUM": "D_WGS_1984", "CRS_ID": 432627, "CRS_PARAMS": "PROJCS[\"WGS84_Transverse_Mercator\",GEOGCS[\"GCS_WGS_1984\",DATUM[\"D_WGS_1984\",SPHEROID[\"WGS_1984\",6378137.0,298.257223563]],PRIMEM[\"Greenwich\",0.0],UNIT[\"Degree\",0.0174532925199433]],PROJECTION[\"Transverse_Mercator\"],PARAMETER[\"False_Easting\",0.0],PARAMETE", "PUBLICATIO": "2021-11-25T00:00:00", "RECEIPTDAT": "2024-05-01T00:00:00", "UKHOVERSIO": "Current Version", "PRODUCEDBY": "UK Hydrographic Office", "PRODUCED_1": null, "PRODUCED_2": null, "IPROWNER1": "UK Hydrographic Office", "PROTECTIVE": "UNCLASSIFIED", "AUTHORITAT": "Yes", "SUBJECTMAT": null, "SUBJECTM_1": null, "SUBJECTM_2": null, "SUPPLIEDBY": null, "SUPPLIED_1": null, "SUPPLIED_2": null, "SUPPLIED_3": null, "SUPPLIED_4": null, "SCALE": 25000.0, "DEPTHUNITS": "Metres / Metres & Decimals", "SPATIALREF": 0.0, "VALIDATED": "Yes", "CHART_PREF": null, "CHART_NUMB": 0.0, "CHART_SUFF": null, "CHART_TYPE": null, "CHART_CORR": 0.0, "CHART_CO_1": 0.0, "CHART_REVI": null, "CHART_CANC": null, "CHART_INTN": 0.0, "CHART_MAIN": null, "CHART_GENE": null, "CHART_SPEC": null, "CHART_SP_1": null, "PANEL_CHAR": null, "PANEL_CH_1": 5603.0, "PANEL_CH_2": "_5", "PANEL_IDEN": "5603_5_3", "PANEL_MAIN": "C Padstow", "PANEL_GENE": null, "PANEL_MULT": "No", "PANEL_SPEC": null, "PANEL_SP_1": null, "PUBLICAT_1": 0.0, "PUBLICAT_2": null, "PUBLICAT_3": null, "PUBLICAT_4": null, "PUBLICAT_5": null, "GBENC_CELL": null, "GBENC_EDIT": null, "GBENC_FILE": null, "GBENC_ISSU": null, "GBENC_NAVP": null, "GBENC_UPDA": null, "GBENC_UP_1": null, "STATUS": "ASSESS_CLOSED", "STATUS_OP": 29637, "STATUS_DAT": "2024-05-01T00:00:00", "GEO_ID": 2296081, "SHAPE_AREA": 0.0, "SHAPE_LEN": 0.0 }, "geometry": { "type": "Polygon", "coordinates": [ [ [ -4.914352243009461, 50.600486823576745 ], [ -4.914352243009461, 50.538839267752962 ], [ -5.004314021323665, 50.538838261919125 ], [ -5.004331120498904, 50.549835043250852 ], [ -5.006207000603496, 50.549834037417014 ], [ -5.006207000603496, 50.551358881512783 ], [ -5.004325085495879, 50.551359887346621 ], [ -5.004313015489828, 50.600485817742907 ], [ -4.914352243009461, 50.600486823576745 ] ] ] } },
{ "type": "Feature", "properties": { "SDOC_ID": 2611059, "SDOC_NAME": "5602_17_2 B River Lynher", "SOURCE_NAM": "RSDRA2025000015359", "SDT_ID": 1950, "SDT_NAME": "UKHO Chart - Panel", "DATUM": "D_WGS_1984", "CRS_ID": 432627, "CRS_PARAMS": "PROJCS[\"WGS84_Transverse_Mercator\",GEOGCS[\"GCS_WGS_1984\",DATUM[\"D_WGS_1984\",SPHEROID[\"WGS_1984\",6378137.0,298.257223563]],PRIMEM[\"Greenwich\",0.0],UNIT[\"Degree\",0.0174532925199433]],PROJECTION[\"Transverse_Mercator\"],PARAMETER[\"False_Easting\",0.0],PARAMETE", "PUBLICATIO": "2023-05-11T00:00:00", "RECEIPTDAT": "2025-01-14T00:00:00", "UKHOVERSIO": "Current Version", "PRODUCEDBY": "UK Hydrographic Office", "PRODUCED_1": null, "PRODUCED_2": null, "IPROWNER1": "UK Hydrographic Office", "PROTECTIVE": "UNCLASSIFIED", "AUTHORITAT": "Yes", "SUBJECTMAT": null, "SUBJECTM_1": null, "SUBJECTM_2": null, "SUPPLIEDBY": null, "SUPPLIED_1": null, "SUPPLIED_2": null, "SUPPLIED_3": null, "SUPPLIED_4": null, "SCALE": 20000.0, "DEPTHUNITS": "Metres / Metres & Decimals", "SPATIALREF": 0.0, "VALIDATED": "Yes", "CHART_PREF": null, "CHART_NUMB": 0.0, "CHART_SUFF": null, "CHART_TYPE": null, "CHART_CORR": 0.0, "CHART_CO_1": 0.0, "CHART_REVI": null, "CHART_CANC": null, "CHART_INTN": 0.0, "CHART_MAIN": null, "CHART_GENE": null, "CHART_SPEC": null, "CHART_SP_1": null, "PANEL_CHAR": null, "PANEL_CH_1": 5602.0, "PANEL_CH_2": "_17", "PANEL_IDEN": "5602_17_2", "PANEL_MAIN": "B River Lynher", "PANEL_GENE": null, "PANEL_MULT": "No", "PANEL_SPEC": null, "PANEL_SP_1": null, "PUBLICAT_1": 0.0, "PUBLICAT_2": null, "PUBLICAT_3": null, "PUBLICAT_4": null, "PUBLICAT_5": null, "GBENC_CELL": null, "GBENC_EDIT": null, "GBENC_FILE": null, "GBENC_ISSU": null, "GBENC_NAVP": null, "GBENC_UPDA": null, "GBENC_UP_1": null, "STATUS": "ASSESS_CLOSED", "STATUS_OP": 19592, "STATUS_DAT": "2025-01-14T00:00:00", "GEO_ID": 2429230, "SHAPE_AREA": 0.0, "SHAPE_LEN": 0.0 }, "geometry": { "type": "Polygon", "coordinates": [ [ [ -4.335791591229139, 50.374062562864623 ], [ -4.335787567893789, 50.398404747535693 ], [ -4.268319251659619, 50.398406759203368 ], [ -4.268316234158107, 50.374062562864623 ], [ -4.335791591229139, 50.374062562864623 ] ] ] } },
{ "type": "Feature", "properties": { "SDOC_ID": 2682549, "SDOC_NAME": "0032_0 Falmouth to Truro", "SOURCE_NAM": "RSDRA2025000424440", "SDT_ID": 1950, "SDT_NAME": "UKHO Chart - Panel", "DATUM": "D_WGS_1984", "CRS_ID": 432627, "CRS_PARAMS": "PROJCS[\"WGS84_Transverse_Mercator\",GEOGCS[\"GCS_WGS_1984\",DATUM[\"D_WGS_1984\",SPHEROID[\"WGS_1984\",6378137.0,298.257223563]],PRIMEM[\"Greenwich\",0.0],UNIT[\"Degree\",0.0174532925199433]],PROJECTION[\"Transverse_Mercator\"],PARAMETER[\"False_Easting\",0.0],PARAMETE", "PUBLICATIO": "2025-03-27T00:00:00", "RECEIPTDAT": "2025-08-27T00:00:00", "UKHOVERSIO": "Current Version", "PRODUCEDBY": "UK Hydrographic Office", "PRODUCED_1": null, "PRODUCED_2": null, "IPROWNER1": "UK Hydrographic Office", "PROTECTIVE": "UNCLASSIFIED", "AUTHORITAT": "Yes", "SUBJECTMAT": null, "SUBJECTM_1": null, "SUBJECTM_2": null, "SUPPLIEDBY": null, "SUPPLIED_1": null, "SUPPLIED_2": null, "SUPPLIED_3": null, "SUPPLIED_4": null, "SCALE": 12500.0, "DEPTHUNITS": "Metres / Metres & Decimals", "SPATIALREF": 0.0, "VALIDATED": "Yes", "CHART_PREF": null, "CHART_NUMB": 0.0, "CHART_SUFF": null, "CHART_TYPE": null, "CHART_CORR": 0.0, "CHART_CO_1": 0.0, "CHART_REVI": null, "CHART_CANC": null, "CHART_INTN": 0.0, "CHART_MAIN": null, "CHART_GENE": null, "CHART_SPEC": null, "CHART_SP_1": null, "PANEL_CHAR": null, "PANEL_CH_1": 32.0, "PANEL_CH_2": null, "PANEL_IDEN": "0032_0", "PANEL_MAIN": "Falmouth to Truro", "PANEL_GENE": "England - South Coast", "PANEL_MULT": "No", "PANEL_SPEC": null, "PANEL_SP_1": null, "PUBLICAT_1": 0.0, "PUBLICAT_2": null, "PUBLICAT_3": null, "PUBLICAT_4": null, "PUBLICAT_5": null, "GBENC_CELL": null, "GBENC_EDIT": null, "GBENC_FILE": null, "GBENC_ISSU": null, "GBENC_NAVP": null, "GBENC_UPDA": null, "GBENC_UP_1": null, "STATUS": "ASSESS_CLOSED", "STATUS_OP": 3512, "STATUS_DAT": "2025-08-27T00:00:00", "GEO_ID": 2613959, "SHAPE_AREA": 0.0, "SHAPE_LEN": 0.0 }, "geometry": { "type": "Polygon", "coordinates": [ [ [ -5.102727821363914, 50.235685978676315 ], [ -4.992628243814124, 50.235685978676315 ], [ -4.992612150472752, 50.125583383625013 ], [ -5.102735868034614, 50.125583383625013 ], [ -5.102727821363914, 50.235685978676315 ] ] ] } },
{ "type": "Feature", "properties": { "SDOC_ID": 2703590, "SDOC_NAME": "1160_5 E Lundy", "SOURCE_NAM": "RSDRA2025000526275", "SDT_ID": 1950, "SDT_NAME": "UKHO Chart - Panel", "DATUM": "D_WGS_1984", "CRS_ID": 432627, "CRS_PARAMS": "PROJCS[\"WGS84_Transverse_Mercator\",GEOGCS[\"GCS_WGS_1984\",DATUM[\"D_WGS_1984\",SPHEROID[\"WGS_1984\",6378137.0,298.257223563]],PRIMEM[\"Greenwich\",0.0],UNIT[\"Degree\",0.0174532925199433]],PROJECTION[\"Transverse_Mercator\"],PARAMETER[\"False_Easting\",0.0],PARAMETE", "PUBLICATIO": "2025-11-13T00:00:00", "RECEIPTDAT": "2025-11-03T00:00:00", "UKHOVERSIO": "Current Version", "PRODUCEDBY": "UK Hydrographic Office", "PRODUCED_1": "RT1W", "PRODUCED_2": null, "IPROWNER1": "UK Hydrographic Office", "PROTECTIVE": "UNCLASSIFIED", "AUTHORITAT": "Yes", "SUBJECTMAT": null, "SUBJECTM_1": null, "SUBJECTM_2": null, "SUPPLIEDBY": null, "SUPPLIED_1": null, "SUPPLIED_2": null, "SUPPLIED_3": null, "SUPPLIED_4": null, "SCALE": 25000.0, "DEPTHUNITS": "Metres / Metres & Decimals", "SPATIALREF": 0.0, "VALIDATED": "Yes", "CHART_PREF": null, "CHART_NUMB": 0.0, "CHART_SUFF": null, "CHART_TYPE": null, "CHART_CORR": 0.0, "CHART_CO_1": 0.0, "CHART_REVI": null, "CHART_CANC": null, "CHART_INTN": 0.0, "CHART_MAIN": null, "CHART_GENE": null, "CHART_SPEC": null, "CHART_SP_1": null, "PANEL_CHAR": null, "PANEL_CH_1": 1160.0, "PANEL_CH_2": null, "PANEL_IDEN": "1160_5", "PANEL_MAIN": "E Lundy", "PANEL_GENE": null, "PANEL_MULT": "No", "PANEL_SPEC": null, "PANEL_SP_1": null, "PUBLICAT_1": 0.0, "PUBLICAT_2": null, "PUBLICAT_3": null, "PUBLICAT_4": null, "PUBLICAT_5": null, "GBENC_CELL": null, "GBENC_EDIT": null, "GBENC_FILE": null, "GBENC_ISSU": null, "GBENC_NAVP": null, "GBENC_UPDA": null, "GBENC_UP_1": null, "STATUS": "ASSESS_CLOSED", "STATUS_OP": 10738, "STATUS_DAT": "2025-11-03T00:00:00", "GEO_ID": 2683714, "SHAPE_AREA": 0.0, "SHAPE_LEN": 0.0 }, "geometry": { "type": "Polygon", "coordinates": [ [ [ -4.692755984711312, 51.212481392074039 ], [ -4.651667672500508, 51.212472339569501 ], [ -4.620732247032777, 51.212480386240202 ], [ -4.620724200362105, 51.180001005833844 ], [ -4.620746328706502, 51.150497887748941 ], [ -4.655, 51.150482800241406 ], [ -4.692771072218875, 51.150495876081266 ], [ -4.692766043049687, 51.181665660832834 ], [ -4.692755984711312, 51.212481392074039 ] ] ] } },
{ "type": "Feature", "properties": { "SDOC_ID": 2718593, "SDOC_NAME": "5608_5_3 C Ilfracombe", "SOURCE_NAM": "RSDRA2025000594474", "SDT_ID": 1950, "SDT_NAME": "UKHO Chart - Panel", "DATUM": "D_WGS_1984", "CRS_ID": 432627, "CRS_PARAMS": "PROJCS[\"WGS84_Transverse_Mercator\",GEOGCS[\"GCS_WGS_1984\",DATUM[\"D_WGS_1984\",SPHEROID[\"WGS_1984\",6378137.0,298.257223563]],PRIMEM[\"Greenwich\",0.0],UNIT[\"Degree\",0.0174532925199433]],PROJECTION[\"Transverse_Mercator\"],PARAMETER[\"False_Easting\",0.0],PARAMETE", "PUBLICATIO": "2026-01-08T00:00:00", "RECEIPTDAT": "2025-12-21T00:00:00", "UKHOVERSIO": "Current Version", "PRODUCEDBY": "UK Hydrographic Office", "PRODUCED_1": null, "PRODUCED_2": null, "IPROWNER1": "UK Hydrographic Office", "PROTECTIVE": "UNCLASSIFIED", "AUTHORITAT": "Yes", "SUBJECTMAT": null, "SUBJECTM_1": null, "SUBJECTM_2": null, "SUPPLIEDBY": null, "SUPPLIED_1": null, "SUPPLIED_2": null, "SUPPLIED_3": null, "SUPPLIED_4": null, "SCALE": 12500.0, "DEPTHUNITS": "Metres / Metres & Decimals", "SPATIALREF": 0.0, "VALIDATED": "Yes", "CHART_PREF": null, "CHART_NUMB": 0.0, "CHART_SUFF": null, "CHART_TYPE": null, "CHART_CORR": 0.0, "CHART_CO_1": 0.0, "CHART_REVI": null, "CHART_CANC": null, "CHART_INTN": 0.0, "CHART_MAIN": null, "CHART_GENE": null, "CHART_SPEC": null, "CHART_SP_1": null, "PANEL_CHAR": null, "PANEL_CH_1": 5608.0, "PANEL_CH_2": "_5", "PANEL_IDEN": "5608_5_3", "PANEL_MAIN": "C Ilfracombe", "PANEL_GENE": null, "PANEL_MULT": "No", "PANEL_SPEC": null, "PANEL_SP_1": null, "PUBLICAT_1": 0.0, "PUBLICAT_2": null, "PUBLICAT_3": null, "PUBLICAT_4": null, "PUBLICAT_5": null, "GBENC_CELL": null, "GBENC_EDIT": null, "GBENC_FILE": null, "GBENC_ISSU": null, "GBENC_NAVP": null, "GBENC_UPDA": null, "GBENC_UP_1": null, "STATUS": "ASSESS_CLOSED", "STATUS_OP": 29636, "STATUS_DAT": "2025-12-21T00:00:00", "GEO_ID": 2698717, "SHAPE_AREA": 0.0, "SHAPE_LEN": 0.0 }, "geometry": { "type": "Polygon", "coordinates": [ [ [ -4.12333132166566, 51.218340374170197 ], [ -4.118329309997989, 51.223833232749939 ], [ -4.093835244417619, 51.223834238583777 ], [ -4.093838261919132, 51.20720378193522 ], [ -4.12334439750552, 51.207204787769058 ], [ -4.12333132166566, 51.218340374170197 ] ] ] } },
{ "type": "Feature", "properties": { "SDOC_ID": 2733966, "SDOC_NAME": "5602_4_2 B Polperro", "SOURCE_NAM": "RSDRA2026000058119", "SDT_ID": 1950, "SDT_NAME": "UKHO Chart - Panel", "DATUM": "D_WGS_1984", "CRS_ID": 432627, "CRS_PARAMS": "PROJCS[\"WGS84_Transverse_Mercator\",GEOGCS[\"GCS_WGS_1984\",DATUM[\"D_WGS_1984\",SPHEROID[\"WGS_1984\",6378137.0,298.257223563]],PRIMEM[\"Greenwich\",0.0],UNIT[\"Degree\",0.0174532925199433]],PROJECTION[\"Transverse_Mercator\"],PARAMETER[\"False_Easting\",0.0],PARAMETE", "PUBLICATIO": "2024-02-15T00:00:00", "RECEIPTDAT": "2026-02-13T00:00:00", "UKHOVERSIO": "Current Version", "PRODUCEDBY": "UK Hydrographic Office", "PRODUCED_1": null, "PRODUCED_2": null, "IPROWNER1": "UK Hydrographic Office", "PROTECTIVE": "UNCLASSIFIED", "AUTHORITAT": "Yes", "SUBJECTMAT": null, "SUBJECTM_1": null, "SUBJECTM_2": null, "SUPPLIEDBY": null, "SUPPLIED_1": null, "SUPPLIED_2": null, "SUPPLIED_3": null, "SUPPLIED_4": null, "SCALE": 3500.0, "DEPTHUNITS": "Metres / Metres & Decimals", "SPATIALREF": 0.0, "VALIDATED": "Yes", "CHART_PREF": null, "CHART_NUMB": 0.0, "CHART_SUFF": null, "CHART_TYPE": null, "CHART_CORR": 0.0, "CHART_CO_1": 0.0, "CHART_REVI": null, "CHART_CANC": null, "CHART_INTN": 0.0, "CHART_MAIN": null, "CHART_GENE": null, "CHART_SPEC": null, "CHART_SP_1": null, "PANEL_CHAR": null, "PANEL_CH_1": 5602.0, "PANEL_CH_2": "_4", "PANEL_IDEN": "5602_4_2", "PANEL_MAIN": "B Polperro", "PANEL_GENE": null, "PANEL_MULT": "No", "PANEL_SPEC": null, "PANEL_SP_1": null, "PUBLICAT_1": 0.0, "PUBLICAT_2": null, "PUBLICAT_3": null, "PUBLICAT_4": null, "PUBLICAT_5": null, "GBENC_CELL": null, "GBENC_EDIT": null, "GBENC_FILE": null, "GBENC_ISSU": null, "GBENC_NAVP": null, "GBENC_UPDA": null, "GBENC_UP_1": null, "STATUS": "ASSESS_CLOSED", "STATUS_OP": 19592, "STATUS_DAT": "2026-02-13T00:00:00", "GEO_ID": 2500862, "SHAPE_AREA": 0.0, "SHAPE_LEN": 0.0 }, "geometry": { "type": "Polygon", "coordinates": [ [ [ -4.518559645946482, 50.32890464695231 ], [ -4.518554616777323, 50.331955340977657 ], [ -4.511184872259093, 50.331955340977657 ], [ -4.511185878092931, 50.32890464695231 ], [ -4.518559645946482, 50.32890464695231 ] ] ] } },
{ "type": "Feature", "properties": { "SDOC_ID": 2750481, "SDOC_NAME": "1168_1 A Approaches to Padstow", "SOURCE_NAM": "RSDRA2026000138706", "SDT_ID": 1950, "SDT_NAME": "UKHO Chart - Panel", "DATUM": "D_WGS_1984", "CRS_ID": 432627, "CRS_PARAMS": "PROJCS[\"WGS84_Transverse_Mercator\",GEOGCS[\"GCS_WGS_1984\",DATUM[\"D_WGS_1984\",SPHEROID[\"WGS_1984\",6378137.0,298.257223563]],PRIMEM[\"Greenwich\",0.0],UNIT[\"Degree\",0.0174532925199433]],PROJECTION[\"Transverse_Mercator\"],PARAMETER[\"False_Easting\",0.0],PARAMETE", "PUBLICATIO": "2021-06-17T00:00:00", "RECEIPTDAT": "2026-04-10T00:00:00", "UKHOVERSIO": "Current Version", "PRODUCEDBY": "UK Hydrographic Office", "PRODUCED_1": null, "PRODUCED_2": null, "IPROWNER1": "UK Hydrographic Office", "PROTECTIVE": "UNCLASSIFIED", "AUTHORITAT": "Yes", "SUBJECTMAT": null, "SUBJECTM_1": null, "SUBJECTM_2": null, "SUPPLIEDBY": null, "SUPPLIED_1": null, "SUPPLIED_2": null, "SUPPLIED_3": null, "SUPPLIED_4": null, "SCALE": 25000.0, "DEPTHUNITS": "Metres / Metres & Decimals", "SPATIALREF": 0.0, "VALIDATED": "Yes", "CHART_PREF": null, "CHART_NUMB": 0.0, "CHART_SUFF": null, "CHART_TYPE": null, "CHART_CORR": 0.0, "CHART_CO_1": 0.0, "CHART_REVI": null, "CHART_CANC": null, "CHART_INTN": 0.0, "CHART_MAIN": null, "CHART_GENE": null, "CHART_SPEC": null, "CHART_SP_1": null, "PANEL_CHAR": null, "PANEL_CH_1": 1168.0, "PANEL_CH_2": null, "PANEL_IDEN": "1168_1", "PANEL_MAIN": "A Approaches to Padstow", "PANEL_GENE": null, "PANEL_MULT": "No", "PANEL_SPEC": null, "PANEL_SP_1": null, "PUBLICAT_1": 0.0, "PUBLICAT_2": null, "PUBLICAT_3": null, "PUBLICAT_4": null, "PUBLICAT_5": null, "GBENC_CELL": null, "GBENC_EDIT": null, "GBENC_FILE": null, "GBENC_ISSU": null, "GBENC_NAVP": null, "GBENC_UPDA": null, "GBENC_UP_1": null, "STATUS": "ASSESS_CLOSED", "STATUS_OP": 29636, "STATUS_DAT": "2026-04-10T00:00:00", "GEO_ID": 2254245, "SHAPE_AREA": 0.0, "SHAPE_LEN": 0.0 }, "geometry": { "type": "Polygon", "coordinates": [ [ [ -5.072725809696237, 50.538894588613971 ], [ -5.072729833031588, 50.617097163548578 ], [ -4.804691209012276, 50.617103198551604 ], [ -4.8046811506739, 50.577001609334133 ], [ -4.889836049084693, 50.576995574331107 ], [ -4.889828002413992, 50.538874471937248 ], [ -5.072725809696237, 50.538894588613971 ] ] ] } },
{ "type": "Feature", "properties": { "SDOC_ID": 2764385, "SDOC_NAME": "1176_1 Newport", "SOURCE_NAM": "RSDRA2026000210963", "SDT_ID": 1950, "SDT_NAME": "UKHO Chart - Panel", "DATUM": "D_ETRS_1989", "CRS_ID": 502121, "CRS_PARAMS": "PROJCS[\"ETRS89_TM\",GEOGCS[\"GCS_ETRS_1989\",DATUM[\"D_ETRS_1989\",SPHEROID[\"GRS_1980\",6378137.0,298.257222101]],PRIMEM[\"Greenwich\",0.0],UNIT[\"Degree\",0.0174532925199433]],PROJECTION[\"Transverse_Mercator\"],PARAMETER[\"False_Easting\",0.0],PARAMETER[\"False_North", "PUBLICATIO": "2024-09-26T00:00:00", "RECEIPTDAT": "2026-05-27T00:00:00", "UKHOVERSIO": "Current Version", "PRODUCEDBY": "UK Hydrographic Office", "PRODUCED_1": "RT1W", "PRODUCED_2": null, "IPROWNER1": "UK Hydrographic Office", "PROTECTIVE": "UNCLASSIFIED", "AUTHORITAT": "Yes", "SUBJECTMAT": null, "SUBJECTM_1": null, "SUBJECTM_2": null, "SUPPLIEDBY": null, "SUPPLIED_1": null, "SUPPLIED_2": null, "SUPPLIED_3": null, "SUPPLIED_4": null, "SCALE": 20000.0, "DEPTHUNITS": "Metres / Metres & Decimals", "SPATIALREF": 0.0, "VALIDATED": "Yes", "CHART_PREF": null, "CHART_NUMB": 0.0, "CHART_SUFF": null, "CHART_TYPE": null, "CHART_CORR": 0.0, "CHART_CO_1": 0.0, "CHART_REVI": null, "CHART_CANC": null, "CHART_INTN": 0.0, "CHART_MAIN": null, "CHART_GENE": null, "CHART_SPEC": null, "CHART_SP_1": null, "PANEL_CHAR": null, "PANEL_CH_1": 1176.0, "PANEL_CH_2": null, "PANEL_IDEN": "1176_1", "PANEL_MAIN": "Newport", "PANEL_GENE": null, "PANEL_MULT": "No", "PANEL_SPEC": null, "PANEL_SP_1": null, "PUBLICAT_1": 0.0, "PUBLICAT_2": null, "PUBLICAT_3": null, "PUBLICAT_4": null, "PUBLICAT_5": null, "GBENC_CELL": null, "GBENC_EDIT": null, "GBENC_FILE": null, "GBENC_ISSU": null, "GBENC_NAVP": null, "GBENC_UPDA": null, "GBENC_UP_1": null, "STATUS": "ASSESS_CLOSED", "STATUS_OP": 26334, "STATUS_DAT": "2026-05-27T00:00:00", "GEO_ID": 2579899, "SHAPE_AREA": 0.0, "SHAPE_LEN": 0.0 }, "geometry": { "type": "Polygon", "coordinates": [ [ [ -3.001289478978066, 51.523803057734852 ], [ -3.001297525648766, 51.591285455642719 ], [ -2.958758801046059, 51.591283443975044 ], [ -2.958761818547572, 51.523806075236365 ], [ -3.001289478978066, 51.523803057734852 ] ] ] } },
{ "type": "Feature", "properties": { "SDOC_ID": 2765151, "SDOC_NAME": "0031_3 C Fowey Harbour", "SOURCE_NAM": "RSDRA2026000212292", "SDT_ID": 1950, "SDT_NAME": "UKHO Chart - Panel", "DATUM": "D_WGS_1984", "CRS_ID": 432627, "CRS_PARAMS": "PROJCS[\"WGS84_Transverse_Mercator\",GEOGCS[\"GCS_WGS_1984\",DATUM[\"D_WGS_1984\",SPHEROID[\"WGS_1984\",6378137.0,298.257223563]],PRIMEM[\"Greenwich\",0.0],UNIT[\"Degree\",0.0174532925199433]],PROJECTION[\"Transverse_Mercator\"],PARAMETER[\"False_Easting\",0.0],PARAMETE", "PUBLICATIO": "2026-06-11T00:00:00", "RECEIPTDAT": "2026-06-01T00:00:00", "UKHOVERSIO": "Current Version", "PRODUCEDBY": "UK Hydrographic Office", "PRODUCED_1": null, "PRODUCED_2": null, "IPROWNER1": "UK Hydrographic Office", "PROTECTIVE": "UNCLASSIFIED", "AUTHORITAT": "Yes", "SUBJECTMAT": null, "SUBJECTM_1": null, "SUBJECTM_2": null, "SUPPLIEDBY": null, "SUPPLIED_1": null, "SUPPLIED_2": null, "SUPPLIED_3": null, "SUPPLIED_4": null, "SCALE": 6250.0, "DEPTHUNITS": "Metres / Metres & Decimals", "SPATIALREF": 0.0, "VALIDATED": "Yes", "CHART_PREF": null, "CHART_NUMB": 0.0, "CHART_SUFF": null, "CHART_TYPE": null, "CHART_CORR": 0.0, "CHART_CO_1": 0.0, "CHART_REVI": null, "CHART_CANC": null, "CHART_INTN": 0.0, "CHART_MAIN": null, "CHART_GENE": null, "CHART_SPEC": null, "CHART_SP_1": null, "PANEL_CHAR": null, "PANEL_CH_1": 31.0, "PANEL_CH_2": null, "PANEL_IDEN": "0031_3", "PANEL_MAIN": "C Fowey Harbour", "PANEL_GENE": null, "PANEL_MULT": "No", "PANEL_SPEC": null, "PANEL_SP_1": null, "PUBLICAT_1": 0.0, "PUBLICAT_2": null, "PUBLICAT_3": null, "PUBLICAT_4": null, "PUBLICAT_5": null, "GBENC_CELL": null, "GBENC_EDIT": null, "GBENC_FILE": null, "GBENC_ISSU": null, "GBENC_NAVP": null, "GBENC_UPDA": null, "GBENC_UP_1": null, "STATUS": "ASSESS_CLOSED", "STATUS_OP": 22743, "STATUS_DAT": "2026-06-01T00:00:00", "GEO_ID": 2745233, "SHAPE_AREA": 0.0, "SHAPE_LEN": 0.0 }, "geometry": { "type": "Polygon", "coordinates": [ [ [ -4.65728324280829, 50.315071414202379 ], [ -4.65728324280829, 50.350470730235372 ], [ -4.611465499899424, 50.350470730235372 ], [ -4.611466505733262, 50.315070408368541 ], [ -4.65728324280829, 50.315071414202379 ] ] ] } },
{ "type": "Feature", "properties": { "SDOC_ID": 2769274, "SDOC_NAME": "1900_0 Whitsand Bay to Yealm Head including Plymouth Sound", "SOURCE_NAM": "RSDRA2026000231650", "SDT_ID": 1950, "SDT_NAME": "UKHO Chart - Panel", "DATUM": "D_WGS_1984", "CRS_ID": 432627, "CRS_PARAMS": "PROJCS[\"WGS84_Transverse_Mercator\",GEOGCS[\"GCS_WGS_1984\",DATUM[\"D_WGS_1984\",SPHEROID[\"WGS_1984\",6378137.0,298.257223563]],PRIMEM[\"Greenwich\",0.0],UNIT[\"Degree\",0.0174532925199433]],PROJECTION[\"Transverse_Mercator\"],PARAMETER[\"False_Easting\",0.0],PARAMETE", "PUBLICATIO": "2023-11-16T00:00:00", "RECEIPTDAT": "2026-06-15T00:00:00", "UKHOVERSIO": "Current Version", "PRODUCEDBY": "UK Hydrographic Office", "PRODUCED_1": "RT1E", "PRODUCED_2": null, "IPROWNER1": "UK Hydrographic Office", "PROTECTIVE": "UNCLASSIFIED", "AUTHORITAT": "Yes", "SUBJECTMAT": null, "SUBJECTM_1": null, "SUBJECTM_2": null, "SUPPLIEDBY": null, "SUPPLIED_1": null, "SUPPLIED_2": null, "SUPPLIED_3": null, "SUPPLIED_4": null, "SCALE": 25000.0, "DEPTHUNITS": "Metres / Metres & Decimals", "SPATIALREF": 0.0, "VALIDATED": "Yes", "CHART_PREF": null, "CHART_NUMB": 0.0, "CHART_SUFF": null, "CHART_TYPE": null, "CHART_CORR": 0.0, "CHART_CO_1": 0.0, "CHART_REVI": null, "CHART_CANC": null, "CHART_INTN": 0.0, "CHART_MAIN": null, "CHART_GENE": null, "CHART_SPEC": null, "CHART_SP_1": null, "PANEL_CHAR": null, "PANEL_CH_1": 1900.0, "PANEL_CH_2": null, "PANEL_IDEN": "1900_0", "PANEL_MAIN": "Whitsand Bay to Yealm Head including Plymouth Sound", "PANEL_GENE": null, "PANEL_MULT": "No", "PANEL_SPEC": null, "PANEL_SP_1": null, "PUBLICAT_1": 0.0, "PUBLICAT_2": null, "PUBLICAT_3": null, "PUBLICAT_4": null, "PUBLICAT_5": null, "GBENC_CELL": null, "GBENC_EDIT": null, "GBENC_FILE": null, "GBENC_ISSU": null, "GBENC_NAVP": null, "GBENC_UPDA": null, "GBENC_UP_1": null, "STATUS": "ASSESS_CLOSED", "STATUS_OP": 3512, "STATUS_DAT": "2026-06-15T00:00:00", "GEO_ID": 2474681, "SHAPE_AREA": 0.0, "SHAPE_LEN": 0.0 }, "geometry": { "type": "Polygon", "coordinates": [ [ [ -4.344494065580363, 50.226732045866015 ], [ -4.344509153087898, 50.370558237779107 ], [ -4.00115670891168, 50.370559243612945 ], [ -4.001163749748542, 50.226733051699853 ], [ -4.344494065580363, 50.226732045866015 ] ] ] } },
{ "type": "Feature", "properties": { "SDOC_ID": 2771212, "SDOC_NAME": "1902_0 Hamoaze", "SOURCE_NAM": "RSDRA2026000242679", "SDT_ID": 1950, "SDT_NAME": "UKHO Chart - Panel", "DATUM": "D_WGS_1984", "CRS_ID": 432627, "CRS_PARAMS": "PROJCS[\"WGS84_Transverse_Mercator\",GEOGCS[\"GCS_WGS_1984\",DATUM[\"D_WGS_1984\",SPHEROID[\"WGS_1984\",6378137.0,298.257223563]],PRIMEM[\"Greenwich\",0.0],UNIT[\"Degree\",0.0174532925199433]],PROJECTION[\"Transverse_Mercator\"],PARAMETER[\"False_Easting\",0.0],PARAMETE", "PUBLICATIO": "2023-02-09T00:00:00", "RECEIPTDAT": "2026-06-19T00:00:00", "UKHOVERSIO": "Current Version", "PRODUCEDBY": "UK Hydrographic Office", "PRODUCED_1": null, "PRODUCED_2": null, "IPROWNER1": "UK Hydrographic Office", "PROTECTIVE": "UNCLASSIFIED", "AUTHORITAT": "Yes", "SUBJECTMAT": null, "SUBJECTM_1": null, "SUBJECTM_2": null, "SUPPLIEDBY": null, "SUPPLIED_1": null, "SUPPLIED_2": null, "SUPPLIED_3": null, "SUPPLIED_4": null, "SCALE": 5000.0, "DEPTHUNITS": "Metres / Metres & Decimals", "SPATIALREF": 0.0, "VALIDATED": "Yes", "CHART_PREF": null, "CHART_NUMB": 0.0, "CHART_SUFF": null, "CHART_TYPE": null, "CHART_CORR": 0.0, "CHART_CO_1": 0.0, "CHART_REVI": null, "CHART_CANC": null, "CHART_INTN": 0.0, "CHART_MAIN": null, "CHART_GENE": null, "CHART_SPEC": null, "CHART_SP_1": null, "PANEL_CHAR": null, "PANEL_CH_1": 1902.0, "PANEL_CH_2": null, "PANEL_IDEN": "1902_0", "PANEL_MAIN": "Hamoaze", "PANEL_GENE": null, "PANEL_MULT": "No", "PANEL_SPEC": null, "PANEL_SP_1": null, "PUBLICAT_1": 0.0, "PUBLICAT_2": null, "PUBLICAT_3": null, "PUBLICAT_4": null, "PUBLICAT_5": null, "GBENC_CELL": null, "GBENC_EDIT": null, "GBENC_FILE": null, "GBENC_ISSU": null, "GBENC_NAVP": null, "GBENC_UPDA": null, "GBENC_UP_1": null, "STATUS": "ASSESS_CLOSED", "STATUS_OP": 20300, "STATUS_DAT": "2026-06-19T00:00:00", "GEO_ID": 2406110, "SHAPE_AREA": 0.0, "SHAPE_LEN": 0.0 }, "geometry": { "type": "Polygon", "coordinates": [ [ [ -4.221438342385824, 50.35514785757394 ], [ -4.221445383222687, 50.400565278615971 ], [ -4.175194125930403, 50.400567290283647 ], [ -4.175186079259703, 50.355149869241615 ], [ -4.188335345001008, 50.355148863407777 ], [ -4.18833433916717, 50.354854154093744 ], [ -4.1916676725005, 50.354856165761419 ], [ -4.191666666666663, 50.355149869241615 ], [ -4.221438342385824, 50.35514785757394 ] ] ] } },
{ "type": "Feature", "properties": { "SDOC_ID": 2776366, "SDOC_NAME": "1267_0 Falmouth to Plymouth", "SOURCE_NAM": "RSDRA2026000268279", "SDT_ID": 1950, "SDT_NAME": "UKHO Chart - Panel", "DATUM": "D_WGS_1984", "CRS_ID": 432612, "CRS_PARAMS": "PROJCS[\"WGS84_Mercator\",GEOGCS[\"GCS_WGS_1984\",DATUM[\"D_WGS_1984\",SPHEROID[\"WGS_1984\",6378137.0,298.257223563]],PRIMEM[\"Greenwich\",0.0],UNIT[\"Degree\",0.0174532925199433]],PROJECTION[\"Mercator\"],PARAMETER[\"False_Easting\",0.0],PARAMETER[\"False_Northing\",0.0", "PUBLICATIO": "2023-11-16T00:00:00", "RECEIPTDAT": "2026-07-07T00:00:00", "UKHOVERSIO": "Current Version", "PRODUCEDBY": "UK Hydrographic Office", "PRODUCED_1": null, "PRODUCED_2": null, "IPROWNER1": "UK Hydrographic Office", "PROTECTIVE": "UNCLASSIFIED", "AUTHORITAT": "Yes", "SUBJECTMAT": null, "SUBJECTM_1": null, "SUBJECTM_2": null, "SUPPLIEDBY": null, "SUPPLIED_1": null, "SUPPLIED_2": null, "SUPPLIED_3": null, "SUPPLIED_4": null, "SCALE": 75000.0, "DEPTHUNITS": "Metres / Metres & Decimals", "SPATIALREF": 0.0, "VALIDATED": "Yes", "CHART_PREF": null, "CHART_NUMB": 0.0, "CHART_SUFF": null, "CHART_TYPE": null, "CHART_CORR": 0.0, "CHART_CO_1": 0.0, "CHART_REVI": null, "CHART_CANC": null, "CHART_INTN": 0.0, "CHART_MAIN": null, "CHART_GENE": null, "CHART_SPEC": null, "CHART_SP_1": null, "PANEL_CHAR": null, "PANEL_CH_1": 1267.0, "PANEL_CH_2": null, "PANEL_IDEN": "1267_0", "PANEL_MAIN": "Falmouth to Plymouth", "PANEL_GENE": null, "PANEL_MULT": "No", "PANEL_SPEC": null, "PANEL_SP_1": null, "PUBLICAT_1": 0.0, "PUBLICAT_2": null, "PUBLICAT_3": null, "PUBLICAT_4": null, "PUBLICAT_5": null, "GBENC_CELL": null, "GBENC_EDIT": null, "GBENC_FILE": null, "GBENC_ISSU": null, "GBENC_NAVP": null, "GBENC_UPDA": null, "GBENC_UP_1": null, "STATUS": "ASSESS_CLOSED", "STATUS_OP": 22743, "STATUS_DAT": "2026-07-07T00:00:00", "GEO_ID": 2474640, "SHAPE_AREA": 0.0, "SHAPE_LEN": 0.0 }, "geometry": { "type": "Polygon", "coordinates": [ [ [ -5.101089318044671, 49.983932810299734 ], [ -5.101095353047668, 50.003840273586803 ], [ -5.105742305371166, 50.00381613357473 ], [ -5.105742305371166, 50.010007040836854 ], [ -5.101088312210834, 50.010012070006042 ], [ -5.101073224703271, 50.411404144035401 ], [ -4.022877690605526, 50.411396097364729 ], [ -4.022881713940848, 49.983926775296709 ], [ -5.101089318044671, 49.983932810299734 ] ] ] } },
{ "type": "Feature", "properties": { "SDOC_ID": 2779296, "SDOC_NAME": "1967_1 River Plym", "SOURCE_NAM": "RSDRA2026000281812", "SDT_ID": 1950, "SDT_NAME": "UKHO Chart - Panel", "DATUM": "D_WGS_1984", "CRS_ID": 432627, "CRS_PARAMS": "PROJCS[\"WGS84_Transverse_Mercator\",GEOGCS[\"GCS_WGS_1984\",DATUM[\"D_WGS_1984\",SPHEROID[\"WGS_1984\",6378137.0,298.257223563]],PRIMEM[\"Greenwich\",0.0],UNIT[\"Degree\",0.0174532925199433]],PROJECTION[\"Transverse_Mercator\"],PARAMETER[\"False_Easting\",0.0],PARAMETE", "PUBLICATIO": "2026-07-23T00:00:00", "RECEIPTDAT": "2026-07-14T00:00:00", "UKHOVERSIO": "Current Version", "PRODUCEDBY": "UK Hydrographic Office", "PRODUCED_1": null, "PRODUCED_2": null, "IPROWNER1": "UK Hydrographic Office", "PROTECTIVE": "UNCLASSIFIED", "AUTHORITAT": "Yes", "SUBJECTMAT": null, "SUBJECTM_1": null, "SUBJECTM_2": null, "SUPPLIEDBY": null, "SUPPLIED_1": null, "SUPPLIED_2": null, "SUPPLIED_3": null, "SUPPLIED_4": null, "SCALE": 15000.0, "DEPTHUNITS": "Metres / Metres & Decimals", "SPATIALREF": 0.0, "VALIDATED": "Yes", "CHART_PREF": null, "CHART_NUMB": 0.0, "CHART_SUFF": null, "CHART_TYPE": null, "CHART_CORR": 0.0, "CHART_CO_1": 0.0, "CHART_REVI": null, "CHART_CANC": null, "CHART_INTN": 0.0, "CHART_MAIN": null, "CHART_GENE": null, "CHART_SPEC": null, "CHART_SP_1": null, "PANEL_CHAR": null, "PANEL_CH_1": 1967.0, "PANEL_CH_2": null, "PANEL_IDEN": "1967_1", "PANEL_MAIN": "River Plym", "PANEL_GENE": null, "PANEL_MULT": "No", "PANEL_SPEC": null, "PANEL_SP_1": null, "PUBLICAT_1": 0.0, "PUBLICAT_2": null, "PUBLICAT_3": null, "PUBLICAT_4": null, "PUBLICAT_5": null, "GBENC_CELL": null, "GBENC_EDIT": null, "GBENC_FILE": null, "GBENC_ISSU": null, "GBENC_NAVP": null, "GBENC_UPDA": null, "GBENC_UP_1": null, "STATUS": "ASSESS_CLOSED", "STATUS_OP": 26334, "STATUS_DAT": "2026-07-14T00:00:00", "GEO_ID": 2759378, "SHAPE_AREA": 0.0, "SHAPE_LEN": 0.0 }, "geometry": { "type": "Polygon", "coordinates": [ [ [ -4.111332729833038, 50.367234962784153 ], [ -4.111332729833038, 50.390173003419847 ], [ -4.081810500905249, 50.390173003419847 ], [ -4.081813518406761, 50.367233956950315 ], [ -4.111332729833038, 50.367234962784153 ] ] ] } }
]
}
